dong_csv,thanh_pham,ten_vat_tu,ma_excel,dvt,dinh_muc,ly_do
22,RAY HỘP TD U76,Ron nhựa/lông cạnh ray,RNHUA/LONG-CR,M,,ĐM để trống — cấu phần tính theo công thức hình học
23,RAY HỘP TD U76,Ron nhựa đáy ray,RNHUA-DR,M,,ĐM để trống — cấu phần tính theo công thức hình học
24,RAY HỘP TD U76,Ron inox đáy ray,RNINOX-DR,M,,ĐM để trống — cấu phần tính theo công thức hình học
26,RAY ĐƠN TD U76,Ron nhựa/lông cạnh ray,RNHUA/LONG-CR,M,,ĐM để trống — cấu phần tính theo công thức hình học
27,RAY ĐƠN TD U76,Ron nhựa đáy ray,RNHUA-DR,M,,ĐM để trống — cấu phần tính theo công thức hình học
28,RAY ĐƠN TD U76,Ron inox đáy ray,RNINOX-DR,M,,ĐM để trống — cấu phần tính theo công thức hình học
30,RAY HỘP TD U100,Ron nhựa/lông cạnh ray,RNHUA/LONG-CR,M,,ĐM để trống — cấu phần tính theo công thức hình học
31,RAY HỘP TD U100,Ron nhựa đáy ray,RNHUA-DR,M,,ĐM để trống — cấu phần tính theo công thức hình học
32,RAY HỘP TD U100,Ron inox đáy ray,RNINOX-DR,M,,ĐM để trống — cấu phần tính theo công thức hình học
35,ĐỨC AL595 - GS,Lá đầu (kg) + Bộ 03 lá đáy (kg),NVL-LD-3LD,KG,0,ĐM = 0 — cấu phần tính theo công thức hình học
36,ĐỨC AL595 - GS,Lá ruột (kg) AL595 GS,NVL-AL595-GS,KG,0,ĐM = 0 — cấu phần tính theo công thức hình học
37,ĐỨC AL595 - GS,Ron đáy đức,RON-DD,KG/M,0.117,"ĐVT ""KG/M"" — chưa rõ theo chiều CAO hay RỘNG"
38,ĐỨC AL595 - GS,BỌ 1VIS 503N-71-595,NVL-BO1VIS-503N-71-595,KG,0.1179,"THÀNH PHẨM ""ĐỨC AL595 - GS"" (TD-AL595 GS) chưa tra ra mã D1 [mohho]"
39,ĐỨC AL595 - GS,Vis,NVL-VIS,KG,0.0204,"THÀNH PHẨM ""ĐỨC AL595 - GS"" (TD-AL595 GS) chưa tra ra mã D1 [mohho]"
40,ĐỨC AL595 - GS,Lông nheo nhỏ,NVL-PHOTLONG4X5,M,0.190404,"ĐVT ""M"" — chưa rõ theo chiều CAO hay RỘNG"
41,ĐỨC AL595 - GS,Puly đen cuộn cửa,NVL-PULY-DEN,CÁI,1.0,"THÀNH PHẨM ""ĐỨC AL595 - GS"" (TD-AL595 GS) chưa tra ra mã D1 [mohho]"
43,LÁ ĐẦU,Lá đầu (kg) + Bộ 03 lá đáy (kg),NVL-LD-3LD,KG/M,0.452,vật tư KHÔNG tra ra mã trong danh mục D1
45,LÁ YẾM,Lá đầu (kg) + Bộ 03 lá đáy (kg),NVL-LD-3LD,KG/M,0,ĐM = 0 — cấu phần tính theo công thức hình học
47,LÁ TRUNG GIAN,Lá đầu (kg) + Bộ 03 lá đáy (kg),NVL-LD-3LD,KG/M,0,ĐM = 0 — cấu phần tính theo công thức hình học
49,LÁ ĐÁY LỚN,Lá đầu (kg) + Bộ 03 lá đáy (kg),NVL-LD-3LD,KG/M,0,ĐM = 0 — cấu phần tính theo công thức hình học
51,BỘ BA LÁ ĐÁY,Lá đầu (kg) + Bộ 03 lá đáy (kg),NVL-LD-3LD,KG/M,0,ĐM = 0 — cấu phần tính theo công thức hình học
55,RON ĐÁY ĐỨC,Ron đáy đức,RON-DD,KG/M,0.117,"ĐVT ""KG/M"" — chưa rõ theo chiều CAO hay RỘNG"
57,RON NHỰA + INOX,Ron nhựa đáy ray,RNHUA-DR,KG/M,0.101,"ĐVT ""KG/M"" — chưa rõ theo chiều CAO hay RỘNG"
58,RON NHỰA + INOX,Ron inox đáy ray,RNINOX-DR,KG/M,0.124,"ĐVT ""KG/M"" — chưa rõ theo chiều CAO hay RỘNG"
65,ĐỨC AL595 - VK,Lá đầu (kg) + Bộ 03 lá đáy (kg),NVL-LD-3LD,KG/M2,0,ĐM = 0 — cấu phần tính theo công thức hình học
66,ĐỨC AL595 - VK,Lá ruột (kg) AL595 VK,NVL-AL595-VK,KG/M2,0,ĐM = 0 — cấu phần tính theo công thức hình học
67,ĐỨC AL595 - VK,Ron đáy đức,RON-DD,KG/M,0.117,"ĐVT ""KG/M"" — chưa rõ theo chiều CAO hay RỘNG"
68,ĐỨC AL595 - VK,BỌ 1VIS 503N-71-595,NVL-BO1VIS-503N-71-595,KG/CON,0.1179,"THÀNH PHẨM ""ĐỨC AL595 - VK"" (TP-TD-AL595 VK) chưa tra ra mã D1 [mohho]"
69,ĐỨC AL595 - VK,Vis,NVL-VIS,KG,0.0204,"THÀNH PHẨM ""ĐỨC AL595 - VK"" (TP-TD-AL595 VK) chưa tra ra mã D1 [mohho]"
70,ĐỨC AL595 - VK,Lông nheo nhỏ,NVL-PHOTLONG4X5,M,5.1,"ĐVT ""M"" — chưa rõ theo chiều CAO hay RỘNG"
71,ĐỨC AL595 - VK,Puly đen cuộn cửa,NVL-PULY-DEN,CÁI,0.5,"THÀNH PHẨM ""ĐỨC AL595 - VK"" (TP-TD-AL595 VK) chưa tra ra mã D1 [mohho]"
73,ĐỨC AL595 - MSK,Lá đầu (kg) + Bộ 03 lá đáy (kg),NVL-LD-3LD,KG/M2,0,ĐM = 0 — cấu phần tính theo công thức hình học
74,ĐỨC AL595 - MSK,Lá ruột (kg) AL595 MSK,NVL_TDAL595THO,KG/M2,0,ĐM = 0 — cấu phần tính theo công thức hình học
75,ĐỨC AL595 - MSK,Ron đáy đức,RON-DD,KG/M,0.117,"ĐVT ""KG/M"" — chưa rõ theo chiều CAO hay RỘNG"
76,ĐỨC AL595 - MSK,BỌ 1VIS 503N-71-595,NVL-BO1VIS-503N-71-595,KG,0.1179,"THÀNH PHẨM ""ĐỨC AL595 - MSK"" (TP-TD-AL595 THÔ) chưa tra ra mã D1 [mohho]"
77,ĐỨC AL595 - MSK,Vis,NVL-VIS,KG,0.0204,"THÀNH PHẨM ""ĐỨC AL595 - MSK"" (TP-TD-AL595 THÔ) chưa tra ra mã D1 [mohho]"
78,ĐỨC AL595 - MSK,Lông nheo nhỏ,NVL-PHOTLONG4X5,M,5.1,"ĐVT ""M"" — chưa rõ theo chiều CAO hay RỘNG"
79,ĐỨC AL595 - MSK,Puly đen cuộn cửa,NVL-PULY-DEN,CÁI,0.5,"THÀNH PHẨM ""ĐỨC AL595 - MSK"" (TP-TD-AL595 THÔ) chưa tra ra mã D1 [mohho]"
81,ĐỨC AL70 (2 LỚP) - MSK,Lá đầu (kg) + Bộ 03 lá đáy (kg),NVL-LD-3LD-MSK,KG/M2,0,ĐM = 0 — cấu phần tính theo công thức hình học
82,ĐỨC AL70 (2 LỚP) - MSK,Lá ruột (kg) AL70 (2 LỚP) MSK,NVL-TDAL70THO,KG/M2,0,ĐM = 0 — cấu phần tính theo công thức hình học
83,ĐỨC AL70 (2 LỚP) - MSK,Ron đáy đức,RON-DD,KG/M,0.117,"ĐVT ""KG/M"" — chưa rõ theo chiều CAO hay RỘNG"
84,ĐỨC AL70 (2 LỚP) - MSK,BỌ 1VIS AL70,NVL-BO1VIS AL70,KG,0.00927,vật tư MƠ HỒ — cần chủ xưởng chốt mã
85,ĐỨC AL70 (2 LỚP) - MSK,Vis,NVL-VIS,KG,0.0168,"THÀNH PHẨM ""ĐỨC AL70 (2 LỚP) - MSK"" (TP-TD-AL70 THÔ) chưa tra ra mã D1 [mohho]"
86,ĐỨC AL70 (2 LỚP) - MSK,Puly đen cuộn cửa,NVL-PULY-DEN,CÁI,0.5,"THÀNH PHẨM ""ĐỨC AL70 (2 LỚP) - MSK"" (TP-TD-AL70 THÔ) chưa tra ra mã D1 [mohho]"
88,ĐỨC AL70 (2 LỚP) - GS,Lá đầu (kg) + Bộ 03 lá đáy (kg),NVL-LD-3LD,KG/M2,0,ĐM = 0 — cấu phần tính theo công thức hình học
89,ĐỨC AL70 (2 LỚP) - GS,Lá ruột (kg) AL70 (2 LỚP) GS,NVL-TDAL70GS,KG/M2,0,ĐM = 0 — cấu phần tính theo công thức hình học
90,ĐỨC AL70 (2 LỚP) - GS,Ron đáy đức,RON-DD,KG/M,0.117,"ĐVT ""KG/M"" — chưa rõ theo chiều CAO hay RỘNG"
91,ĐỨC AL70 (2 LỚP) - GS,BỌ 1VIS AL70,NVL-BO1VIS AL70,KG,0.00927,vật tư MƠ HỒ — cần chủ xưởng chốt mã
92,ĐỨC AL70 (2 LỚP) - GS,Vis,NVL-VIS,KG,0.0168,"THÀNH PHẨM ""ĐỨC AL70 (2 LỚP) - GS"" (TP-TD-AL70 GS) chưa tra ra mã D1 [mohho]"
93,ĐỨC AL70 (2 LỚP) - GS,Puly đen cuộn cửa,NVL-PULY-DEN,CÁI,0.5,"THÀNH PHẨM ""ĐỨC AL70 (2 LỚP) - GS"" (TP-TD-AL70 GS) chưa tra ra mã D1 [mohho]"
95,ĐỨC AL70 (2 LỚP) - VK,Lá đầu (kg) + Bộ 03 lá đáy (kg),NVL-LD-3LD,KG/M2,0,ĐM = 0 — cấu phần tính theo công thức hình học
96,ĐỨC AL70 (2 LỚP) - VK,Lá ruột (kg) AL70 (1 LỚP) VK,NVL-TDAL70VK,KG/M2,0,ĐM = 0 — cấu phần tính theo công thức hình học
97,ĐỨC AL70 (2 LỚP) - VK,Ron đáy đức,RON-DD,KG/M,0.117,"ĐVT ""KG/M"" — chưa rõ theo chiều CAO hay RỘNG"
98,ĐỨC AL70 (2 LỚP) - VK,BỌ 1VIS AL70_2LOP,NVL-BO1VIS AL70_2LOP,KG,0.00927,"THÀNH PHẨM ""ĐỨC AL70 (2 LỚP) - VK"" (TP-TD-AL70 VK) chưa tra ra mã D1 [mohho]"
99,ĐỨC AL70 (2 LỚP) - VK,Vis,NVL-VIS,KG,0.0168,"THÀNH PHẨM ""ĐỨC AL70 (2 LỚP) - VK"" (TP-TD-AL70 VK) chưa tra ra mã D1 [mohho]"
100,ĐỨC AL70 (2 LỚP) - VK,Puly đen cuộn cửa,NVL-PULY-DEN,CÁI,0.5,"THÀNH PHẨM ""ĐỨC AL70 (2 LỚP) - VK"" (TP-TD-AL70 VK) chưa tra ra mã D1 [mohho]"
102,ĐỨC AL70 (1 LỚP) - MSK,Lá đầu (kg) + Bộ 03 lá đáy (kg),NVL-LD-3LD,KG/M2,0,ĐM = 0 — cấu phần tính theo công thức hình học
103,ĐỨC AL70 (1 LỚP) - MSK,Lá ruột (kg) AL70 (1 LỚP) MSK,NVL-AL701LOPTHO,KG/M2,0,ĐM = 0 — cấu phần tính theo công thức hình học
104,ĐỨC AL70 (1 LỚP) - MSK,Ron đáy đức,RON-DD,KG/M,0.117,"ĐVT ""KG/M"" — chưa rõ theo chiều CAO hay RỘNG"
105,ĐỨC AL70 (1 LỚP) - MSK,BỌ 1VIS AL70_1LOP,NVL-BO1VIS AL70_1LOP,KG,0.066,"THÀNH PHẨM ""ĐỨC AL70 (1 LỚP) - MSK"" (TP-AL70-1LOP THÔ) chưa tra ra mã D1 [mohho]"
106,ĐỨC AL70 (1 LỚP) - MSK,Vis,NVL-VIS,KG,0.0341,"THÀNH PHẨM ""ĐỨC AL70 (1 LỚP) - MSK"" (TP-AL70-1LOP THÔ) chưa tra ra mã D1 [mohho]"
107,ĐỨC AL70 (1 LỚP) - MSK,Puly đen cuộn cửa,NVL-PULY-DEN,CÁI,0.5,"THÀNH PHẨM ""ĐỨC AL70 (1 LỚP) - MSK"" (TP-AL70-1LOP THÔ) chưa tra ra mã D1 [mohho]"
109,ĐỨC AL71N - MSK,Lá đầu (kg) + Bộ 03 lá đáy (kg),NVL-LD-3LD,KG/M2,0,ĐM = 0 — cấu phần tính theo công thức hình học
110,ĐỨC AL71N - MSK,Lá ruột (kg) AL71N MSK,NVL-TD-AL71NTHO,KG/M2,0,ĐM = 0 — cấu phần tính theo công thức hình học
111,ĐỨC AL71N - MSK,Ron đáy đức,RON-DD,KG/M,0.117,"ĐVT ""KG/M"" — chưa rõ theo chiều CAO hay RỘNG"
112,ĐỨC AL71N - MSK,BỌ 1VIS AL71,NVL-BO1VIS AL71,KG,0.1179,vật tư MƠ HỒ — cần chủ xưởng chốt mã
113,ĐỨC AL71N - MSK,Vis,NVL-VIS,KG,0.0204,"THÀNH PHẨM ""ĐỨC AL71N - MSK"" (TP-TD-AL71N THÔ) chưa tra ra mã D1 [mohho]"
114,ĐỨC AL71N - MSK,Puly đen cuộn cửa,NVL-PULY-DEN,CÁI,0.5,"THÀNH PHẨM ""ĐỨC AL71N - MSK"" (TP-TD-AL71N THÔ) chưa tra ra mã D1 [mohho]"
115,ĐỨC AL71N - MSK,Lông nheo nhỏ,NVL-PHOTLONG4X5,M,6.0,"ĐVT ""M"" — chưa rõ theo chiều CAO hay RỘNG"
117,ĐỨC AL71N - GS,Lá đầu (kg) + Bộ 03 lá đáy (kg),NVL-LD-3LD,KG/M2,0,ĐM = 0 — cấu phần tính theo công thức hình học
118,ĐỨC AL71N - GS,Lá ruột (kg) AL71N GS,NVL-TD-AL71N GS,KG/M2,0,ĐM = 0 — cấu phần tính theo công thức hình học
119,ĐỨC AL71N - GS,Ron đáy đức,RON-DD,KG/M,0.117,"ĐVT ""KG/M"" — chưa rõ theo chiều CAO hay RỘNG"
120,ĐỨC AL71N - GS,BỌ 1VIS 503N-71-595,NVL-BO1VIS-503N-71-595,KG,0.1179,"THÀNH PHẨM ""ĐỨC AL71N - GS"" (TP-TD-AL71N GS) chưa tra ra mã D1 [mohho]"
121,ĐỨC AL71N - GS,Vis,NVL-VIS,KG,0.0204,"THÀNH PHẨM ""ĐỨC AL71N - GS"" (TP-TD-AL71N GS) chưa tra ra mã D1 [mohho]"
122,ĐỨC AL71N - GS,Puly đen cuộn cửa,NVL-PULY-DEN,CÁI,0.5,"THÀNH PHẨM ""ĐỨC AL71N - GS"" (TP-TD-AL71N GS) chưa tra ra mã D1 [mohho]"
123,ĐỨC AL71N - GS,Lông nheo nhỏ,NVL-PHOTLONG4X5,M,5.1,"ĐVT ""M"" — chưa rõ theo chiều CAO hay RỘNG"
125,ĐỨC AL71N - VK,Lá đầu (kg) + Bộ 03 lá đáy (kg),NVL-LD-3LD,KG/M2,0,ĐM = 0 — cấu phần tính theo công thức hình học
126,ĐỨC AL71N - VK,Lá ruột (kg) AL71N VK,NVL-TD-AL71N VK,KG/M2,0,ĐM = 0 — cấu phần tính theo công thức hình học
127,ĐỨC AL71N - VK,Ron đáy đức,RON-DD,KG/M,0.117,"ĐVT ""KG/M"" — chưa rõ theo chiều CAO hay RỘNG"
128,ĐỨC AL71N - VK,BỌ 1VIS 503N-71-595,NVL-BO1VIS-503N-71-595,KG,0.1179,"THÀNH PHẨM ""ĐỨC AL71N - VK"" (TP-TD-AL71N VK) chưa tra ra mã D1 [mohho]"
129,ĐỨC AL71N - VK,Vis,NVL-VIS,KG,0.0204,"THÀNH PHẨM ""ĐỨC AL71N - VK"" (TP-TD-AL71N VK) chưa tra ra mã D1 [mohho]"
130,ĐỨC AL71N - VK,Puly đen cuộn cửa,NVL-PULY-DEN,CÁI,0.5,"THÀNH PHẨM ""ĐỨC AL71N - VK"" (TP-TD-AL71N VK) chưa tra ra mã D1 [mohho]"
131,ĐỨC AL71N - VK,Lông nheo nhỏ,NVL-PHOTLONG4X5,M,5.1,"ĐVT ""M"" — chưa rõ theo chiều CAO hay RỘNG"
133,ĐỨC AL503N - VK,Lá đầu (kg) + Bộ 03 lá đáy (kg),NVL-LD-3LD,KG/M2,0,ĐM = 0 — cấu phần tính theo công thức hình học
134,ĐỨC AL503N - VK,Lá ruột (kg) AL503N VK,NVL-TD-AL503N26 VK,KG/M2,0,ĐM = 0 — cấu phần tính theo công thức hình học
135,ĐỨC AL503N - VK,Ron đáy đức,RON-DD,KG/M,0.117,"ĐVT ""KG/M"" — chưa rõ theo chiều CAO hay RỘNG"
136,ĐỨC AL503N - VK,BỌ 1VIS 503N-71-595,NVL-BO1VIS-503N-71-595,KG,0.1198,"THÀNH PHẨM ""ĐỨC AL503N - VK"" (TP-TD-AL503N26 VK) chưa tra ra mã D1 [mohho]"
137,ĐỨC AL503N - VK,Vis,NVL-VIS,KG,0.022,"THÀNH PHẨM ""ĐỨC AL503N - VK"" (TP-TD-AL503N26 VK) chưa tra ra mã D1 [mohho]"
138,ĐỨC AL503N - VK,Puly đen (cái),NVL-PULY-DEN,CÁI,0.5,vật tư MƠ HỒ — cần chủ xưởng chốt mã
139,ĐỨC AL503N - VK,Lông nheo nhỏ,NVL-PHOTLONG4X5,M,5.1,"ĐVT ""M"" — chưa rõ theo chiều CAO hay RỘNG"
141,ĐỨC AL503N - GS,Lá đầu (kg) + Bộ 03 lá đáy (kg),NVL-LD-3LD,KG/M2,0,ĐM = 0 — cấu phần tính theo công thức hình học
142,ĐỨC AL503N - GS,Lá ruột (kg) AL503N GS,NVL-TD-AL503N26 GS,KG/M2,0,ĐM = 0 — cấu phần tính theo công thức hình học
143,ĐỨC AL503N - GS,Ron đáy đức,RON-DD,KG/M,0.117,"ĐVT ""KG/M"" — chưa rõ theo chiều CAO hay RỘNG"
144,ĐỨC AL503N - GS,BỌ 1VIS 503N-71-595,NVL-BO1VIS-503N-71-595,KG,0.1198,"THÀNH PHẨM ""ĐỨC AL503N - GS"" (TP-TD-AL503N26 GS) chưa tra ra mã D1 [mohho]"
145,ĐỨC AL503N - GS,Vis,NVL-VIS,KG,0.022,"THÀNH PHẨM ""ĐỨC AL503N - GS"" (TP-TD-AL503N26 GS) chưa tra ra mã D1 [mohho]"
146,ĐỨC AL503N - GS,Puly đen cuộn cửa,NVL-PULY-DEN,CÁI,0.5,"THÀNH PHẨM ""ĐỨC AL503N - GS"" (TP-TD-AL503N26 GS) chưa tra ra mã D1 [mohho]"
147,ĐỨC AL503N - GS,Lông nheo nhỏ,NVL-PHOTLONG4X5,M,5.1,"ĐVT ""M"" — chưa rõ theo chiều CAO hay RỘNG"
149,ĐỨC AL503N - MSK,Lá đầu (kg) + Bộ 03 lá đáy (kg),NVL-LD-3LD,KG/M2,0,ĐM = 0 — cấu phần tính theo công thức hình học
150,ĐỨC AL503N - MSK,Lá ruột (kg) AL503N MSK,NVL-TD-AL503N26THO,KG/M2,0,ĐM = 0 — cấu phần tính theo công thức hình học
151,ĐỨC AL503N - MSK,Ron đáy đức,RON-DD,KG/M,0.117,"ĐVT ""KG/M"" — chưa rõ theo chiều CAO hay RỘNG"
152,ĐỨC AL503N - MSK,BỌ 1VIS 503N-71-595,NVL-BO1VIS-503N-71-595,KG,0.1198,"THÀNH PHẨM ""ĐỨC AL503N - MSK"" (TP-TD-AL503N26 THO) chưa tra ra mã D1 [mohho]"
153,ĐỨC AL503N - MSK,Vis,NVL-VIS,KG,0.022,"THÀNH PHẨM ""ĐỨC AL503N - MSK"" (TP-TD-AL503N26 THO) chưa tra ra mã D1 [mohho]"
154,ĐỨC AL503N - MSK,Puly đen cuộn cửa,NVL-PULY-DEN,CÁI,0.5,"THÀNH PHẨM ""ĐỨC AL503N - MSK"" (TP-TD-AL503N26 THO) chưa tra ra mã D1 [mohho]"
155,ĐỨC AL503N - MSK,Lông nheo nhỏ,NVL-PHOTLONG4X5,M,5.1,"ĐVT ""M"" — chưa rõ theo chiều CAO hay RỘNG"
157,ĐỨC AL548N - MSK,Lá đầu (kg) + Bộ 03 lá đáy (kg),NVL-LD-3LD,KG/M2,0,ĐM = 0 — cấu phần tính theo công thức hình học
158,ĐỨC AL548N - MSK,Lá ruột (kg) AL548N GS,NVL-TD-AL548N GS,KG/M2,0,ĐM = 0 — cấu phần tính theo công thức hình học
159,ĐỨC AL548N - MSK,Ron đáy đức,RON-DD,KG/M,0.117,"ĐVT ""KG/M"" — chưa rõ theo chiều CAO hay RỘNG"
160,ĐỨC AL548N - MSK,BỌ 2VIS AL50-VIP50-AL548-ST500,NVL-BO2VIS-AL50-VIP50-AL548-ST500,KG,0.116,"THÀNH PHẨM ""ĐỨC AL548N - MSK"" (TP-ALD-548N GS) chưa tra ra mã D1 [mohho]"
161,ĐỨC AL548N - MSK,Vis,NVL-VIS,KG,0.0433,"THÀNH PHẨM ""ĐỨC AL548N - MSK"" (TP-ALD-548N GS) chưa tra ra mã D1 [mohho]"
162,ĐỨC AL548N - MSK,Puly đen cuộn cửa,NVL-PULY-DEN,CÁI,0.5,"THÀNH PHẨM ""ĐỨC AL548N - MSK"" (TP-ALD-548N GS) chưa tra ra mã D1 [mohho]"
163,ĐỨC AL548N - MSK,Lông nheo nhỏ,NVL-PHOTLONG4X5,M,6.2,"ĐVT ""M"" — chưa rõ theo chiều CAO hay RỘNG"
165,ĐỨC AL548N - MSK,Lá đầu (kg) + Bộ 03 lá đáy (kg),NVL-LD-3LD,KG/M2,0,ĐM = 0 — cấu phần tính theo công thức hình học
166,ĐỨC AL548N - MSK,Lá ruột (kg) AL548N MSK,NVL-TD-AL548NTHO,KG/M2,0,ĐM = 0 — cấu phần tính theo công thức hình học
167,ĐỨC AL548N - MSK,Ron đáy đức,RON-DD,KG/M,0.117,"ĐVT ""KG/M"" — chưa rõ theo chiều CAO hay RỘNG"
168,ĐỨC AL548N - MSK,BỌ 2VIS AL50-VIP50-AL548-ST500,NVL-BO2VIS-AL50-VIP50-AL548-ST500,KG,0.116,"THÀNH PHẨM ""ĐỨC AL548N - MSK"" (TP-ALD-548N THO) chưa tra ra mã D1 [mohho]"
169,ĐỨC AL548N - MSK,Vis,NVL-VIS,KG,0.0433,"THÀNH PHẨM ""ĐỨC AL548N - MSK"" (TP-ALD-548N THO) chưa tra ra mã D1 [mohho]"
170,ĐỨC AL548N - MSK,Puly đen cuộn cửa,NVL-PULY-DEN,CÁI,0.5,"THÀNH PHẨM ""ĐỨC AL548N - MSK"" (TP-ALD-548N THO) chưa tra ra mã D1 [mohho]"
171,ĐỨC AL548N - MSK,Lông nheo nhỏ,NVL-PHOTLONG4X5,M2,6.2,"THÀNH PHẨM ""ĐỨC AL548N - MSK"" (TP-ALD-548N THO) chưa tra ra mã D1 [mohho]"
173,ĐỨC AL548N - VK,Lá đầu (kg) + Bộ 03 lá đáy (kg),NVL-LD-3LD,KG/M2,0,ĐM = 0 — cấu phần tính theo công thức hình học
174,ĐỨC AL548N - VK,Lá ruột (kg) AL548N VK,NVL-TD-AL548N VK,KG/M2,0,ĐM = 0 — cấu phần tính theo công thức hình học
175,ĐỨC AL548N - VK,Ron đáy đức,RON-DD,KG/M,0.117,"ĐVT ""KG/M"" — chưa rõ theo chiều CAO hay RỘNG"
176,ĐỨC AL548N - VK,BỌ 2VIS AL50-VIP50-AL548-ST500,NVL-BO2VIS-AL50-VIP50-AL548-ST500,KG,0.116,"THÀNH PHẨM ""ĐỨC AL548N - VK"" (TP-ALD-548N VK) chưa tra ra mã D1 [mohho]"
177,ĐỨC AL548N - VK,Vis,NVL-VIS,KG,0.0433,"THÀNH PHẨM ""ĐỨC AL548N - VK"" (TP-ALD-548N VK) chưa tra ra mã D1 [mohho]"
178,ĐỨC AL548N - VK,Puly đen cuộn cửa,NVL-PULY-DEN,CÁI,0.5,"THÀNH PHẨM ""ĐỨC AL548N - VK"" (TP-ALD-548N VK) chưa tra ra mã D1 [mohho]"
179,ĐỨC AL548N - VK,Lông nheo nhỏ,NVL-PHOTLONG4X5,M,6.2,"ĐVT ""M"" — chưa rõ theo chiều CAO hay RỘNG"
181,ĐỨC AL501N- VK,Lá đầu (kg) + Bộ 03 lá đáy (kg),NVL-LD-3LD,KG/M2,0,ĐM = 0 — cấu phần tính theo công thức hình học
182,ĐỨC AL501N- VK,Lá ruột (kg) AL501N VK,NVL-TD-AL501N VK,KG/M2,0,ĐM = 0 — cấu phần tính theo công thức hình học
183,ĐỨC AL501N- VK,Ron đáy đức,RON-DD,KG/M,0.117,"ĐVT ""KG/M"" — chưa rõ theo chiều CAO hay RỘNG"
184,ĐỨC AL501N- VK,BỌ 2VIS 501-552,NVL-BO2VIS-501-552,KG,0.11,"THÀNH PHẨM ""ĐỨC AL501N- VK"" (TP-TD-AL501N VK) chưa tra ra mã D1 [mohho]"
185,ĐỨC AL501N- VK,Vis,NVL-VIS,KG,0.0409,"THÀNH PHẨM ""ĐỨC AL501N- VK"" (TP-TD-AL501N VK) chưa tra ra mã D1 [mohho]"
186,ĐỨC AL501N- VK,Puly đen cuộn cửa,NVL-PULY-DEN,CÁI,0.5,"THÀNH PHẨM ""ĐỨC AL501N- VK"" (TP-TD-AL501N VK) chưa tra ra mã D1 [mohho]"
187,ĐỨC AL501N- VK,Lông nheo nhỏ,NVL-PHOTLONG4X5,M,6.8,"ĐVT ""M"" — chưa rõ theo chiều CAO hay RỘNG"
189,ĐỨC AL501N- GS,Lá đầu (kg) + Bộ 03 lá đáy (kg),NVL-LD-3LD,KG/M2,0,ĐM = 0 — cấu phần tính theo công thức hình học
190,ĐỨC AL501N- GS,Lá ruột (kg) AL501N GS,NVL-TD-AL501N GS,KG/M2,0,ĐM = 0 — cấu phần tính theo công thức hình học
191,ĐỨC AL501N- GS,Ron đáy đức,RON-DD,KG/M,0.117,"ĐVT ""KG/M"" — chưa rõ theo chiều CAO hay RỘNG"
192,ĐỨC AL501N- GS,BỌ 2VIS 501-552,NVL-BO2VIS-501-552,KG,0.11,"THÀNH PHẨM ""ĐỨC AL501N- GS"" (TP-TD-AL501N GS) chưa tra ra mã D1 [mohho]"
193,ĐỨC AL501N- GS,Vis,NVL-VIS,KG,0.0409,"THÀNH PHẨM ""ĐỨC AL501N- GS"" (TP-TD-AL501N GS) chưa tra ra mã D1 [mohho]"
194,ĐỨC AL501N- GS,Puly đen cuộn cửa,NVL-PULY-DEN,CÁI,0.5,"THÀNH PHẨM ""ĐỨC AL501N- GS"" (TP-TD-AL501N GS) chưa tra ra mã D1 [mohho]"
195,ĐỨC AL501N- GS,Lông nheo nhỏ,NVL-PHOTLONG4X5,M,6.8,"ĐVT ""M"" — chưa rõ theo chiều CAO hay RỘNG"
197,ĐỨC AL501N- MSK,Lá đầu (kg) + Bộ 03 lá đáy (kg),NVL-LD-3LD,KG/M2,0,ĐM = 0 — cấu phần tính theo công thức hình học
198,ĐỨC AL501N- MSK,Lá ruột (kg) AL501N MSK,NVL-TD-AL501N MSK,KG/M2,0,ĐM = 0 — cấu phần tính theo công thức hình học
199,ĐỨC AL501N- MSK,Ron đáy đức,RON-DD,KG/M,0.117,"ĐVT ""KG/M"" — chưa rõ theo chiều CAO hay RỘNG"
200,ĐỨC AL501N- MSK,BỌ 2VIS 501-552,NVL-BO2VIS-501-552,KG,0.11,"THÀNH PHẨM ""ĐỨC AL501N- MSK"" (TP-TD-AL501NTHO) chưa tra ra mã D1 [mohho]"
201,ĐỨC AL501N- MSK,Vis,NVL-VIS,KG,0.0409,"THÀNH PHẨM ""ĐỨC AL501N- MSK"" (TP-TD-AL501NTHO) chưa tra ra mã D1 [mohho]"
202,ĐỨC AL501N- MSK,Puly đen cuộn cửa,NVL-PULY-DEN,CÁI,0.5,"THÀNH PHẨM ""ĐỨC AL501N- MSK"" (TP-TD-AL501NTHO) chưa tra ra mã D1 [mohho]"
203,ĐỨC AL501N- MSK,Lông nheo nhỏ,NVL-PHOTLONG4X5,M,6.8,"ĐVT ""M"" — chưa rõ theo chiều CAO hay RỘNG"
205,ĐỨC AL552N- VK,Lá đầu (kg) + Bộ 03 lá đáy (kg),NVL-LD-3LD,KG/M2,0,ĐM = 0 — cấu phần tính theo công thức hình học
206,ĐỨC AL552N- VK,Lá ruột (kg) AL552 VK,NVL-ALD-DL552 VK,KG/M2,0,ĐM = 0 — cấu phần tính theo công thức hình học
207,ĐỨC AL552N- VK,Ron đáy đức,RON-DD,KG/M,0.117,"ĐVT ""KG/M"" — chưa rõ theo chiều CAO hay RỘNG"
208,ĐỨC AL552N- VK,BỌ 2VIS 501-552,NVL-BO2VIS-501-552,KG,0.11,"THÀNH PHẨM ""ĐỨC AL552N- VK"" (TP-ALD-DL552 VK) chưa tra ra mã D1 [mohho]"
209,ĐỨC AL552N- VK,Vis,NVL-VIS,KG,0.0409,"THÀNH PHẨM ""ĐỨC AL552N- VK"" (TP-ALD-DL552 VK) chưa tra ra mã D1 [mohho]"
210,ĐỨC AL552N- VK,Puly đen cuộn cửa,NVL-PULY-DEN,CÁI,0.5,"THÀNH PHẨM ""ĐỨC AL552N- VK"" (TP-ALD-DL552 VK) chưa tra ra mã D1 [mohho]"
211,ĐỨC AL552N- VK,Lông nheo nhỏ,NVL-PHOTLONG4X5,M,6.8,"ĐVT ""M"" — chưa rõ theo chiều CAO hay RỘNG"
213,ĐỨC AL552N- MSK,Lá đầu (kg) + Bộ 03 lá đáy (kg),NVL-LD-3LD,KG/M2,0,ĐM = 0 — cấu phần tính theo công thức hình học
214,ĐỨC AL552N- MSK,Lá ruột (kg) AL552 MSK,NVL-ALD-DL552THO,KG/M2,0,ĐM = 0 — cấu phần tính theo công thức hình học
215,ĐỨC AL552N- MSK,Ron đáy đức,RON-DD,KG/M,0.117,"ĐVT ""KG/M"" — chưa rõ theo chiều CAO hay RỘNG"
216,ĐỨC AL552N- MSK,BỌ 2VIS 501-552,NVL-BO2VIS-501-552,KG,0.11,"THÀNH PHẨM ""ĐỨC AL552N- MSK"" (TP-ALD-DL552 THO) chưa tra ra mã D1 [mohho]"
217,ĐỨC AL552N- MSK,Vis,NVL-VIS,KG,0.0409,"THÀNH PHẨM ""ĐỨC AL552N- MSK"" (TP-ALD-DL552 THO) chưa tra ra mã D1 [mohho]"
218,ĐỨC AL552N- MSK,Puly đen cuộn cửa,NVL-PULY-DEN,CÁI,0.5,"THÀNH PHẨM ""ĐỨC AL552N- MSK"" (TP-ALD-DL552 THO) chưa tra ra mã D1 [mohho]"
219,ĐỨC AL552N- MSK,Lông nheo nhỏ,NVL-PHOTLONG4X5,M,6.8,"ĐVT ""M"" — chưa rõ theo chiều CAO hay RỘNG"
221,ĐỨC AL552N- GS,Lá đầu (kg) + Bộ 03 lá đáy (kg),NVL-LD-3LD,KG/M2,0,ĐM = 0 — cấu phần tính theo công thức hình học
222,ĐỨC AL552N- GS,Lá ruột (kg) AL552 GS,NVL-ALD-DL552 GS,KG/M2,0,ĐM = 0 — cấu phần tính theo công thức hình học
223,ĐỨC AL552N- GS,Ron đáy đức,RON-DD,KG/M,0.117,"ĐVT ""KG/M"" — chưa rõ theo chiều CAO hay RỘNG"
224,ĐỨC AL552N- GS,BỌ 2VIS 501-552,NVL-BO2VIS-501-552,KG,0.11,"THÀNH PHẨM ""ĐỨC AL552N- GS"" (TP-ALD-DL552 GS) chưa tra ra mã D1 [mohho]"
225,ĐỨC AL552N- GS,Vis,NVL-VIS,KG,0.0409,"THÀNH PHẨM ""ĐỨC AL552N- GS"" (TP-ALD-DL552 GS) chưa tra ra mã D1 [mohho]"
226,ĐỨC AL552N- GS,Puly đen cuộn cửa,NVL-PULY-DEN,CÁI,0.5,"THÀNH PHẨM ""ĐỨC AL552N- GS"" (TP-ALD-DL552 GS) chưa tra ra mã D1 [mohho]"
227,ĐỨC AL552N- GS,Lông nheo nhỏ,NVL-PHOTLONG4X5,M,6.8,"ĐVT ""M"" — chưa rõ theo chiều CAO hay RỘNG"
229,ĐỨC AL752N- GS,Lá đầu (kg) + Bộ 03 lá đáy (kg),NVL-LD-3LD,KG/M2,0,ĐM = 0 — cấu phần tính theo công thức hình học
230,ĐỨC AL752N- GS,Lá ruột (kg) AL752 GS,NVL-ALD-DL752 GS,KG/M2,0,ĐM = 0 — cấu phần tính theo công thức hình học
231,ĐỨC AL752N- GS,Ron đáy đức,RON-DD,KG/M,0.117,"ĐVT ""KG/M"" — chưa rõ theo chiều CAO hay RỘNG"
232,ĐỨC AL752N- GS,BỌ 2VIS 752-VIPST700,NVL-BO2VIS-752-VIPST700,KG,0.1107,"THÀNH PHẨM ""ĐỨC AL752N- GS"" (TP-TD-AL752N GS) chưa tra ra mã D1 [mohho]"
233,ĐỨC AL752N- GS,Vis,NVL-VIS,KG,0.0482,"THÀNH PHẨM ""ĐỨC AL752N- GS"" (TP-TD-AL752N GS) chưa tra ra mã D1 [mohho]"
234,ĐỨC AL752N- GS,Puly đen cuộn cửa,NVL-PULY-DEN,CÁI,0.5,"THÀNH PHẨM ""ĐỨC AL752N- GS"" (TP-TD-AL752N GS) chưa tra ra mã D1 [mohho]"
235,ĐỨC AL752N- GS,Lông nheo nhỏ,NVL-PHOTLONG4X5,M,6.0,"ĐVT ""M"" — chưa rõ theo chiều CAO hay RỘNG"
237,ĐỨC AL752N- VK,Lá đầu (kg) + Bộ 03 lá đáy (kg),NVL-LD-3LD,KG/M2,0,ĐM = 0 — cấu phần tính theo công thức hình học
238,ĐỨC AL752N- VK,Lá ruột (kg) AL752 VK,NVL-ALD-DL752 VK,KG/M2,0,ĐM = 0 — cấu phần tính theo công thức hình học
239,ĐỨC AL752N- VK,Ron đáy đức,RON-DD,KG/M,0.117,"ĐVT ""KG/M"" — chưa rõ theo chiều CAO hay RỘNG"
240,ĐỨC AL752N- VK,BỌ 2VIS 752-VIPST700,NVL-BO2VIS-752-VIPST700,KG,0.1107,"THÀNH PHẨM ""ĐỨC AL752N- VK"" (TP-TD-AL752N VK) chưa tra ra mã D1 [mohho]"
241,ĐỨC AL752N- VK,Vis,NVL-VIS,KG,0.0482,"THÀNH PHẨM ""ĐỨC AL752N- VK"" (TP-TD-AL752N VK) chưa tra ra mã D1 [mohho]"
242,ĐỨC AL752N- VK,Puly đen cuộn cửa,NVL-PULY-DEN,CÁI,0.5,"THÀNH PHẨM ""ĐỨC AL752N- VK"" (TP-TD-AL752N VK) chưa tra ra mã D1 [mohho]"
243,ĐỨC AL752N- VK,Lông nheo nhỏ,NVL-PHOTLONG4X5,M,6.0,"ĐVT ""M"" — chưa rõ theo chiều CAO hay RỘNG"
245,ĐỨC AL752N- MSK,Lá đầu (kg) + Bộ 03 lá đáy (kg),NVL-LD-3LD,KG/M2,0,ĐM = 0 — cấu phần tính theo công thức hình học
246,ĐỨC AL752N- MSK,Lá ruột (kg) AL752 MSK,NVL-ALD-DL752THO,KG/M2,0,ĐM = 0 — cấu phần tính theo công thức hình học
247,ĐỨC AL752N- MSK,Ron đáy đức,RON-DD,KG/M,0.117,"ĐVT ""KG/M"" — chưa rõ theo chiều CAO hay RỘNG"
248,ĐỨC AL752N- MSK,BỌ 2VIS 752-VIPST700,NVL-BO2VIS-752-VIPST700,KG,0.1107,"THÀNH PHẨM ""ĐỨC AL752N- MSK"" (TP-TD-AL752N THO) chưa tra ra mã D1 [mohho]"
249,ĐỨC AL752N- MSK,Vis,NVL-VIS,KG,0.0482,"THÀNH PHẨM ""ĐỨC AL752N- MSK"" (TP-TD-AL752N THO) chưa tra ra mã D1 [mohho]"
250,ĐỨC AL752N- MSK,Puly đen cuộn cửa,NVL-PULY-DEN,CÁI,0.5,"THÀNH PHẨM ""ĐỨC AL752N- MSK"" (TP-TD-AL752N THO) chưa tra ra mã D1 [mohho]"
251,ĐỨC AL752N- MSK,Lông nheo nhỏ,NVL-PHOTLONG4X5,M,6.0,"ĐVT ""M"" — chưa rõ theo chiều CAO hay RỘNG"
253,ĐỨC AL652- MSK,Lá đầu (kg) + Bộ 03 lá đáy (kg),NVL-LD-3LD,KG/M2,0,ĐM = 0 — cấu phần tính theo công thức hình học
254,ĐỨC AL652- MSK,Lá ruột (kg) AL652 MSK,NVL-ALD-DL652THO,KG/M2,0,ĐM = 0 — cấu phần tính theo công thức hình học
255,ĐỨC AL652- MSK,Ron đáy đức,RON-DD,KG/M,0.117,"ĐVT ""KG/M"" — chưa rõ theo chiều CAO hay RỘNG"
256,ĐỨC AL652- MSK,BỌ 2VIS 548C-501C-AL652,NVL-BO2VIS-548C-501C-AL652,KG,0.1168,vật tư KHÔNG tra ra mã trong danh mục D1
257,ĐỨC AL652- MSK,Vis,NVL-VIS,KG,0.0482,"THÀNH PHẨM ""ĐỨC AL652- MSK"" (TP-TD-AL652N THO) chưa tra ra mã D1 [mohho]"
258,ĐỨC AL652- MSK,Puly đen cuộn cửa,NVL-PULY-DEN,CÁI,0.5,"THÀNH PHẨM ""ĐỨC AL652- MSK"" (TP-TD-AL652N THO) chưa tra ra mã D1 [mohho]"
259,ĐỨC AL652- MSK,Lông nheo nhỏ,NVL-PHOTLONG5X6,M,4.6,"ĐVT ""M"" — chưa rõ theo chiều CAO hay RỘNG"
261,ĐỨC AL652- GS,Lá đầu (kg) + Bộ 03 lá đáy (kg),NVL-LD-3LD,KG/M2,0,ĐM = 0 — cấu phần tính theo công thức hình học
262,ĐỨC AL652- GS,Lá ruột (kg) AL652 GS,NVL-ALD-DL652GS,KG/M2,0,ĐM = 0 — cấu phần tính theo công thức hình học
263,ĐỨC AL652- GS,Ron đáy đức,RON-DD,KG/M,0.117,"ĐVT ""KG/M"" — chưa rõ theo chiều CAO hay RỘNG"
264,ĐỨC AL652- GS,BỌ 2VIS 548C-501C-AL652,NVL-BO2VIS-548C-501C-AL652,KG,0.1168,vật tư KHÔNG tra ra mã trong danh mục D1
265,ĐỨC AL652- GS,Vis,NVL-VIS,KG,0.0482,"THÀNH PHẨM ""ĐỨC AL652- GS"" (TP-TD-AL652 GS) chưa tra ra mã D1 [mohho]"
266,ĐỨC AL652- GS,Puly đen cuộn cửa,NVL-PULY-DEN,CÁI,0.5,"THÀNH PHẨM ""ĐỨC AL652- GS"" (TP-TD-AL652 GS) chưa tra ra mã D1 [mohho]"
267,ĐỨC AL652- GS,Lông nheo nhỏ,NVL-PHOTLONG5X6,M,4.6,"ĐVT ""M"" — chưa rõ theo chiều CAO hay RỘNG"
269,ĐỨC AL652- VK,Lá đầu (kg) + Bộ 03 lá đáy (kg),NVL-LD-3LD,KG/M2,0,ĐM = 0 — cấu phần tính theo công thức hình học
270,ĐỨC AL652- VK,Lá ruột (kg) AL652 VK,NVL-ALD-DL652VK,KG/M2,0,ĐM = 0 — cấu phần tính theo công thức hình học
271,ĐỨC AL652- VK,Ron đáy đức,RON-DD,KG/M,0.117,"ĐVT ""KG/M"" — chưa rõ theo chiều CAO hay RỘNG"
272,ĐỨC AL652- VK,BỌ 2VIS 548C-501C-AL652,NVL-BO2VIS-548C-501C-AL652,KG,0.1168,vật tư KHÔNG tra ra mã trong danh mục D1
273,ĐỨC AL652- VK,Vis,NVL-VIS,KG,0.0482,"THÀNH PHẨM ""ĐỨC AL652- VK"" (TP-TD-AL652 VK) chưa tra ra mã D1 [mohho]"
274,ĐỨC AL652- VK,Puly đen cuộn cửa,NVL-PULY-DEN,CÁI,0.5,"THÀNH PHẨM ""ĐỨC AL652- VK"" (TP-TD-AL652 VK) chưa tra ra mã D1 [mohho]"
275,ĐỨC AL652- VK,Lông nheo nhỏ,NVL-PHOTLONG5X6,M,4.6,"ĐVT ""M"" — chưa rõ theo chiều CAO hay RỘNG"
277,ĐỨC AL50- MSK,Lá đầu (kg) + Bộ 03 lá đáy (kg),NVL-LD-3LD,KG/M2,0,ĐM = 0 — cấu phần tính theo công thức hình học
278,ĐỨC AL50- MSK,Lá ruột (kg) AL50 MSK,NVL-ALD-DL50THO,KG/M2,0,ĐM = 0 — cấu phần tính theo công thức hình học
279,ĐỨC AL50- MSK,Ron đáy đức,RON-DD,KG/M,0.117,"ĐVT ""KG/M"" — chưa rõ theo chiều CAO hay RỘNG"
280,ĐỨC AL50- MSK,BỌ 2VIS AL50-VIP50-AL548-ST500,NVL-BO2VIS-AL50-VIP50-AL548-ST500,KG,0.116,"THÀNH PHẨM ""ĐỨC AL50- MSK"" (TP-TD-AL50 THO) chưa tra ra mã D1 [mohho]"
281,ĐỨC AL50- MSK,Vis,NVL-VIS,KG,0.0433,"THÀNH PHẨM ""ĐỨC AL50- MSK"" (TP-TD-AL50 THO) chưa tra ra mã D1 [mohho]"
282,ĐỨC AL50- MSK,Puly đen cuộn cửa,NVL-PULY-DEN,CÁI,0.5,"THÀNH PHẨM ""ĐỨC AL50- MSK"" (TP-TD-AL50 THO) chưa tra ra mã D1 [mohho]"
283,ĐỨC AL50- MSK,Lông nheo nhỏ,NVL-PHOTLONG5X6,M,4.6,"ĐVT ""M"" — chưa rõ theo chiều CAO hay RỘNG"
285,ĐỨC AL50- GS,Lá đầu (kg) + Bộ 03 lá đáy (kg),NVL-LD-3LD,KG/M2,0,ĐM = 0 — cấu phần tính theo công thức hình học
286,ĐỨC AL50- GS,Lá ruột (kg) AL50 GS,NVL-ALD-DL50GS,KG/M2,0,ĐM = 0 — cấu phần tính theo công thức hình học
287,ĐỨC AL50- GS,Ron đáy đức,RON-DD,KG/M,0.117,"ĐVT ""KG/M"" — chưa rõ theo chiều CAO hay RỘNG"
288,ĐỨC AL50- GS,BỌ 2VIS AL50-VIP50-AL548-ST500,NVL-BO2VIS-AL50-VIP50-AL548-ST500,KG,0.116,"THÀNH PHẨM ""ĐỨC AL50- GS"" (TP-TD-AL50 GS) chưa tra ra mã D1 [mohho]"
289,ĐỨC AL50- GS,Vis,NVL-VIS,KG,0.0433,"THÀNH PHẨM ""ĐỨC AL50- GS"" (TP-TD-AL50 GS) chưa tra ra mã D1 [mohho]"
290,ĐỨC AL50- GS,Puly đen cuộn cửa,NVL-PULY-DEN,CÁI,0.5,"THÀNH PHẨM ""ĐỨC AL50- GS"" (TP-TD-AL50 GS) chưa tra ra mã D1 [mohho]"
291,ĐỨC AL50- GS,Lông nheo nhỏ,NVL-PHOTLONG5X6,M,6.5,"ĐVT ""M"" — chưa rõ theo chiều CAO hay RỘNG"
293,ĐỨC AL50- VK,Lá đầu (kg) + Bộ 03 lá đáy (kg),NVL-LD-3LD,KG/M2,0,ĐM = 0 — cấu phần tính theo công thức hình học
294,ĐỨC AL50- VK,Lá ruột (kg) AL652 VK,NVL-ALD-DL50VK,KG/M2,0,ĐM = 0 — cấu phần tính theo công thức hình học
295,ĐỨC AL50- VK,Ron đáy đức,RON-DD,KG/M,0.117,"ĐVT ""KG/M"" — chưa rõ theo chiều CAO hay RỘNG"
296,ĐỨC AL50- VK,BỌ 2VIS AL50-VIP50-AL548-ST500,NVL-BO2VIS-AL50-VIP50-AL548-ST500,KG,0.116,"THÀNH PHẨM ""ĐỨC AL50- VK"" (TP-TD-AL50 VK) chưa tra ra mã D1 [mohho]"
297,ĐỨC AL50- VK,Vis,NVL-VIS,KG,0.0433,"THÀNH PHẨM ""ĐỨC AL50- VK"" (TP-TD-AL50 VK) chưa tra ra mã D1 [mohho]"
298,ĐỨC AL50- VK,Puly đen cuộn cửa,NVL-PULY-DEN,CÁI,0.5,"THÀNH PHẨM ""ĐỨC AL50- VK"" (TP-TD-AL50 VK) chưa tra ra mã D1 [mohho]"
299,ĐỨC AL50- VK,Lông nheo nhỏ,NVL-PHOTLONG5X6,M,6.5,"ĐVT ""M"" — chưa rõ theo chiều CAO hay RỘNG"
301,ĐỨC AL-VIP50- GS,Lá đầu (kg) + Bộ 03 lá đáy (kg),NVL-LD-3LD,KG/M2,0,ĐM = 0 — cấu phần tính theo công thức hình học
302,ĐỨC AL-VIP50- GS,Lá ruột (kg) ALVIP50 GS,NVL-VIP50GS,KG/M2,0,ĐM = 0 — cấu phần tính theo công thức hình học
303,ĐỨC AL-VIP50- GS,Ron đáy đức,RON-DD,KG/M,0.117,"ĐVT ""KG/M"" — chưa rõ theo chiều CAO hay RỘNG"
304,ĐỨC AL-VIP50- GS,BỌ 2VIS AL50-VIP50-AL548-ST500,NVL-BO2VIS-AL50-VIP50-AL548-ST500,KG,0.116,"THÀNH PHẨM ""ĐỨC AL-VIP50- GS"" (TP-ALVIP50 GS) chưa tra ra mã D1 [mohho]"
305,ĐỨC AL-VIP50- GS,Vis,NVL-VIS,KG,0.0433,"THÀNH PHẨM ""ĐỨC AL-VIP50- GS"" (TP-ALVIP50 GS) chưa tra ra mã D1 [mohho]"
306,ĐỨC AL-VIP50- GS,Puly đen cuộn cửa,NVL-PULY-DEN,CÁI,0.5,"THÀNH PHẨM ""ĐỨC AL-VIP50- GS"" (TP-ALVIP50 GS) chưa tra ra mã D1 [mohho]"
307,ĐỨC AL-VIP50- GS,Lông nheo nhỏ,NVL-PHOTLONG5X6,M,6.5,"ĐVT ""M"" — chưa rõ theo chiều CAO hay RỘNG"
309,ĐỨC AL-VIP50- MSK,Lá đầu (kg) + Bộ 03 lá đáy (kg),NVL-LD-3LD,KG/M2,0,ĐM = 0 — cấu phần tính theo công thức hình học
310,ĐỨC AL-VIP50- MSK,Lá ruột (kg) ALVIP50 MSK,NVL-VIP50THO,KG/M2,0,ĐM = 0 — cấu phần tính theo công thức hình học
311,ĐỨC AL-VIP50- MSK,Ron đáy đức,RON-DD,KG/M,0.117,"ĐVT ""KG/M"" — chưa rõ theo chiều CAO hay RỘNG"
312,ĐỨC AL-VIP50- MSK,BỌ 2VIS AL50-VIP50-AL548-ST500,NVL-BO2VIS-AL50-VIP50-AL548-ST500,KG,0.116,"THÀNH PHẨM ""ĐỨC AL-VIP50- MSK"" (TP-ALVIP50 THO) chưa tra ra mã D1 [mohho]"
313,ĐỨC AL-VIP50- MSK,Vis,NVL-VIS,KG,0.0433,"THÀNH PHẨM ""ĐỨC AL-VIP50- MSK"" (TP-ALVIP50 THO) chưa tra ra mã D1 [mohho]"
314,ĐỨC AL-VIP50- MSK,Puly đen cuộn cửa,NVL-PULY-DEN,CÁI,0.5,"THÀNH PHẨM ""ĐỨC AL-VIP50- MSK"" (TP-ALVIP50 THO) chưa tra ra mã D1 [mohho]"
315,ĐỨC AL-VIP50- MSK,Lông nheo nhỏ,NVL-PHOTLONG5X6,M,6.5,"ĐVT ""M"" — chưa rõ theo chiều CAO hay RỘNG"
317,ĐỨC AL-VIPST500- MSK,Lá đầu (kg) + Bộ 03 lá đáy (kg),NVL-LD-3LD,KG/M2,0,ĐM = 0 — cấu phần tính theo công thức hình học
318,ĐỨC AL-VIPST500- MSK,Lá ruột (kg) ALVIPST500 MSK,NVL-VIPST500THO,KG/M2,0,ĐM = 0 — cấu phần tính theo công thức hình học
319,ĐỨC AL-VIPST500- MSK,Ron đáy đức,RON-DD,KG/M,0.117,"ĐVT ""KG/M"" — chưa rõ theo chiều CAO hay RỘNG"
320,ĐỨC AL-VIPST500- MSK,BỌ 2VIS AL50-VIP50-AL548-ST500,NVL-BO2VIS-AL50-VIP50-AL548-ST500,KG,0.116,"THÀNH PHẨM ""ĐỨC AL-VIPST500- MSK"" (TP-ALVIPST500 THO) chưa tra ra mã D1 [mohho]"
321,ĐỨC AL-VIPST500- MSK,Vis,NVL-VIS,KG,0.0433,"THÀNH PHẨM ""ĐỨC AL-VIPST500- MSK"" (TP-ALVIPST500 THO) chưa tra ra mã D1 [mohho]"
322,ĐỨC AL-VIPST500- MSK,Puly đen cuộn cửa,NVL-PULY-DEN,CÁI,0.5,"THÀNH PHẨM ""ĐỨC AL-VIPST500- MSK"" (TP-ALVIPST500 THO) chưa tra ra mã D1 [mohho]"
323,ĐỨC AL-VIPST500- MSK,Lông nheo nhỏ,NVL-PHOTLONG5X6,M,6.5,"ĐVT ""M"" — chưa rõ theo chiều CAO hay RỘNG"
325,ĐỨC AL-VIPST700- MSK,Lá đầu (kg) + Bộ 03 lá đáy (kg),NVL-LD-3LD,KG/M2,0,ĐM = 0 — cấu phần tính theo công thức hình học
326,ĐỨC AL-VIPST700- MSK,Lá ruột (kg) ALVIPST700 MSK,NVL-VIPST700THO,KG/M2,0,ĐM = 0 — cấu phần tính theo công thức hình học
327,ĐỨC AL-VIPST700- MSK,Ron đáy đức,RON-DD,KG/M,0.117,"ĐVT ""KG/M"" — chưa rõ theo chiều CAO hay RỘNG"
328,ĐỨC AL-VIPST700- MSK,BỌ 2VIS 752-VIPST700,NVL-BO2VIS-752-VIPST700,KG,0.1107,"THÀNH PHẨM ""ĐỨC AL-VIPST700- MSK"" (TP-ALVIPST700 THO) chưa tra ra mã D1 [mohho]"
329,ĐỨC AL-VIPST700- MSK,Vis,NVL-VIS,KG,0.0482,"THÀNH PHẨM ""ĐỨC AL-VIPST700- MSK"" (TP-ALVIPST700 THO) chưa tra ra mã D1 [mohho]"
330,ĐỨC AL-VIPST700- MSK,Puly đen cuộn cửa,NVL-PULY-DEN,CÁI,0.5,"THÀNH PHẨM ""ĐỨC AL-VIPST700- MSK"" (TP-ALVIPST700 THO) chưa tra ra mã D1 [mohho]"
331,ĐỨC AL-VIPST700- MSK,Lông nheo nhỏ,NVL-PHOTLONG5X6,M,6.5,"ĐVT ""M"" — chưa rõ theo chiều CAO hay RỘNG"
336,BỌ 1 VIS-AL702LOP,BỌ 1VIS AL70,NVL-BO1VIS AL70,KG,0.000662,vật tư MƠ HỒ — cần chủ xưởng chốt mã
345,BỌ 2VIS-AL50-VIP50-AL548-ST500,BỌ 2VIS AL50-VIP50-AL548-ST500,NVL-BO2VIS-AL50-VIP50-AL548-ST500,KG,0.006,"THÀNH PHẨM ""BỌ 2VIS-AL50-VIP50-AL548-ST500"" (TP-BO 2VIS AL50-VIP50-AL548-ST500) chưa tra ra mã D1 [mohho]"
346,BỌ 2VIS-AL50-VIP50-AL548-ST500,Vis,NVL-VIS,KG,0.0012,"THÀNH PHẨM ""BỌ 2VIS-AL50-VIP50-AL548-ST500"" (TP-BO 2VIS AL50-VIP50-AL548-ST500) chưa tra ra mã D1 [mohho]"
357,BỌ 2VIS-652-548C,BỌ 2VIS 548C-501C-AL652,NVL-BO2VIS-548C-501C-AL652,KG,0.00584,vật tư KHÔNG tra ra mã trong danh mục D1
360,ĐỨC AL75- MSK,Lá đầu (kg) + Bộ 03 lá đáy (kg),NVL-LD-3LD,KG/M2,0,ĐM = 0 — cấu phần tính theo công thức hình học
361,ĐỨC AL75- MSK,Lá ruột (kg) AL75 MSK,NVL-AL75THO,KG/M2,0,ĐM = 0 — cấu phần tính theo công thức hình học
362,ĐỨC AL75- MSK,Ron đáy đức,RON-DD,KG/M,0.117,"ĐVT ""KG/M"" — chưa rõ theo chiều CAO hay RỘNG"
363,ĐỨC AL75- MSK,BỌ 1VIS AL75,NVL-BO1VIS AL75,KG,0.1169,"THÀNH PHẨM ""ĐỨC AL75- MSK"" (TP-AL75 THO) chưa tra ra mã D1 [mohho]"
364,ĐỨC AL75- MSK,Vis,NVL-VIS,KG,0.0362,"THÀNH PHẨM ""ĐỨC AL75- MSK"" (TP-AL75 THO) chưa tra ra mã D1 [mohho]"
365,ĐỨC AL75- MSK,Puly đen cuộn cửa,NVL-PULY-DEN,CÁI,0.5,"THÀNH PHẨM ""ĐỨC AL75- MSK"" (TP-AL75 THO) chưa tra ra mã D1 [mohho]"
366,ĐỨC AL75- MSK,Lông nheo nhỏ,NVL-PHOTLONG4X5,M,4.6,"ĐVT ""M"" — chưa rõ theo chiều CAO hay RỘNG"
368,ĐỨC AL75- VK,Lá đầu (kg) + Bộ 03 lá đáy (kg),NVL-LD-3LD,KG/M2,0,ĐM = 0 — cấu phần tính theo công thức hình học
369,ĐỨC AL75- VK,Lá ruột (kg) AL75 VK,NVL-AL75VK,KG/M2,0,ĐM = 0 — cấu phần tính theo công thức hình học
370,ĐỨC AL75- VK,Ron đáy đức,RON-DD,KG/M,0.117,"ĐVT ""KG/M"" — chưa rõ theo chiều CAO hay RỘNG"
371,ĐỨC AL75- VK,BỌ 1VIS AL75,NVL-BO1VIS AL75,KG,0.1169,"THÀNH PHẨM ""ĐỨC AL75- VK"" (TP-AL75 VK) chưa tra ra mã D1 [mohho]"
372,ĐỨC AL75- VK,Vis,NVL-VIS,KG,0.0362,"THÀNH PHẨM ""ĐỨC AL75- VK"" (TP-AL75 VK) chưa tra ra mã D1 [mohho]"
373,ĐỨC AL75- VK,Puly đen cuộn cửa,NVL-PULY-DEN,CÁI,0.5,"THÀNH PHẨM ""ĐỨC AL75- VK"" (TP-AL75 VK) chưa tra ra mã D1 [mohho]"
374,ĐỨC AL75- VK,Lông nheo nhỏ,NVL-PHOTLONG4X5,M,4.6,"ĐVT ""M"" — chưa rõ theo chiều CAO hay RỘNG"
376,ĐỨC AL75- GS,Lá đầu (kg) + Bộ 03 lá đáy (kg),NVL-LD-3LD,KG/M2,0,ĐM = 0 — cấu phần tính theo công thức hình học
377,ĐỨC AL75- GS,Lá ruột (kg) AL75 GS,NVL-AL75 GS,KG/M2,0,ĐM = 0 — cấu phần tính theo công thức hình học
378,ĐỨC AL75- GS,Ron đáy đức,RON-DD,KG/M,0.117,"ĐVT ""KG/M"" — chưa rõ theo chiều CAO hay RỘNG"
379,ĐỨC AL75- GS,BỌ 1VIS AL75,NVL-BO1VIS AL75,KG,0.1169,"THÀNH PHẨM ""ĐỨC AL75- GS"" (TP-AL75 GS) chưa tra ra mã D1 [mohho]"
380,ĐỨC AL75- GS,Vis,NVL-VIS,KG,0.0362,"THÀNH PHẨM ""ĐỨC AL75- GS"" (TP-AL75 GS) chưa tra ra mã D1 [mohho]"
381,ĐỨC AL75- GS,Puly đen cuộn cửa,NVL-PULY-DEN,CÁI,0.5,"THÀNH PHẨM ""ĐỨC AL75- GS"" (TP-AL75 GS) chưa tra ra mã D1 [mohho]"
382,ĐỨC AL75- GS,Lông nheo nhỏ,NVL-PHOTLONG4X5,M,4.6,"ĐVT ""M"" — chưa rõ theo chiều CAO hay RỘNG"
384,MOTOR TANKER 400KG,TANKER_Thân 400KG,TP-Tanker-Than400kg,CÁI,1.0,vật tư KHÔNG tra ra mã trong danh mục D1
385,MOTOR TANKER 400KG,TANKER_ALUMAX_LẮC 33,TP-Tanker-Alumax-Lac33,CÁI,0.0,ĐM = 0 — cấu phần tính theo công thức hình học
386,MOTOR TANKER 400KG,PHỤ THU-TANKER_ALUMAX_LẮC 36,TP-Tanker-Alumax-Lac36,CÁI,0.0,ĐM = 0 — cấu phần tính theo công thức hình học
387,MOTOR TANKER 400KG,TANKER_ALUMAX_HopDK,TP-Tanker-Alumax-HDK,CÁI,1.0,vật tư KHÔNG tra ra mã trong danh mục D1
388,MOTOR TANKER 400KG,TANKER_ALUMAX_TayDK,TP-Tanker-Alumax_TayDK,CÁI,2.0,vật tư KHÔNG tra ra mã trong danh mục D1
396,BỘ ĐIỀU KHIỂN YHLD,YHLD_HopDK,TP-YHLD-HDK,CÁI,1.0,vật tư KHÔNG tra ra mã trong danh mục D1
397,BỘ ĐIỀU KHIỂN YHLD,YHLD_TayDK,TP-YHLD_TayDK,CÁI,2.0,vật tư KHÔNG tra ra mã trong danh mục D1
407,TANKER_ALUMAX KHÔNG BỘ ĐIỀU KHIỂN,TANKER_ALUMAX_HopDK,TP-Tanker-Alumax-HDK,CÁI,1.0,vật tư KHÔNG tra ra mã trong danh mục D1
408,TANKER_ALUMAX KHÔNG BỘ ĐIỀU KHIỂN,TANKER_ALUMAX_TayDK,TP-Tanker-Alumax_TayDK,CÁI,2.0,vật tư KHÔNG tra ra mã trong danh mục D1
410,"TANKER_ALUMAX KHÔNG BỘ ĐIỀU KHIỂN,KHÔNG LẮC",TANKER_ALUMAX_HopDK,TP-Tanker-Alumax-HDK,CÁI,1.0,vật tư KHÔNG tra ra mã trong danh mục D1
411,"TANKER_ALUMAX KHÔNG BỘ ĐIỀU KHIỂN,KHÔNG LẮC",TANKER_ALUMAX_TayDK,TP-Tanker-Alumax_TayDK,CÁI,2.0,vật tư KHÔNG tra ra mã trong danh mục D1
412,"TANKER_ALUMAX KHÔNG BỘ ĐIỀU KHIỂN,KHÔNG LẮC",TANKER_ALUMAX_KHÔNG LẮC 33,TRU-TP_KHONGLAC_TANKER-ALUMAX,CÁI,1.0,vật tư KHÔNG tra ra mã trong danh mục D1
414,BỘ ĐIỀU KHIỂN TANKER_ALUMAX,TANKER_ALUMAX_HopDK,TP-Tanker-Alumax-HDK,CÁI,1.0,vật tư KHÔNG tra ra mã trong danh mục D1
415,BỘ ĐIỀU KHIỂN TANKER_ALUMAX,TANKER_ALUMAX_TayDK,TP-Tanker-Alumax_TayDK,CÁI,2.0,vật tư KHÔNG tra ra mã trong danh mục D1
417,MOTOR YHLD 300KG,YHLD_Thân 300KG,TP-YHLD-Than300kg,CÁI,1.0,vật tư KHÔNG tra ra mã trong danh mục D1
419,MOTOR YHLD 300KG,YHLD_HopDK,TP-YHLD-HDK,CÁI,1.0,vật tư KHÔNG tra ra mã trong danh mục D1
420,MOTOR YHLD 300KG,YHLD_TayDK,TP-YHLD_TayDK,CÁI,2.0,vật tư KHÔNG tra ra mã trong danh mục D1
423,MOTOR YHLD 500KG,YHLD_Thân 500KG,TP-YHLD-Than500kg,CÁI,1.0,vật tư KHÔNG tra ra mã trong danh mục D1
425,MOTOR YHLD 500KG,YHLD_HopDK,TP-YHLD-HDK,CÁI,1.0,vật tư KHÔNG tra ra mã trong danh mục D1
426,MOTOR YHLD 500KG,YHLD_TayDK,TP-YHLD_TayDK,CÁI,2.0,vật tư KHÔNG tra ra mã trong danh mục D1
430,YHLD KHÔNG BỘ ĐIỀU KHIỂN,YHLD_HopDK,TP-YHLD-HDK,CÁI,1.0,vật tư KHÔNG tra ra mã trong danh mục D1
431,YHLD KHÔNG BỘ ĐIỀU KHIỂN,YHLD_TayDK,TP-YHLD_TayDK,CÁI,2.0,vật tư KHÔNG tra ra mã trong danh mục D1
433,"YHLD KHÔNG BỘ ĐIỀU KHIỂN,KHÔNG LẮC",YHLD_HopDK,TP-YHLD-HDK,CÁI,1.0,vật tư KHÔNG tra ra mã trong danh mục D1
434,"YHLD KHÔNG BỘ ĐIỀU KHIỂN,KHÔNG LẮC",YHLD_TayDK,TP-YHLD_TayDK,CÁI,2.0,vật tư KHÔNG tra ra mã trong danh mục D1
435,"YHLD KHÔNG BỘ ĐIỀU KHIỂN,KHÔNG LẮC",YHLD_KHÔNG LẮC,TRU-TP_KHONGLAC_YHLD,CÁI,1.0,vật tư KHÔNG tra ra mã trong danh mục D1
437,MOTOR YHLD 800KG,YHLD_Thân 800KG,TP-YHLD-Than800kg,CÁI,1.0,vật tư KHÔNG tra ra mã trong danh mục D1
439,MOTOR YHLD 800KG,YHLD_HopDK,TP-YHLD-HDK,CÁI,1.0,vật tư KHÔNG tra ra mã trong danh mục D1
440,MOTOR YHLD 800KG,YHLD_TayDK,TP-YHLD_TayDK,CÁI,2.0,vật tư KHÔNG tra ra mã trong danh mục D1
443,MOTOR YHLD 1000KG,YHLD_Thân 1000KG,TP-YHLD-Than1000kg,CÁI,1.0,vật tư KHÔNG tra ra mã trong danh mục D1
445,MOTOR YHLD 1000KG,YHLD_HopDK,TP-YHLD-HDK,CÁI,1.0,vật tư KHÔNG tra ra mã trong danh mục D1
446,MOTOR YHLD 1000KG,YHLD_TayDK,TP-YHLD_TayDK,CÁI,2.0,vật tư KHÔNG tra ra mã trong danh mục D1
449,MOTOR JG 300KG,JG_Thân 300KG,TP-JG-Than300kg,CÁI,1.0,vật tư KHÔNG tra ra mã trong danh mục D1
451,MOTOR JG 300KG,JG_HopDK,TP-JG-HDK,CÁI,1.0,vật tư KHÔNG tra ra mã trong danh mục D1
452,MOTOR JG 300KG,JG_TayDK,TP-JG_TayDK,CÁI,2.0,vật tư KHÔNG tra ra mã trong danh mục D1
455,MOTOR JG 400KG,JG_Thân 400KG,TP-JG-Than400kg,CÁI,1.0,vật tư KHÔNG tra ra mã trong danh mục D1
456,MOTOR JG 400KG,JG_LacJG400-500-600KG,TP-LacJG400-500-600KG,CÁI,1.0,vật tư KHÔNG tra ra mã trong danh mục D1
457,MOTOR JG 400KG,JG_HopDK,TP-JG-HDK,CÁI,1.0,vật tư KHÔNG tra ra mã trong danh mục D1
458,MOTOR JG 400KG,JG_TayDK,TP-JG_TayDK,CÁI,2.0,vật tư KHÔNG tra ra mã trong danh mục D1
461,MOTOR JG 500KG,JG_Thân 500KG,TP-JG-Than500kg,CÁI,1.0,vật tư KHÔNG tra ra mã trong danh mục D1
462,MOTOR JG 500KG,JG_LacJG400-500-600KG,TP-LacJG400-500-600KG,CÁI,1.0,vật tư KHÔNG tra ra mã trong danh mục D1
463,MOTOR JG 500KG,JG_HopDK,TP-JG-HDK,CÁI,1.0,vật tư KHÔNG tra ra mã trong danh mục D1
464,MOTOR JG 500KG,JG_TayDK,TP-JG_TayDK,CÁI,2.0,vật tư KHÔNG tra ra mã trong danh mục D1
467,MOTOR JG 600KG,JG_Thân 600KG,TP-JG-Than600kg,CÁI,1.0,vật tư KHÔNG tra ra mã trong danh mục D1
468,MOTOR JG 600KG,JG_LacJG400-500-600KG,TP-LacJG400-500-600KG,CÁI,1.0,vật tư KHÔNG tra ra mã trong danh mục D1
469,MOTOR JG 600KG,JG_HopDK,TP-JG-HDK,CÁI,1.0,vật tư KHÔNG tra ra mã trong danh mục D1
470,MOTOR JG 600KG,JG_TayDK,TP-JG_TayDK,CÁI,2.0,vật tư KHÔNG tra ra mã trong danh mục D1
473,MOTOR JG 800KG,JG_Thân 800KG,TP-JG-Than800kg,CÁI,1.0,vật tư KHÔNG tra ra mã trong danh mục D1
474,MOTOR JG 800KG,JG_LacJG800KG,TP-LacJG800KG,CÁI,1.0,vật tư KHÔNG tra ra mã trong danh mục D1
475,MOTOR JG 800KG,JG_HopDK,TP-JG-HDK,CÁI,1.0,vật tư KHÔNG tra ra mã trong danh mục D1
476,MOTOR JG 800KG,JG_TayDK,TP-JG_TayDK,CÁI,2.0,vật tư KHÔNG tra ra mã trong danh mục D1
479,MOTOR JG 1000KG,JG_Thân 1000KG,TP-JG-Than1000kg,CÁI,1.0,vật tư KHÔNG tra ra mã trong danh mục D1
481,MOTOR JG 1000KG,JG_HopDK,TP-JG-HDK,CÁI,1.0,vật tư KHÔNG tra ra mã trong danh mục D1
482,MOTOR JG 1000KG,JG_TayDK,TP-JG_TayDK,CÁI,2.0,vật tư KHÔNG tra ra mã trong danh mục D1
486,MOTOR JG 1500KG,JG_Thân 1500KG,TP-JG-Than1500kg,CÁI,1.0,vật tư KHÔNG tra ra mã trong danh mục D1
488,MOTOR JG 1500KG,JG_HopDK,TP-JG-HDK,CÁI,1.0,vật tư KHÔNG tra ra mã trong danh mục D1
489,MOTOR JG 1500KG,JG_TayDK,TP-JG_TayDK,CÁI,2.0,vật tư KHÔNG tra ra mã trong danh mục D1
493,MOTOR TANKER 600KG,TANKER_Thân 600KG,TP-Tanker-Than600kg,CÁI,1.0,vật tư KHÔNG tra ra mã trong danh mục D1
494,MOTOR TANKER 600KG,TANKER_ALUMAX_LẮC 33,TP-Tanker-Alumax-Lac33,CÁI,0.0,ĐM = 0 — cấu phần tính theo công thức hình học
495,MOTOR TANKER 600KG,PHỤ THU-TANKER_ALUMAX_LẮC 36,TP-Tanker-Alumax-Lac36,CÁI,0.0,ĐM = 0 — cấu phần tính theo công thức hình học
496,MOTOR TANKER 600KG,TANKER_ALUMAX_HopDK,TP-Tanker-Alumax-HDK,CÁI,1.0,vật tư KHÔNG tra ra mã trong danh mục D1
497,MOTOR TANKER 600KG,TANKER_ALUMAX_TayDK,TP-Tanker-Alumax_TayDK,CÁI,2.0,vật tư KHÔNG tra ra mã trong danh mục D1
500,MOTOR TANKER 800KG,TANKER_Thân 800KG,TP-Tanker-Than800kg,CÁI,1.0,vật tư KHÔNG tra ra mã trong danh mục D1
502,MOTOR TANKER 800KG,TANKER_ALUMAX_HopDK,TP-Tanker-Alumax-HDK,CÁI,1.0,vật tư KHÔNG tra ra mã trong danh mục D1
503,MOTOR TANKER 800KG,TANKER_ALUMAX_TayDK,TP-Tanker-Alumax_TayDK,CÁI,2.0,vật tư KHÔNG tra ra mã trong danh mục D1
506,MOTOR TANKER 1000KG,TANKER_Thân 1000KG,TP-Tanker-Than1000kg,CÁI,1.0,vật tư KHÔNG tra ra mã trong danh mục D1
507,MOTOR TANKER 1000KG,TANKER_Lac800&1000KG,TP-Tanker-Lac800&1000KG,CÁI,1.0,"THÀNH PHẨM ""MOTOR TANKER 1000KG"" (TP-MT-TANKER1000KG) chưa tra ra mã D1 [mohho]"
508,MOTOR TANKER 1000KG,TANKER_ALUMAX_HopDK,TP-Tanker-Alumax-HDK,CÁI,1.0,vật tư KHÔNG tra ra mã trong danh mục D1
509,MOTOR TANKER 1000KG,TANKER_ALUMAX_TayDK,TP-Tanker-Alumax_TayDK,CÁI,2.0,vật tư KHÔNG tra ra mã trong danh mục D1
510,MOTOR TANKER 1000KG,TANKER_Phimamtuongcoday,TP-TANKER_PATCD,BỘ,1.0,"THÀNH PHẨM ""MOTOR TANKER 1000KG"" (TP-MT-TANKER1000KG) chưa tra ra mã D1 [mohho]"
517,BỘ ĐIỀU KHIỂN ĐIỆN THOẠI MULLER,TP - TAY ĐIỀU KHIỂN MULLER,TP-TDK_MULLER,CÁI,2.0,vật tư KHÔNG tra ra mã trong danh mục D1
522,BẮN BƯỚM SẮT ĐÀI LOAN,BẮN BƯỚM SẮT ĐÀI LOAN,NVL-BUOMSAT-DL,KG/M CAO,0.235,vật tư MƠ HỒ — cần chủ xưởng chốt mã
524,BẮN BƯỚM SẮT SIÊU TRƯỜNG,BẮN BƯỚM SẮT SIÊU TRƯỜNG,NVL-BUOMSAT-ST,KG/M CAO,0.311,vật tư MƠ HỒ — cần chủ xưởng chốt mã
540,BỘ ĐK TANKER_ALUMAX,TANKER_ALUMAX_TayDK,TP-Tanker-Alumax_TayDK,CÁI,2.0,vật tư KHÔNG tra ra mã trong danh mục D1
541,BỘ ĐK TANKER_ALUMAX,TANKER_ALUMAX_HopDK,TP-Tanker-Alumax-HDK,CÁI,1.0,vật tư KHÔNG tra ra mã trong danh mục D1
545,PHÍM ÂM TƯỜNG CÓ DÂY,Daydien_phimamtuongcoday,NVL_Daydien_PATCD,M,2.0,"ĐVT ""M"" — chưa rõ theo chiều CAO hay RỘNG"
548,MOTOR ALUMAX 400KG,ALUMAX_Thân 400KG,TP-Alumax-Than400kg,CÁI,1.0,vật tư KHÔNG tra ra mã trong danh mục D1
551,MOTOR ALUMAX 400KG,TANKER_ALUMAX_HopDK,TP-Tanker-Alumax-HDK,CÁI,1.0,vật tư KHÔNG tra ra mã trong danh mục D1
552,MOTOR ALUMAX 400KG,TANKER_ALUMAX_TayDK,TP-Tanker-Alumax_TayDK,CÁI,2.0,vật tư KHÔNG tra ra mã trong danh mục D1
555,MOTOR ALUMAX 600KG,ALUMAX_Thân 600KG,TP-Alumax-Than600kg,CÁI,1.0,vật tư KHÔNG tra ra mã trong danh mục D1
556,MOTOR ALUMAX 600KG,TANKER_ALUMAX_Lac33,TP-Tanker-Alumax-Lac33,CÁI,,ĐM để trống — cấu phần tính theo công thức hình học
557,MOTOR ALUMAX 600KG,PHỤ THU-TANKER_ALUMAX_LẮC 36,TP-Tanker-Alumax-Lac36,CÁI,,ĐM để trống — cấu phần tính theo công thức hình học
558,MOTOR ALUMAX 600KG,TANKER_ALUMAX_HopDK,TP-Tanker-Alumax-HDK,CÁI,1.0,vật tư KHÔNG tra ra mã trong danh mục D1
559,MOTOR ALUMAX 600KG,TANKER_ALUMAX_TayDK,TP-Tanker-Alumax_TayDK,CÁI,2.0,vật tư KHÔNG tra ra mã trong danh mục D1
567,JG_BỘ ĐIỀU KHIỂN,JG_HopDK,TP-JG-HDK,CÁI,1.0,vật tư KHÔNG tra ra mã trong danh mục D1
568,JG_BỘ ĐIỀU KHIỂN,JG_TayDK,TP-JG_TayDK,CÁI,2.0,vật tư KHÔNG tra ra mã trong danh mục D1
571,JG_KHÔNG BỘ ĐIỀU KHIỂN,JG_HopDK,TP-JG-HDK,CÁI,1.0,vật tư KHÔNG tra ra mã trong danh mục D1
572,JG_KHÔNG BỘ ĐIỀU KHIỂN,JG_TayDK,TP-JG_TayDK,CÁI,2.0,vật tư KHÔNG tra ra mã trong danh mục D1
574,JG_KHÔNG BỘ ĐIỀU KHIỂN+KHÔNG LẮC,JG_HopDK,TP-JG-HDK,CÁI,1.0,vật tư KHÔNG tra ra mã trong danh mục D1
575,JG_KHÔNG BỘ ĐIỀU KHIỂN+KHÔNG LẮC,JG_TayDK,TP-JG_TayDK,CÁI,2.0,vật tư KHÔNG tra ra mã trong danh mục D1
576,JG_KHÔNG BỘ ĐIỀU KHIỂN+KHÔNG LẮC,JG_KHÔNG LẮC,TRU-TP_KHONGLAC_JG,CÁI,1.0,vật tư KHÔNG tra ra mã trong danh mục D1
583,BOSTEC BỘ ĐIỀU KHIỂN,BOSTEC_HỘP ĐK,TP-MTT_BOSTEC-HOPDK,CÁI,1.0,vật tư KHÔNG tra ra mã trong danh mục D1
584,BOSTEC BỘ ĐIỀU KHIỂN,BOSTEC_TAYDK,TP-MTT-BOSTEC-TAYDK,CÁI,2.0,vật tư KHÔNG tra ra mã trong danh mục D1
588,CHTAIWAN BỘ ĐIỀU KHIỂN,CHTAIWAN_HỘP ĐK,TP-MTT_CHTAIWAN-HOPDK,CÁI,1.0,vật tư MƠ HỒ — cần chủ xưởng chốt mã
589,CHTAIWAN BỘ ĐIỀU KHIỂN,CHTAIWAN_TAYDK,TP-MTT-CHTAIWAN-TAYDK,CÁI,2.0,vật tư KHÔNG tra ra mã trong danh mục D1
591,MTT BOSTEC ĐÔI - PHẢI,BOSTEC_THÂN ĐÔI_PHẢI,TP-MTT_BOSTEC-DOI_THAN(P),CÁI,1.0,vật tư KHÔNG tra ra mã trong danh mục D1
592,MTT BOSTEC ĐÔI - PHẢI,BOSTEC_HỘP ĐK,TP-MTT_BOSTEC-HOPDK,CÁI,1.0,vật tư KHÔNG tra ra mã trong danh mục D1
593,MTT BOSTEC ĐÔI - PHẢI,BOSTEC_TAYDK,TP-MTT-BOSTEC-TAYDK,CÁI,2.0,vật tư KHÔNG tra ra mã trong danh mục D1
594,MTT BOSTEC ĐÔI - PHẢI,BOSTEC_PHÍM ÂM TƯỜNG,TP-MTT-BOSTEC-PAT,CÁI,1.0,"THÀNH PHẨM ""MTT BOSTEC ĐÔI - PHẢI"" (TP-MTT_BOSTEC-DOI(P)) chưa tra ra mã D1 [mohho]"
596,MTT BOSTEC ĐÔI - TRÁI,BOSTEC_THÂN ĐÔI_TRÁI,TP-MTT_BOSTEC-DOI_THAN(T),CÁI,1.0,vật tư KHÔNG tra ra mã trong danh mục D1
597,MTT BOSTEC ĐÔI - TRÁI,BOSTEC_HỘP ĐK,TP-MTT_BOSTEC-HOPDK,CÁI,1.0,vật tư KHÔNG tra ra mã trong danh mục D1
598,MTT BOSTEC ĐÔI - TRÁI,BOSTEC_TAYDK,TP-MTT-BOSTEC-TAYDK,CÁI,2.0,vật tư KHÔNG tra ra mã trong danh mục D1
599,MTT BOSTEC ĐÔI - TRÁI,BOSTEC_PHÍM ÂM TƯỜNG,TP-MTT-BOSTEC-PAT,CÁI,1.0,"THÀNH PHẨM ""MTT BOSTEC ĐÔI - TRÁI"" (TP-MTT_BOSTEC-DOI(T)) chưa tra ra mã D1 [mohho]"
601,MTT BOSTEC ĐƠN - PHẢI,BOSTEC_THÂN ĐƠN_PHẢI,TP-MTT_BOSTEC-DON_THAN(P),CÁI,1.0,vật tư KHÔNG tra ra mã trong danh mục D1
602,MTT BOSTEC ĐƠN - PHẢI,BOSTEC_HỘP ĐK,TP-MTT_BOSTEC-HOPDK,CÁI,1.0,vật tư KHÔNG tra ra mã trong danh mục D1
603,MTT BOSTEC ĐƠN - PHẢI,BOSTEC_TAYDK,TP-MTT-BOSTEC-TAYDK,CÁI,2.0,vật tư KHÔNG tra ra mã trong danh mục D1
604,MTT BOSTEC ĐƠN - PHẢI,BOSTEC_PHÍM ÂM TƯỜNG,TP-MTT-BOSTEC-PAT,CÁI,1.0,"THÀNH PHẨM ""MTT BOSTEC ĐƠN - PHẢI"" (TP-MTT_BOSTEC-DON(P)) chưa tra ra mã D1 [mohho]"
606,MTT BOSTEC ĐƠN - TRÁI,BOSTEC_THÂN ĐƠN_TRÁI,TP-MTT_BOSTEC-DON_THAN(T),CÁI,1.0,vật tư KHÔNG tra ra mã trong danh mục D1
607,MTT BOSTEC ĐƠN - TRÁI,BOSTEC_HỘP ĐK,TP-MTT_BOSTEC-HOPDK,CÁI,1.0,vật tư KHÔNG tra ra mã trong danh mục D1
608,MTT BOSTEC ĐƠN - TRÁI,BOSTEC_TAYDK,TP-MTT-BOSTEC-TAYDK,CÁI,2.0,vật tư KHÔNG tra ra mã trong danh mục D1
609,MTT BOSTEC ĐƠN - TRÁI,BOSTEC_PHÍM ÂM TƯỜNG,TP-MTT-BOSTEC-PAT,CÁI,1.0,"THÀNH PHẨM ""MTT BOSTEC ĐƠN - TRÁI"" (TP-MTT_BOSTEC-DON(T)) chưa tra ra mã D1 [mohho]"
611,MTT CHTAIWAN ĐÔI - TRÁI,CHTAIWAN_THÂN ĐÔI_TRÁI,TP-MTT_CHTAIWAN-DOI(T),CÁI,1.0,vật tư KHÔNG tra ra mã trong danh mục D1
612,MTT CHTAIWAN ĐÔI - TRÁI,CHTAIWAN_HỘP ĐK,TP-MTT_CHTAIWAN-HOPDK,CÁI,1.0,vật tư MƠ HỒ — cần chủ xưởng chốt mã
613,MTT CHTAIWAN ĐÔI - TRÁI,CHTAIWAN_TAYDK,TP-MTT-CHTAIWAN-TAYDK,CÁI,2.0,vật tư KHÔNG tra ra mã trong danh mục D1
614,MTT CHTAIWAN ĐÔI - TRÁI,CHTAIWAN_PHÍM ÂM TƯỜNG,TP-MTT-CHTAIWAN-PAT,CÁI,1.0,"THÀNH PHẨM ""MTT CHTAIWAN ĐÔI - TRÁI"" (TP-MTT_CHTAIWAN-DOI(T)) chưa tra ra mã D1 [mohho]"
616,MTT CHTAIWAN ĐÔI - PHẢI,CHTAIWAN_THÂN ĐÔI_PHẢI,TP-MTT_CHTAIWAN-DOI(P),CÁI,1.0,vật tư KHÔNG tra ra mã trong danh mục D1
617,MTT CHTAIWAN ĐÔI - PHẢI,CHTAIWAN_HỘP ĐK,TP-MTT_CHTAIWAN-HOPDK,CÁI,1.0,vật tư MƠ HỒ — cần chủ xưởng chốt mã
618,MTT CHTAIWAN ĐÔI - PHẢI,CHTAIWAN_TAYDK,TP-MTT-CHTAIWAN-TAYDK,CÁI,2.0,vật tư KHÔNG tra ra mã trong danh mục D1
619,MTT CHTAIWAN ĐÔI - PHẢI,CHTAIWAN_PHÍM ÂM TƯỜNG,TP-MTT-CHTAIWAN-PAT,CÁI,1.0,"THÀNH PHẨM ""MTT CHTAIWAN ĐÔI - PHẢI"" (TP-MTT_CHTAIWAN-DOI(P)) chưa tra ra mã D1 [mohho]"
621,MTT CHTAIWAN ĐƠN - PHẢI,CHTAIWAN_THÂN ĐƠN_PHẢI,TP-MTT_CHTAIWAN-DON(P),CÁI,1.0,vật tư KHÔNG tra ra mã trong danh mục D1
622,MTT CHTAIWAN ĐƠN - PHẢI,CHTAIWAN_HỘP ĐK,TP-MTT_CHTAIWAN-HOPDK,CÁI,1.0,vật tư MƠ HỒ — cần chủ xưởng chốt mã
623,MTT CHTAIWAN ĐƠN - PHẢI,CHTAIWAN_TAYDK,TP-MTT-CHTAIWAN-TAYDK,CÁI,2.0,vật tư KHÔNG tra ra mã trong danh mục D1
624,MTT CHTAIWAN ĐƠN - PHẢI,CHTAIWAN_PHÍM ÂM TƯỜNG,TP-MTT-CHTAIWAN-PAT,CÁI,1.0,"THÀNH PHẨM ""MTT CHTAIWAN ĐƠN - PHẢI"" (TP-MTT_CHTAIWAN-DON(P)) chưa tra ra mã D1 [mohho]"
626,MTT CHTAIWAN ĐƠN - TRÁI,CHTAIWAN_THÂN ĐƠN_TRÁI,TP-MTT_CHTAIWAN-DON(T),CÁI,1.0,vật tư KHÔNG tra ra mã trong danh mục D1
627,MTT CHTAIWAN ĐƠN - TRÁI,CHTAIWAN_HỘP ĐK,TP-MTT_CHTAIWAN-HOPDK,CÁI,1.0,vật tư MƠ HỒ — cần chủ xưởng chốt mã
628,MTT CHTAIWAN ĐƠN - TRÁI,CHTAIWAN_TAYDK,TP-MTT-CHTAIWAN-TAYDK,CÁI,2.0,vật tư KHÔNG tra ra mã trong danh mục D1
629,MTT CHTAIWAN ĐƠN - TRÁI,CHTAIWAN_PHÍM ÂM TƯỜNG,TP-MTT-CHTAIWAN-PAT,CÁI,1.0,"THÀNH PHẨM ""MTT CHTAIWAN ĐƠN - TRÁI"" (TP-MTT_CHTAIWAN-DON(T)) chưa tra ra mã D1 [mohho]"
631,MOTOR YHTAIWAN CH 300KG,YHTAIWAN_Thân 300KG,TP-YHTaiwan-Than300KG,CÁI,1.0,"THÀNH PHẨM ""MOTOR YHTAIWAN CH 300KG"" (TP-MT-YHTAIWAN CH 300KG) chưa tra ra mã D1 [mohho]"
632,MOTOR YHTAIWAN CH 300KG,YHTAIWAN_LacYHTW300-400-500KG,TP-YHTaiwan-LaYHTW300-400-500KG,CÁI,1.0,"THÀNH PHẨM ""MOTOR YHTAIWAN CH 300KG"" (TP-MT-YHTAIWAN CH 300KG) chưa tra ra mã D1 [mohho]"
633,MOTOR YHTAIWAN CH 300KG,YHTAIWAN_HopDK,TP-YHTaiwan-HDK,CÁI,1.0,"THÀNH PHẨM ""MOTOR YHTAIWAN CH 300KG"" (TP-MT-YHTAIWAN CH 300KG) chưa tra ra mã D1 [mohho]"
634,MOTOR YHTAIWAN CH 300KG,YHTAIWAN_TayDK,TP-YHTaiwan-TayDK,CÁI,2.0,vật tư KHÔNG tra ra mã trong danh mục D1
635,MOTOR YHTAIWAN CH 300KG,YHTAIWAN_Phimamtuongcoday,TP-YHTaiwan-PATCD,BỘ,1.0,"THÀNH PHẨM ""MOTOR YHTAIWAN CH 300KG"" (TP-MT-YHTAIWAN CH 300KG) chưa tra ra mã D1 [mohho]"
637,MOTOR YHTAIWAN CH 500KG,YHTAIWAN_Thân 500KG,TP-YHTaiwan-Than500KG,CÁI,1.0,"THÀNH PHẨM ""MOTOR YHTAIWAN CH 500KG"" (TP-MT-YHTAIWAN CH 500KG) chưa tra ra mã D1 [mohho]"
638,MOTOR YHTAIWAN CH 500KG,YHTAIWAN_LacYHTW300-400-500KG,TP-YHTaiwan-LaYHTW300-400-500KG,CÁI,1.0,"THÀNH PHẨM ""MOTOR YHTAIWAN CH 500KG"" (TP-MT-YHTAIWAN CH 500KG) chưa tra ra mã D1 [mohho]"
639,MOTOR YHTAIWAN CH 500KG,YHTAIWAN_HopDK,TP-YHTaiwan-HDK,CÁI,1.0,"THÀNH PHẨM ""MOTOR YHTAIWAN CH 500KG"" (TP-MT-YHTAIWAN CH 500KG) chưa tra ra mã D1 [mohho]"
640,MOTOR YHTAIWAN CH 500KG,YHTAIWAN_TayDK,TP-YHTaiwan-TayDK,CÁI,2.0,vật tư KHÔNG tra ra mã trong danh mục D1
641,MOTOR YHTAIWAN CH 500KG,YHTAIWAN_Phimamtuongcoday,TP-YHTaiwan-PATCD,BỘ,1.0,"THÀNH PHẨM ""MOTOR YHTAIWAN CH 500KG"" (TP-MT-YHTAIWAN CH 500KG) chưa tra ra mã D1 [mohho]"
643,MOTOR YHTAIWAN CH 400KG,YHTAIWAN_Thân 400KG,TP-YHTaiwan-Than400KG,CÁI,1.0,"THÀNH PHẨM ""MOTOR YHTAIWAN CH 400KG"" (TP-MT-YHTAIWAN CH 400KG) chưa tra ra mã D1 [mohho]"
644,MOTOR YHTAIWAN CH 400KG,YHTAIWAN_LacYHTW300-400-500KG,TP-YHTaiwan-LaYHTW300-400-500KG,CÁI,1.0,"THÀNH PHẨM ""MOTOR YHTAIWAN CH 400KG"" (TP-MT-YHTAIWAN CH 400KG) chưa tra ra mã D1 [mohho]"
645,MOTOR YHTAIWAN CH 400KG,YHTAIWAN_HopDK,TP-YHTaiwan-HDK,CÁI,1.0,"THÀNH PHẨM ""MOTOR YHTAIWAN CH 400KG"" (TP-MT-YHTAIWAN CH 400KG) chưa tra ra mã D1 [mohho]"
646,MOTOR YHTAIWAN CH 400KG,YHTAIWAN_TayDK,TP-YHTaiwan-TayDK,CÁI,2.0,vật tư KHÔNG tra ra mã trong danh mục D1
647,MOTOR YHTAIWAN CH 400KG,YHTAIWAN_Phimamtuongcoday,TP-YHTaiwan-PATCD,BỘ,1.0,"THÀNH PHẨM ""MOTOR YHTAIWAN CH 400KG"" (TP-MT-YHTAIWAN CH 400KG) chưa tra ra mã D1 [mohho]"
649,MOTOR YHTAIWAN CH 600KG,YHTAIWAN_Thân 600KG,TP-YHTaiwan-Than600KG,CÁI,1.0,"THÀNH PHẨM ""MOTOR YHTAIWAN CH 600KG"" (TP-MT-YHTAIWAN CH 600KG) chưa tra ra mã D1 [mohho]"
650,MOTOR YHTAIWAN CH 600KG,YHTAIWAN_LacYHTW600-700-800KG,TP-YHTaiwan-LaYHTW600-700-800KG,CÁI,1.0,"THÀNH PHẨM ""MOTOR YHTAIWAN CH 600KG"" (TP-MT-YHTAIWAN CH 600KG) chưa tra ra mã D1 [mohho]"
651,MOTOR YHTAIWAN CH 600KG,YHTAIWAN_HopDK,TP-YHTaiwan-HDK,CÁI,1.0,"THÀNH PHẨM ""MOTOR YHTAIWAN CH 600KG"" (TP-MT-YHTAIWAN CH 600KG) chưa tra ra mã D1 [mohho]"
652,MOTOR YHTAIWAN CH 600KG,YHTAIWAN_TayDK,TP-YHTaiwan-TayDK,CÁI,2.0,vật tư KHÔNG tra ra mã trong danh mục D1
653,MOTOR YHTAIWAN CH 600KG,YHTAIWAN_Phimamtuongcoday,TP-YHTaiwan-PATCD,BỘ,1.0,"THÀNH PHẨM ""MOTOR YHTAIWAN CH 600KG"" (TP-MT-YHTAIWAN CH 600KG) chưa tra ra mã D1 [mohho]"
655,MOTOR YHTAIWAN CH 700KG,YHTAIWAN_Thân 700KG,TP-YHTaiwan-Than700KG,CÁI,1.0,"THÀNH PHẨM ""MOTOR YHTAIWAN CH 700KG"" (TP-MT-YHTAIWAN CH 700KG) chưa tra ra mã D1 [mohho]"
656,MOTOR YHTAIWAN CH 700KG,YHTAIWAN_LacYHTW600-700-800KG,TP-YHTaiwan-LaYHTW600-700-800KG,CÁI,1.0,"THÀNH PHẨM ""MOTOR YHTAIWAN CH 700KG"" (TP-MT-YHTAIWAN CH 700KG) chưa tra ra mã D1 [mohho]"
657,MOTOR YHTAIWAN CH 700KG,YHTAIWAN_HopDK,TP-YHTaiwan-HDK,CÁI,1.0,"THÀNH PHẨM ""MOTOR YHTAIWAN CH 700KG"" (TP-MT-YHTAIWAN CH 700KG) chưa tra ra mã D1 [mohho]"
658,MOTOR YHTAIWAN CH 700KG,YHTAIWAN_TayDK,TP-YHTaiwan-TayDK,CÁI,2.0,vật tư KHÔNG tra ra mã trong danh mục D1
659,MOTOR YHTAIWAN CH 700KG,YHTAIWAN_Phimamtuongcoday,TP-YHTaiwan-PATCD,BỘ,1.0,"THÀNH PHẨM ""MOTOR YHTAIWAN CH 700KG"" (TP-MT-YHTAIWAN CH 700KG) chưa tra ra mã D1 [mohho]"
661,MOTOR YHTAIWAN CH 800KG,YHTAIWAN_Thân 800KG,TP-YHTaiwan-Than800KG,CÁI,1.0,"THÀNH PHẨM ""MOTOR YHTAIWAN CH 800KG"" (TP-MT-YHTAIWAN CH 800KG) chưa tra ra mã D1 [mohho]"
662,MOTOR YHTAIWAN CH 800KG,YHTAIWAN_LacYHTW600-700-800KG,TP-YHTaiwan-LaYHTW600-700-800KG,CÁI,1.0,"THÀNH PHẨM ""MOTOR YHTAIWAN CH 800KG"" (TP-MT-YHTAIWAN CH 800KG) chưa tra ra mã D1 [mohho]"
663,MOTOR YHTAIWAN CH 800KG,YHTAIWAN_HopDK,TP-YHTaiwan-HDK,CÁI,1.0,"THÀNH PHẨM ""MOTOR YHTAIWAN CH 800KG"" (TP-MT-YHTAIWAN CH 800KG) chưa tra ra mã D1 [mohho]"
664,MOTOR YHTAIWAN CH 800KG,YHTAIWAN_TayDK,TP-YHTaiwan-TayDK,CÁI,2.0,vật tư KHÔNG tra ra mã trong danh mục D1
665,MOTOR YHTAIWAN CH 800KG,YHTAIWAN_Phimamtuongcoday,TP-YHTaiwan-PATCD,BỘ,1.0,"THÀNH PHẨM ""MOTOR YHTAIWAN CH 800KG"" (TP-MT-YHTAIWAN CH 800KG) chưa tra ra mã D1 [mohho]"
667,MOTOR YHTAIWAN CH 1000KG,YHTAIWAN_Thân 1000KG,TP-YHTaiwan-Than1000KG,CÁI,1.0,"THÀNH PHẨM ""MOTOR YHTAIWAN CH 1000KG"" (TP-MT-YHTAIWAN CH 1000KG) chưa tra ra mã D1 [mohho]"
668,MOTOR YHTAIWAN CH 1000KG,YHTAIWAN_LacYHTW1000-1200KG,TP-YHTaiwan-LaYHTW1000-1200KG,CÁI,1.0,"THÀNH PHẨM ""MOTOR YHTAIWAN CH 1000KG"" (TP-MT-YHTAIWAN CH 1000KG) chưa tra ra mã D1 [mohho]"
669,MOTOR YHTAIWAN CH 1000KG,YHTAIWAN_HopDK,TP-YHTaiwan-HDK,CÁI,1.0,"THÀNH PHẨM ""MOTOR YHTAIWAN CH 1000KG"" (TP-MT-YHTAIWAN CH 1000KG) chưa tra ra mã D1 [mohho]"
670,MOTOR YHTAIWAN CH 1000KG,YHTAIWAN_TayDK,TP-YHTaiwan-TayDK,CÁI,2.0,vật tư KHÔNG tra ra mã trong danh mục D1
671,MOTOR YHTAIWAN CH 1000KG,YHTAIWAN_Phimamtuongcoday,TP-YHTaiwan-PATCD,BỘ,1.0,"THÀNH PHẨM ""MOTOR YHTAIWAN CH 1000KG"" (TP-MT-YHTAIWAN CH 1000KG) chưa tra ra mã D1 [mohho]"
673,YHTAIWAN_BỘ ĐIỀU KHIỂN,YHTAIWAN_HopDK,TP-YHTaiwan-HDK,CÁI,1.0,"THÀNH PHẨM ""YHTAIWAN_BỘ ĐIỀU KHIỂN"" (TP-YHTaiwan-BODK) chưa tra ra mã D1 [mohho]"
674,YHTAIWAN_BỘ ĐIỀU KHIỂN,YHTAIWAN_TayDK,TP-YHTaiwan-TayDK,CÁI,2.0,vật tư KHÔNG tra ra mã trong danh mục D1
680,TRỤC PHI 34,TRỤC 34,NVL-TRUC34,KG/M,1.7,"ĐVT ""KG/M"" — chưa rõ theo chiều CAO hay RỘNG"
683,CÂY KÉO CỬA INOX,CÂY KÉO CỬA (INOX + NHỰA+MÓC),"NVL-INOX, NVL-NHUA, NVL-MOC",KG/M,0.268,vật tư KHÔNG tra ra mã trong danh mục D1
685,THANH ĐÁY ÚC_KTD,V ĐÁY (THANH ĐÁY ÚC),NVL-VDAY-TDU,KG/M,0.6,"ĐVT ""KG/M"" — chưa rõ theo chiều CAO hay RỘNG"
689,CỬA ÚC KT 4D XN-VK,LÁ TÔN 4D XN-VK,NVL-TON3.8D-XN-VK,KG/M2,3.6,vật tư KHÔNG tra ra mã trong danh mục D1
690,CỬA ÚC KT 4D XN-VK,GIÁ T,NVL-GIAT,CẶP,1.0,"THÀNH PHẨM ""CỬA ÚC KT 4D XN-VK"" (TP-UC KT 4D XN-VK) chưa tra ra mã D1 [mohho]"
691,CỬA ÚC KT 4D XN-VK,PULY GAI,NVL-PULYGAI,KG/M2,0.126,"THÀNH PHẨM ""CỬA ÚC KT 4D XN-VK"" (TP-UC KT 4D XN-VK) chưa tra ra mã D1 [mohho]"
692,CỬA ÚC KT 4D XN-VK,V ĐÁY (THANH ĐÁY ÚC),NVL-VDAY-TDU,KG/M,0.6,"ĐVT ""KG/M"" — chưa rõ theo chiều CAO hay RỘNG"
693,CỬA ÚC KT 4D XN-VK,RON ĐÁY ÚC,NVL-RONDAYUC,KG/M NGANG,0.0077,"THÀNH PHẨM ""CỬA ÚC KT 4D XN-VK"" (TP-UC KT 4D XN-VK) chưa tra ra mã D1 [mohho]"
694,CỬA ÚC KT 4D XN-VK,RAY SẮT (KHÔNG RON) U70,NVL-TOLE1.2x190-KRON,KG/M,1.78,vật tư KHÔNG tra ra mã trong danh mục D1
695,CỬA ÚC KT 4D XN-VK,XỐP ( TẤM NHỎ - 45cm),NVL-XOP-N45,TẤM,,ĐM để trống — cấu phần tính theo công thức hình học
696,CỬA ÚC KT 4D XN-VK,TRỤC 34,NVL-TRUC34,KG/M,1.7,"ĐVT ""KG/M"" — chưa rõ theo chiều CAO hay RỘNG"
697,CỬA ÚC KT 4D XN-VK,PULY UC 34,NVL-PULYUC34,CÁI,,ĐM để trống — cấu phần tính theo công thức hình học
698,CỬA ÚC KT 4D XN-VK,LÒ XO 46V,NVL-LX-5.5 x 70 x 46V,CÁI,,ĐM để trống — cấu phần tính theo công thức hình học
699,CỬA ÚC KT 4D XN-VK,LÒ XO 50V,NVL-LX-5.5 x 70 x 50V,CÁI,,ĐM để trống — cấu phần tính theo công thức hình học
700,CỬA ÚC KT 4D XN-VK,LÒ XO 53V,NVL-LV-6.0 x 70 x 53V,CÁI,,ĐM để trống — cấu phần tính theo công thức hình học
701,CỬA ÚC KT 4D XN-VK,LÒ XO 63V,NVL-LV-6.5 x 80 x 63V,CÁI,2.0,"THÀNH PHẨM ""CỬA ÚC KT 4D XN-VK"" (TP-UC KT 4D XN-VK) chưa tra ra mã D1 [mohho]"
702,CỬA ÚC KT 4D XN-VK,LÒ XO 68V,NVL-LV-6.5 x 80 x 68V,CÁI,,ĐM để trống — cấu phần tính theo công thức hình học
703,CỬA ÚC KT 4D XN-VK,LÒ XO 65V,NVL-LV-7.0 x 90 x 65V,CÁI,,ĐM để trống — cấu phần tính theo công thức hình học
704,CỬA ÚC KT 4D XN-VK,LÒ XO 73V,NVL-LV-7.0 x 90 x 73V,CÁI,,ĐM để trống — cấu phần tính theo công thức hình học
705,CỬA ÚC KT 4D XN-VK,LÒ XO 83V,NVL-LV-7.0 x 90 x 83V,CÁI,,ĐM để trống — cấu phần tính theo công thức hình học
706,CỬA ÚC KT 4D XN-VK,LÒ XO 62V,,,,ĐM để trống — cấu phần tính theo công thức hình học
707,CỬA ÚC KT 4D XN-VK,CÙM HÃM NHỰA,NVL-CHNHUA,CÁI,2.0,vật tư MƠ HỒ — cần chủ xưởng chốt mã
708,CỬA ÚC KT 4D XN-VK,VAI HÃM XO,NVL-VAIHAMXO,CÁI,,ĐM để trống — cấu phần tính theo công thức hình học
709,CỬA ÚC KT 4D XN-VK,CÂY KÉO CỬA (INOX + NHỰA+MÓC),"NVL-INOX, NVL-NHUA, NVL-MOC",CÂY,1.0,vật tư KHÔNG tra ra mã trong danh mục D1
710,CỬA ÚC KT 4D XN-VK,GỐI SẮT,NVL-GOIFE,CÁI,2.0,"THÀNH PHẨM ""CỬA ÚC KT 4D XN-VK"" (TP-UC KT 4D XN-VK) chưa tra ra mã D1 [mohho]"
711,CỬA ÚC KT 4D XN-VK,BÁT KHÓA ÂM NỀN,NVL-BKAN,KG/CẶP,0.1925,"THÀNH PHẨM ""CỬA ÚC KT 4D XN-VK"" (TP-UC KT 4D XN-VK) chưa tra ra mã D1 [mohho]"
712,CỬA ÚC KT 4D XN-VK,VIS ĐẦU DÙ BẮN LÔ,NVL-VISDD-BANLO,CON,0.0032,"THÀNH PHẨM ""CỬA ÚC KT 4D XN-VK"" (TP-UC KT 4D XN-VK) chưa tra ra mã D1 [mohho]"
713,CỬA ÚC KT 4D XN-VK,VIS BẮN LÔ 2P,NVL-VIS-BANLO2P,CON,0.0021,"THÀNH PHẨM ""CỬA ÚC KT 4D XN-VK"" (TP-UC KT 4D XN-VK) chưa tra ra mã D1 [mohho]"
715,CỬA ÚC MTN 4D XN-VK,LÁ TÔN 4D XN-VK,NVL-TON3.8D-GU KU,KG/M2,3.6,vật tư KHÔNG tra ra mã trong danh mục D1
716,CỬA ÚC MTN 4D XN-VK,V ĐÁY (THANH ĐÁY ÚC),NVL-VDAY-TDU,KG/M,0.6,"ĐVT ""KG/M"" — chưa rõ theo chiều CAO hay RỘNG"
717,CỬA ÚC MTN 4D XN-VK,RON ĐÁY ÚC,NVL-RONDAYUC,KG/M NGANG,0.0077,"THÀNH PHẨM ""CỬA ÚC MTN 4D XN-VK"" (TP-UC MTN 4D XN-VK) chưa tra ra mã D1 [mohho]"
718,CỬA ÚC MTN 4D XN-VK,SẮT VUÔNG 3X6M,NVL-3X6M,M,1.0,"ĐVT ""M"" — chưa rõ theo chiều CAO hay RỘNG"
719,CỬA ÚC MTN 4D XN-VK,RAY SẮT (KHÔNG RON) U70,NVL-TOLE1.2x190-KRON,KG/M,1.78,vật tư KHÔNG tra ra mã trong danh mục D1
720,CỬA ÚC MTN 4D XN-VK,XỐP ( TẤM NHỎ - 45cm),NVL-XOP-N45,TẤM,1.0,vật tư MƠ HỒ — cần chủ xưởng chốt mã
721,CỬA ÚC MTN 4D XN-VK,TRỤC114_1.8LY,TRUC114_1.8LY,KG/M,1.7,"ĐVT ""KG/M"" — chưa rõ theo chiều CAO hay RỘNG"
722,CỬA ÚC MTN 4D XN-VK,PULY 114,NVL-PULYUC114,CÁI,,ĐM để trống — cấu phần tính theo công thức hình học
723,CỬA ÚC MTN 4D XN-VK,BÁT KHÓA ÂM NỀN,NVL-BKAN,KG/CẶP,0.1925,"THÀNH PHẨM ""CỬA ÚC MTN 4D XN-VK"" (TP-UC MTN 4D XN-VK) chưa tra ra mã D1 [mohho]"
724,CỬA ÚC MTN 4D XN-VK,VIS ĐẦU DÙ BẮN LÔ,NVL-VISDD-BANLO,CON,0.0032,"THÀNH PHẨM ""CỬA ÚC MTN 4D XN-VK"" (TP-UC MTN 4D XN-VK) chưa tra ra mã D1 [mohho]"
725,CỬA ÚC MTN 4D XN-VK,VIS BẮN LÔ 2P,NVL-VIS-BANLO2P,CON,0.0021,"THÀNH PHẨM ""CỬA ÚC MTN 4D XN-VK"" (TP-UC MTN 4D XN-VK) chưa tra ra mã D1 [mohho]"
727,KHÓA NGANG,NVL Ổ KHÓA,NVL-OKHOA,BỘ,1.0,vật tư MƠ HỒ — cần chủ xưởng chốt mã
728,KHÓA NGANG,TI INOX,NVL-TIINOX,KG/M,0.11,vật tư MƠ HỒ — cần chủ xưởng chốt mã
734,CỬA ÚC KT 4.6D XN-VK,LÁ TÔN 4.6D XN-VK,NVL-TOLE0.42x598-XN-VK,KG/M2,4.4,vật tư KHÔNG tra ra mã trong danh mục D1
735,CỬA ÚC KT 4.6D XN-VK,GIÁ T,NVL-GIAT,CẶP,1.0,"THÀNH PHẨM ""CỬA ÚC KT 4.6D XN-VK"" (TP-UC KT 4.6D XN-VK) chưa tra ra mã D1 [mohho]"
736,CỬA ÚC KT 4.6D XN-VK,PULY GAI,NVL-PULYGAI,KG/M2,0.126,"THÀNH PHẨM ""CỬA ÚC KT 4.6D XN-VK"" (TP-UC KT 4.6D XN-VK) chưa tra ra mã D1 [mohho]"
737,CỬA ÚC KT 4.6D XN-VK,V ĐÁY (THANH ĐÁY ÚC),NVL-VDAY-TDU,KG/M,0.6,"ĐVT ""KG/M"" — chưa rõ theo chiều CAO hay RỘNG"
738,CỬA ÚC KT 4.6D XN-VK,RON ĐÁY ÚC,NVL-RONDAYUC,KG/M NGANG,0.0077,"THÀNH PHẨM ""CỬA ÚC KT 4.6D XN-VK"" (TP-UC KT 4.6D XN-VK) chưa tra ra mã D1 [mohho]"
739,CỬA ÚC KT 4.6D XN-VK,RAY SẮT (KHÔNG RON) U70,NVL-TOLE1.2x190-KRON,KG/M,1.78,vật tư KHÔNG tra ra mã trong danh mục D1
740,CỬA ÚC KT 4.6D XN-VK,XỐP ( TẤM NHỎ - 45cm),NVL-XOP-N45,TẤM,1.0,vật tư MƠ HỒ — cần chủ xưởng chốt mã
741,CỬA ÚC KT 4.6D XN-VK,TRỤC 34,NVL-TRUC34,KG/M,1.7,"ĐVT ""KG/M"" — chưa rõ theo chiều CAO hay RỘNG"
742,CỬA ÚC KT 4.6D XN-VK,PULY UC 34,NVL-PULYUC34,CÁI,1.0,"THÀNH PHẨM ""CỬA ÚC KT 4.6D XN-VK"" (TP-UC KT 4.6D XN-VK) chưa tra ra mã D1 [mohho]"
743,CỬA ÚC KT 4.6D XN-VK,LÒ XO 46V,NVL-LX-5.5 x 70 x 46V,CÁI,1.0,vật tư MƠ HỒ — cần chủ xưởng chốt mã
744,CỬA ÚC KT 4.6D XN-VK,LÒ XO 50V,NVL-LX-5.5 x 70 x 50V,CÁI,1.0,vật tư MƠ HỒ — cần chủ xưởng chốt mã
745,CỬA ÚC KT 4.6D XN-VK,LÒ XO 53V,NVL-LV-6.0 x 70 x 53V,CÁI,1.0,"THÀNH PHẨM ""CỬA ÚC KT 4.6D XN-VK"" (TP-UC KT 4.6D XN-VK) chưa tra ra mã D1 [mohho]"
746,CỬA ÚC KT 4.6D XN-VK,LÒ XO 63V,NVL-LV-6.5 x 80 x 63V,CÁI,1.0,"THÀNH PHẨM ""CỬA ÚC KT 4.6D XN-VK"" (TP-UC KT 4.6D XN-VK) chưa tra ra mã D1 [mohho]"
747,CỬA ÚC KT 4.6D XN-VK,LÒ XO 68V,NVL-LV-6.5 x 80 x 68V,CÁI,1.0,"THÀNH PHẨM ""CỬA ÚC KT 4.6D XN-VK"" (TP-UC KT 4.6D XN-VK) chưa tra ra mã D1 [mohho]"
748,CỬA ÚC KT 4.6D XN-VK,LÒ XO 65V,NVL-LV-7.0 x 90 x 65V,CÁI,1.0,"THÀNH PHẨM ""CỬA ÚC KT 4.6D XN-VK"" (TP-UC KT 4.6D XN-VK) chưa tra ra mã D1 [mohho]"
749,CỬA ÚC KT 4.6D XN-VK,LÒ XO 73V,NVL-LV-7.0 x 90 x 73V,CÁI,1.0,"THÀNH PHẨM ""CỬA ÚC KT 4.6D XN-VK"" (TP-UC KT 4.6D XN-VK) chưa tra ra mã D1 [mohho]"
750,CỬA ÚC KT 4.6D XN-VK,LÒ XO 83V,NVL-LV-7.0 x 90 x 83V,CÁI,1.0,"THÀNH PHẨM ""CỬA ÚC KT 4.6D XN-VK"" (TP-UC KT 4.6D XN-VK) chưa tra ra mã D1 [mohho]"
751,CỬA ÚC KT 4.6D XN-VK,CÙM HÃM NHỰA,NVL-CHNHUA,CÁI,2.0,vật tư MƠ HỒ — cần chủ xưởng chốt mã
752,CỬA ÚC KT 4.6D XN-VK,VAI HÃM XO,NVL-VAIHAMXO,CÁI,3.0,"THÀNH PHẨM ""CỬA ÚC KT 4.6D XN-VK"" (TP-UC KT 4.6D XN-VK) chưa tra ra mã D1 [mohho]"
753,CỬA ÚC KT 4.6D XN-VK,CÂY KÉO CỬA (INOX + NHỰA+MÓC),"NVL-INOX, NVL-NHUA, NVL-MOC",KG/M,0.268,vật tư KHÔNG tra ra mã trong danh mục D1
754,CỬA ÚC KT 4.6D XN-VK,GỐI SẮT,NVL-GOIFE,CÁI,2.0,"THÀNH PHẨM ""CỬA ÚC KT 4.6D XN-VK"" (TP-UC KT 4.6D XN-VK) chưa tra ra mã D1 [mohho]"
755,CỬA ÚC KT 4.6D XN-VK,BÁT KHÓA ÂM NỀN,NVL-BKAN,KG/CẶP,0.1925,"THÀNH PHẨM ""CỬA ÚC KT 4.6D XN-VK"" (TP-UC KT 4.6D XN-VK) chưa tra ra mã D1 [mohho]"
756,CỬA ÚC KT 4.6D XN-VK,VIS ĐẦU DÙ BẮN LÔ,NVL-VISDD-BANLO,CON,0.0032,"THÀNH PHẨM ""CỬA ÚC KT 4.6D XN-VK"" (TP-UC KT 4.6D XN-VK) chưa tra ra mã D1 [mohho]"
757,CỬA ÚC KT 4.6D XN-VK,VIS BẮN LÔ 2P,NVL-VIS-BANLO2P,CON,0.0021,"THÀNH PHẨM ""CỬA ÚC KT 4.6D XN-VK"" (TP-UC KT 4.6D XN-VK) chưa tra ra mã D1 [mohho]"
759,CỬA ÚC KT 4.6D XR-CAFE,LÁ TÔN 4.6D XR-CF,NVL-TOLE0.42x598-XR-CF,KG/M2,4.4,vật tư KHÔNG tra ra mã trong danh mục D1
760,CỬA ÚC KT 4.6D XR-CAFE,GIÁ T,NVL-GIAT,CẶP,1.0,"THÀNH PHẨM ""CỬA ÚC KT 4.6D XR-CAFE"" (TP-UC KT 4.6D XR-CF) chưa tra ra mã D1 [mohho]"
761,CỬA ÚC KT 4.6D XR-CAFE,PULY GAI,NVL-PULYGAI,KG/M2,0.126,"THÀNH PHẨM ""CỬA ÚC KT 4.6D XR-CAFE"" (TP-UC KT 4.6D XR-CF) chưa tra ra mã D1 [mohho]"
762,CỬA ÚC KT 4.6D XR-CAFE,V ĐÁY (THANH ĐÁY ÚC),NVL-VDAY-TDU,KG/M,0.6,"ĐVT ""KG/M"" — chưa rõ theo chiều CAO hay RỘNG"
763,CỬA ÚC KT 4.6D XR-CAFE,RON ĐÁY ÚC,NVL-RONDAYUC,KG/M NGANG,0.0077,"THÀNH PHẨM ""CỬA ÚC KT 4.6D XR-CAFE"" (TP-UC KT 4.6D XR-CF) chưa tra ra mã D1 [mohho]"
764,CỬA ÚC KT 4.6D XR-CAFE,RAY SẮT (KHÔNG RON) U70,NVL-TOLE1.2x190-KRON,KG/M,1.78,vật tư KHÔNG tra ra mã trong danh mục D1
765,CỬA ÚC KT 4.6D XR-CAFE,XỐP ( TẤM NHỎ - 45cm),NVL-XOP-N45,TẤM,1.0,vật tư MƠ HỒ — cần chủ xưởng chốt mã
766,CỬA ÚC KT 4.6D XR-CAFE,TRỤC 34,NVL-TRUC34,KG/M,1.7,"ĐVT ""KG/M"" — chưa rõ theo chiều CAO hay RỘNG"
767,CỬA ÚC KT 4.6D XR-CAFE,PULY UC 34,NVL-PULYUC34,CÁI,,ĐM để trống — cấu phần tính theo công thức hình học
768,CỬA ÚC KT 4.6D XR-CAFE,LÒ XO 46V,NVL-LX-5.5 x 70 x 46V,CÁI,1.0,vật tư MƠ HỒ — cần chủ xưởng chốt mã
769,CỬA ÚC KT 4.6D XR-CAFE,LÒ XO 50V,NVL-LX-5.5 x 70 x 50V,CÁI,,ĐM để trống — cấu phần tính theo công thức hình học
770,CỬA ÚC KT 4.6D XR-CAFE,LÒ XO 53V,NVL-LV-6.0 x 70 x 53V,CÁI,2.0,"THÀNH PHẨM ""CỬA ÚC KT 4.6D XR-CAFE"" (TP-UC KT 4.6D XR-CF) chưa tra ra mã D1 [mohho]"
771,CỬA ÚC KT 4.6D XR-CAFE,LÒ XO 63V,NVL-LV-6.5 x 80 x 63V,CÁI,,ĐM để trống — cấu phần tính theo công thức hình học
772,CỬA ÚC KT 4.6D XR-CAFE,LÒ XO 68V,NVL-LV-6.5 x 80 x 68V,CÁI,,ĐM để trống — cấu phần tính theo công thức hình học
773,CỬA ÚC KT 4.6D XR-CAFE,LÒ XO 65V,NVL-LV-7.0 x 90 x 65V,CÁI,,ĐM để trống — cấu phần tính theo công thức hình học
774,CỬA ÚC KT 4.6D XR-CAFE,LÒ XO 73V,NVL-LV-7.0 x 90 x 73V,CÁI,,ĐM để trống — cấu phần tính theo công thức hình học
775,CỬA ÚC KT 4.6D XR-CAFE,LÒ XO 83V,NVL-LV-7.0 x 90 x 83V,CÁI,,ĐM để trống — cấu phần tính theo công thức hình học
776,CỬA ÚC KT 4.6D XR-CAFE,CÙM HÃM NHỰA,NVL-CHNHUA,CÁI,2.0,vật tư MƠ HỒ — cần chủ xưởng chốt mã
777,CỬA ÚC KT 4.6D XR-CAFE,VAI HÃM XO,NVL-VAIHAMXO,CÁI,3.0,"THÀNH PHẨM ""CỬA ÚC KT 4.6D XR-CAFE"" (TP-UC KT 4.6D XR-CF) chưa tra ra mã D1 [mohho]"
778,CỬA ÚC KT 4.6D XR-CAFE,CÂY KÉO CỬA (INOX + NHỰA+MÓC),"NVL-INOX, NVL-NHUA, NVL-MOC",KG/M,0.268,vật tư KHÔNG tra ra mã trong danh mục D1
779,CỬA ÚC KT 4.6D XR-CAFE,GỐI SẮT,NVL-GOIFE,CÁI,2.0,"THÀNH PHẨM ""CỬA ÚC KT 4.6D XR-CAFE"" (TP-UC KT 4.6D XR-CF) chưa tra ra mã D1 [mohho]"
780,CỬA ÚC KT 4.6D XR-CAFE,BÁT KHÓA ÂM NỀN,NVL-BKAN,KG/CẶP,0.1925,"THÀNH PHẨM ""CỬA ÚC KT 4.6D XR-CAFE"" (TP-UC KT 4.6D XR-CF) chưa tra ra mã D1 [mohho]"
781,CỬA ÚC KT 4.6D XR-CAFE,VIS ĐẦU DÙ BẮN LÔ,NVL-VISDD-BANLO,CON,0.0032,"THÀNH PHẨM ""CỬA ÚC KT 4.6D XR-CAFE"" (TP-UC KT 4.6D XR-CF) chưa tra ra mã D1 [mohho]"
782,CỬA ÚC KT 4.6D XR-CAFE,VIS BẮN LÔ 2P,NVL-VIS-BANLO2P,CON,0.0021,"THÀNH PHẨM ""CỬA ÚC KT 4.6D XR-CAFE"" (TP-UC KT 4.6D XR-CF) chưa tra ra mã D1 [mohho]"
784,CỬA ÚC KT 4.6D TR-XLC,LÁ TÔN 4.6D TR-XLC,NVL-TOLE0.42x598-TR-XLC,KG/M2,4.4,vật tư KHÔNG tra ra mã trong danh mục D1
785,CỬA ÚC KT 4.6D TR-XLC,GIÁ T,NVL-GIAT,CẶP,1.0,"THÀNH PHẨM ""CỬA ÚC KT 4.6D TR-XLC"" (TP-UC KT 4.6D TRẮNG-XLC) chưa tra ra mã D1 [mohho]"
786,CỬA ÚC KT 4.6D TR-XLC,PULY GAI,NVL-PULYGAI,KG/M2,0.126,"THÀNH PHẨM ""CỬA ÚC KT 4.6D TR-XLC"" (TP-UC KT 4.6D TRẮNG-XLC) chưa tra ra mã D1 [mohho]"
787,CỬA ÚC KT 4.6D TR-XLC,V ĐÁY (THANH ĐÁY ÚC),NVL-VDAY-TDU,KG/M,0.6,"ĐVT ""KG/M"" — chưa rõ theo chiều CAO hay RỘNG"
788,CỬA ÚC KT 4.6D TR-XLC,RON ĐÁY ÚC,NVL-RONDAYUC,KG/M NGANG,0.0077,"THÀNH PHẨM ""CỬA ÚC KT 4.6D TR-XLC"" (TP-UC KT 4.6D TRẮNG-XLC) chưa tra ra mã D1 [mohho]"
789,CỬA ÚC KT 4.6D TR-XLC,RAY SẮT (KHÔNG RON) U70,NVL-TOLE1.2x190-KRON,KG/M,1.78,vật tư KHÔNG tra ra mã trong danh mục D1
790,CỬA ÚC KT 4.6D TR-XLC,XỐP ( TẤM NHỎ - 45cm),NVL-XOP-N45,TẤM,1.0,vật tư MƠ HỒ — cần chủ xưởng chốt mã
791,CỬA ÚC KT 4.6D TR-XLC,TRỤC 34,NVL-TRUC34,KG/M,1.7,"ĐVT ""KG/M"" — chưa rõ theo chiều CAO hay RỘNG"
792,CỬA ÚC KT 4.6D TR-XLC,PULY UC 34,NVL-PULYUC34,CÁI,,ĐM để trống — cấu phần tính theo công thức hình học
793,CỬA ÚC KT 4.6D TR-XLC,LÒ XO 46V,NVL-LX-5.5 x 70 x 46V,CÁI,1.0,vật tư MƠ HỒ — cần chủ xưởng chốt mã
794,CỬA ÚC KT 4.6D TR-XLC,LÒ XO 50V,NVL-LX-5.5 x 70 x 50V,CÁI,,ĐM để trống — cấu phần tính theo công thức hình học
795,CỬA ÚC KT 4.6D TR-XLC,LÒ XO 53V,NVL-LV-6.0 x 70 x 53V,CÁI,2.0,"THÀNH PHẨM ""CỬA ÚC KT 4.6D TR-XLC"" (TP-UC KT 4.6D TRẮNG-XLC) chưa tra ra mã D1 [mohho]"
796,CỬA ÚC KT 4.6D TR-XLC,LÒ XO 63V,NVL-LV-6.5 x 80 x 63V,CÁI,,ĐM để trống — cấu phần tính theo công thức hình học
797,CỬA ÚC KT 4.6D TR-XLC,LÒ XO 68V,NVL-LV-6.5 x 80 x 68V,CÁI,,ĐM để trống — cấu phần tính theo công thức hình học
798,CỬA ÚC KT 4.6D TR-XLC,LÒ XO 65V,NVL-LV-7.0 x 90 x 65V,CÁI,,ĐM để trống — cấu phần tính theo công thức hình học
799,CỬA ÚC KT 4.6D TR-XLC,LÒ XO 73V,NVL-LV-7.0 x 90 x 73V,CÁI,,ĐM để trống — cấu phần tính theo công thức hình học
800,CỬA ÚC KT 4.6D TR-XLC,LÒ XO 83V,NVL-LV-7.0 x 90 x 83V,CÁI,,ĐM để trống — cấu phần tính theo công thức hình học
801,CỬA ÚC KT 4.6D TR-XLC,CÙM HÃM NHỰA,NVL-CHNHUA,CÁI,2.0,vật tư MƠ HỒ — cần chủ xưởng chốt mã
802,CỬA ÚC KT 4.6D TR-XLC,VAI HÃM XO,NVL-VAIHAMXO,CÁI,3.0,"THÀNH PHẨM ""CỬA ÚC KT 4.6D TR-XLC"" (TP-UC KT 4.6D TRẮNG-XLC) chưa tra ra mã D1 [mohho]"
803,CỬA ÚC KT 4.6D TR-XLC,CÂY KÉO CỬA (INOX + NHỰA+MÓC),"NVL-INOX, NVL-NHUA, NVL-MOC",KG/M,0.268,vật tư KHÔNG tra ra mã trong danh mục D1
804,CỬA ÚC KT 4.6D TR-XLC,GỐI SẮT,NVL-GOIFE,CÁI,2.0,"THÀNH PHẨM ""CỬA ÚC KT 4.6D TR-XLC"" (TP-UC KT 4.6D TRẮNG-XLC) chưa tra ra mã D1 [mohho]"
805,CỬA ÚC KT 4.6D TR-XLC,BÁT KHÓA ÂM NỀN,NVL-BKAN,KG/CẶP,0.1925,"THÀNH PHẨM ""CỬA ÚC KT 4.6D TR-XLC"" (TP-UC KT 4.6D TRẮNG-XLC) chưa tra ra mã D1 [mohho]"
806,CỬA ÚC KT 4.6D TR-XLC,VIS ĐẦU DÙ BẮN LÔ,NVL-VISDD-BANLO,CON,0.0032,"THÀNH PHẨM ""CỬA ÚC KT 4.6D TR-XLC"" (TP-UC KT 4.6D TRẮNG-XLC) chưa tra ra mã D1 [mohho]"
807,CỬA ÚC KT 4.6D TR-XLC,VIS BẮN LÔ 2P,NVL-VIS-BANLO2P,CON,0.0021,"THÀNH PHẨM ""CỬA ÚC KT 4.6D TR-XLC"" (TP-UC KT 4.6D TRẮNG-XLC) chưa tra ra mã D1 [mohho]"
809,CỬA ÚC KT 4.6D KU-GU,LÁ TÔN 4.6D KU-GU,NVL-TOLE0.42x598-KU-GU,KG/M2,4.4,vật tư KHÔNG tra ra mã trong danh mục D1
810,CỬA ÚC KT 4.6D KU-GU,GIÁ T,NVL-GIAT,CẶP,1.0,"THÀNH PHẨM ""CỬA ÚC KT 4.6D KU-GU"" (TP-UC KT 4.6D KU-GU) chưa tra ra mã D1 [mohho]"
811,CỬA ÚC KT 4.6D KU-GU,PULY GAI,NVL-PULYGAI,KG/M2,0.126,"THÀNH PHẨM ""CỬA ÚC KT 4.6D KU-GU"" (TP-UC KT 4.6D KU-GU) chưa tra ra mã D1 [mohho]"
812,CỬA ÚC KT 4.6D KU-GU,V ĐÁY (THANH ĐÁY ÚC),NVL-VDAY-TDU,KG/M,0.6,"ĐVT ""KG/M"" — chưa rõ theo chiều CAO hay RỘNG"
813,CỬA ÚC KT 4.6D KU-GU,RON ĐÁY ÚC,NVL-RONDAYUC,KG/M NGANG,0.0077,"THÀNH PHẨM ""CỬA ÚC KT 4.6D KU-GU"" (TP-UC KT 4.6D KU-GU) chưa tra ra mã D1 [mohho]"
814,CỬA ÚC KT 4.6D KU-GU,RAY SẮT (KHÔNG RON) U70,NVL-TOLE1.2x190-KRON,KG/M,1.78,vật tư KHÔNG tra ra mã trong danh mục D1
815,CỬA ÚC KT 4.6D KU-GU,XỐP ( TẤM NHỎ - 45cm),NVL-XOP-N45,TẤM,1.0,vật tư MƠ HỒ — cần chủ xưởng chốt mã
816,CỬA ÚC KT 4.6D KU-GU,TRỤC 34,NVL-TRUC34,KG/M,1.7,"ĐVT ""KG/M"" — chưa rõ theo chiều CAO hay RỘNG"
817,CỬA ÚC KT 4.6D KU-GU,PULY UC 34,NVL-PULYUC34,CÁI,,ĐM để trống — cấu phần tính theo công thức hình học
818,CỬA ÚC KT 4.6D KU-GU,LÒ XO 46V,NVL-LX-5.5 x 70 x 46V,,,ĐM để trống — cấu phần tính theo công thức hình học
819,CỬA ÚC KT 4.6D KU-GU,LÒ XO 50V,NVL-LX-5.5 x 70 x 50V,CÁI,1.0,vật tư MƠ HỒ — cần chủ xưởng chốt mã
820,CỬA ÚC KT 4.6D KU-GU,LÒ XO 53V,NVL-LV-6.0 x 70 x 53V,CÁI,,ĐM để trống — cấu phần tính theo công thức hình học
821,CỬA ÚC KT 4.6D KU-GU,LÒ XO 63V,NVL-LV-6.5 x 80 x 63V,CÁI,2.0,"THÀNH PHẨM ""CỬA ÚC KT 4.6D KU-GU"" (TP-UC KT 4.6D KU-GU) chưa tra ra mã D1 [mohho]"
822,CỬA ÚC KT 4.6D KU-GU,LÒ XO 68V,NVL-LV-6.5 x 80 x 68V,CÁI,,ĐM để trống — cấu phần tính theo công thức hình học
823,CỬA ÚC KT 4.6D KU-GU,LÒ XO 65V,NVL-LV-7.0 x 90 x 65V,CÁI,,ĐM để trống — cấu phần tính theo công thức hình học
824,CỬA ÚC KT 4.6D KU-GU,LÒ XO 73V,NVL-LV-7.0 x 90 x 73V,CÁI,,ĐM để trống — cấu phần tính theo công thức hình học
825,CỬA ÚC KT 4.6D KU-GU,LÒ XO 83V,NVL-LV-7.0 x 90 x 83V,CÁI,,ĐM để trống — cấu phần tính theo công thức hình học
826,CỬA ÚC KT 4.6D KU-GU,CÙM HÃM NHỰA,NVL-CHNHUA,CÁI,2.0,vật tư MƠ HỒ — cần chủ xưởng chốt mã
827,CỬA ÚC KT 4.6D KU-GU,VAI HÃM XO,NVL-VAIHAMXO,CÁI,3.0,"THÀNH PHẨM ""CỬA ÚC KT 4.6D KU-GU"" (TP-UC KT 4.6D KU-GU) chưa tra ra mã D1 [mohho]"
828,CỬA ÚC KT 4.6D KU-GU,CÂY KÉO CỬA (INOX + NHỰA+MÓC),"NVL-INOX, NVL-NHUA, NVL-MOC",KG/M,0.268,vật tư KHÔNG tra ra mã trong danh mục D1
829,CỬA ÚC KT 4.6D KU-GU,GỐI SẮT,NVL-GOIFE,CÁI,2.0,"THÀNH PHẨM ""CỬA ÚC KT 4.6D KU-GU"" (TP-UC KT 4.6D KU-GU) chưa tra ra mã D1 [mohho]"
830,CỬA ÚC KT 4.6D KU-GU,BÁT KHÓA ÂM NỀN,NVL-BKAN,KG/CẶP,0.1925,"THÀNH PHẨM ""CỬA ÚC KT 4.6D KU-GU"" (TP-UC KT 4.6D KU-GU) chưa tra ra mã D1 [mohho]"
831,CỬA ÚC KT 4.6D KU-GU,VIS ĐẦU DÙ BẮN LÔ,NVL-VISDD-BANLO,CON,0.0032,"THÀNH PHẨM ""CỬA ÚC KT 4.6D KU-GU"" (TP-UC KT 4.6D KU-GU) chưa tra ra mã D1 [mohho]"
832,CỬA ÚC KT 4.6D KU-GU,VIS BẮN LÔ 2P,NVL-VIS-BANLO2P,CON,0.0021,"THÀNH PHẨM ""CỬA ÚC KT 4.6D KU-GU"" (TP-UC KT 4.6D KU-GU) chưa tra ra mã D1 [mohho]"
834,CỬA ÚC KT 5.5D KU-GU,LÁ TÔN 5.2D KU-GU,NVL-TOLE0.48x598-KU-GU,KG/M2,5.7,vật tư KHÔNG tra ra mã trong danh mục D1
835,CỬA ÚC KT 5.5D KU-GU,GIÁ T,NVL-GIAT,CẶP,1.0,"THÀNH PHẨM ""CỬA ÚC KT 5.5D KU-GU"" (TP-UC KT 5.5D KU-GU) chưa tra ra mã D1 [mohho]"
836,CỬA ÚC KT 5.5D KU-GU,PULY GAI,NVL-PULYGAI,KG/M2,0.126,"THÀNH PHẨM ""CỬA ÚC KT 5.5D KU-GU"" (TP-UC KT 5.5D KU-GU) chưa tra ra mã D1 [mohho]"
837,CỬA ÚC KT 5.5D KU-GU,V ĐÁY (THANH ĐÁY ÚC),NVL-VDAY-TDU,KG/M,0.6,"ĐVT ""KG/M"" — chưa rõ theo chiều CAO hay RỘNG"
838,CỬA ÚC KT 5.5D KU-GU,RON ĐÁY ÚC,NVL-RONDAYUC,KG/M NGANG,0.0077,"THÀNH PHẨM ""CỬA ÚC KT 5.5D KU-GU"" (TP-UC KT 5.5D KU-GU) chưa tra ra mã D1 [mohho]"
839,CỬA ÚC KT 5.5D KU-GU,RAY SẮT (KHÔNG RON) U70,NVL-TOLE1.2x190-KRON,KG/M,1.78,vật tư KHÔNG tra ra mã trong danh mục D1
840,CỬA ÚC KT 5.5D KU-GU,XỐP ( TẤM NHỎ - 45cm),NVL-XOP-N45,TẤM,1.0,vật tư MƠ HỒ — cần chủ xưởng chốt mã
841,CỬA ÚC KT 5.5D KU-GU,TRỤC 34,NVL-TRUC34,KG/M,1.7,"ĐVT ""KG/M"" — chưa rõ theo chiều CAO hay RỘNG"
842,CỬA ÚC KT 5.5D KU-GU,PULY UC 34,NVL-PULYUC34,CÁI,,ĐM để trống — cấu phần tính theo công thức hình học
843,CỬA ÚC KT 5.5D KU-GU,LÒ XO 46V,NVL-LX-5.5 x 70 x 46V,CÁI,1.0,vật tư MƠ HỒ — cần chủ xưởng chốt mã
844,CỬA ÚC KT 5.5D KU-GU,LÒ XO 50V,NVL-LX-5.5 x 70 x 50V,CÁI,,ĐM để trống — cấu phần tính theo công thức hình học
845,CỬA ÚC KT 5.5D KU-GU,LÒ XO 53V,NVL-LV-6.0 x 70 x 53V,CÁI,2.0,"THÀNH PHẨM ""CỬA ÚC KT 5.5D KU-GU"" (TP-UC KT 5.5D KU-GU) chưa tra ra mã D1 [mohho]"
846,CỬA ÚC KT 5.5D KU-GU,LÒ XO 63V,NVL-LV-6.5 x 80 x 63V,CÁI,,ĐM để trống — cấu phần tính theo công thức hình học
847,CỬA ÚC KT 5.5D KU-GU,LÒ XO 68V,NVL-LV-6.5 x 80 x 68V,CÁI,,ĐM để trống — cấu phần tính theo công thức hình học
848,CỬA ÚC KT 5.5D KU-GU,LÒ XO 65V,NVL-LV-7.0 x 90 x 65V,CÁI,,ĐM để trống — cấu phần tính theo công thức hình học
849,CỬA ÚC KT 5.5D KU-GU,LÒ XO 73V,NVL-LV-7.0 x 90 x 73V,CÁI,,ĐM để trống — cấu phần tính theo công thức hình học
850,CỬA ÚC KT 5.5D KU-GU,LÒ XO 83V,NVL-LV-7.0 x 90 x 83V,CÁI,,ĐM để trống — cấu phần tính theo công thức hình học
851,CỬA ÚC KT 5.5D KU-GU,CÙM HÃM NHỰA,NVL-CHNHUA,CÁI,2.0,vật tư MƠ HỒ — cần chủ xưởng chốt mã
852,CỬA ÚC KT 5.5D KU-GU,VAI HÃM XO,NVL-VAIHAMXO,CÁI,3.0,"THÀNH PHẨM ""CỬA ÚC KT 5.5D KU-GU"" (TP-UC KT 5.5D KU-GU) chưa tra ra mã D1 [mohho]"
853,CỬA ÚC KT 5.5D KU-GU,CÂY KÉO CỬA (INOX + NHỰA+MÓC),"NVL-INOX, NVL-NHUA, NVL-MOC",KG/M,0.268,vật tư KHÔNG tra ra mã trong danh mục D1
854,CỬA ÚC KT 5.5D KU-GU,GỐI SẮT,NVL-GOIFE,CÁI,2.0,"THÀNH PHẨM ""CỬA ÚC KT 5.5D KU-GU"" (TP-UC KT 5.5D KU-GU) chưa tra ra mã D1 [mohho]"
855,CỬA ÚC KT 5.5D KU-GU,BÁT KHÓA ÂM NỀN,NVL-BKAN,KG/CẶP,0.1925,"THÀNH PHẨM ""CỬA ÚC KT 5.5D KU-GU"" (TP-UC KT 5.5D KU-GU) chưa tra ra mã D1 [mohho]"
856,CỬA ÚC KT 5.5D KU-GU,VIS ĐẦU DÙ BẮN LÔ,NVL-VISDD-BANLO,CON,0.0032,"THÀNH PHẨM ""CỬA ÚC KT 5.5D KU-GU"" (TP-UC KT 5.5D KU-GU) chưa tra ra mã D1 [mohho]"
857,CỬA ÚC KT 5.5D KU-GU,VIS BẮN LÔ 2P,NVL-VIS-BANLO2P,CON,0.0021,"THÀNH PHẨM ""CỬA ÚC KT 5.5D KU-GU"" (TP-UC KT 5.5D KU-GU) chưa tra ra mã D1 [mohho]"
859,CỬA ÚC KT 5.5D TR-XLC,LÁ TÔN 5.2D TR-XLC,NVL-TOLE0.42x598-TR-XLC,KG/M2,4.4,vật tư KHÔNG tra ra mã trong danh mục D1
860,CỬA ÚC KT 5.5D TR-XLC,GIÁ T,NVL-GIAT,CẶP,1.0,"THÀNH PHẨM ""CỬA ÚC KT 5.5D TR-XLC"" (TP-UC KT 5.5D TR-XLC) chưa tra ra mã D1 [mohho]"
861,CỬA ÚC KT 5.5D TR-XLC,PULY GAI,NVL-PULYGAI,KG/M2,0.126,"THÀNH PHẨM ""CỬA ÚC KT 5.5D TR-XLC"" (TP-UC KT 5.5D TR-XLC) chưa tra ra mã D1 [mohho]"
862,CỬA ÚC KT 5.5D TR-XLC,V ĐÁY (THANH ĐÁY ÚC),NVL-VDAY-TDU,KG/M,0.6,"ĐVT ""KG/M"" — chưa rõ theo chiều CAO hay RỘNG"
863,CỬA ÚC KT 5.5D TR-XLC,RON ĐÁY ÚC,NVL-RONDAYUC,KG/M NGANG,0.0077,"THÀNH PHẨM ""CỬA ÚC KT 5.5D TR-XLC"" (TP-UC KT 5.5D TR-XLC) chưa tra ra mã D1 [mohho]"
864,CỬA ÚC KT 5.5D TR-XLC,RAY SẮT (KHÔNG RON) U70,NVL-TOLE1.2x190-KRON,KG/M,1.78,vật tư KHÔNG tra ra mã trong danh mục D1
865,CỬA ÚC KT 5.5D TR-XLC,XỐP ( TẤM NHỎ - 45cm),NVL-XOP-N45,TẤM,1.0,vật tư MƠ HỒ — cần chủ xưởng chốt mã
866,CỬA ÚC KT 5.5D TR-XLC,TRỤC 34,NVL-TRUC34,KG/M,1.7,"ĐVT ""KG/M"" — chưa rõ theo chiều CAO hay RỘNG"
867,CỬA ÚC KT 5.5D TR-XLC,PULY UC 34,NVL-PULYUC34,CÁI,,ĐM để trống — cấu phần tính theo công thức hình học
868,CỬA ÚC KT 5.5D TR-XLC,LÒ XO 46V,NVL-LX-5.5 x 70 x 46V,CÁI,1.0,vật tư MƠ HỒ — cần chủ xưởng chốt mã
869,CỬA ÚC KT 5.5D TR-XLC,LÒ XO 50V,NVL-LX-5.5 x 70 x 50V,CÁI,,ĐM để trống — cấu phần tính theo công thức hình học
870,CỬA ÚC KT 5.5D TR-XLC,LÒ XO 53V,NVL-LV-6.0 x 70 x 53V,CÁI,2.0,"THÀNH PHẨM ""CỬA ÚC KT 5.5D TR-XLC"" (TP-UC KT 5.5D TR-XLC) chưa tra ra mã D1 [mohho]"
871,CỬA ÚC KT 5.5D TR-XLC,LÒ XO 63V,NVL-LV-6.5 x 80 x 63V,CÁI,,ĐM để trống — cấu phần tính theo công thức hình học
872,CỬA ÚC KT 5.5D TR-XLC,LÒ XO 68V,NVL-LV-6.5 x 80 x 68V,CÁI,,ĐM để trống — cấu phần tính theo công thức hình học
873,CỬA ÚC KT 5.5D TR-XLC,LÒ XO 65V,NVL-LV-7.0 x 90 x 65V,CÁI,,ĐM để trống — cấu phần tính theo công thức hình học
874,CỬA ÚC KT 5.5D TR-XLC,LÒ XO 73V,NVL-LV-7.0 x 90 x 73V,CÁI,,ĐM để trống — cấu phần tính theo công thức hình học
875,CỬA ÚC KT 5.5D TR-XLC,LÒ XO 83V,NVL-LV-7.0 x 90 x 83V,CÁI,,ĐM để trống — cấu phần tính theo công thức hình học
876,CỬA ÚC KT 5.5D TR-XLC,CÙM HÃM NHỰA,NVL-CHNHUA,CÁI,2.0,vật tư MƠ HỒ — cần chủ xưởng chốt mã
877,CỬA ÚC KT 5.5D TR-XLC,VAI HÃM XO,NVL-VAIHAMXO,CÁI,3.0,"THÀNH PHẨM ""CỬA ÚC KT 5.5D TR-XLC"" (TP-UC KT 5.5D TR-XLC) chưa tra ra mã D1 [mohho]"
878,CỬA ÚC KT 5.5D TR-XLC,CÂY KÉO CỬA (INOX + NHỰA+MÓC),"NVL-INOX, NVL-NHUA, NVL-MOC",KG/M,0.268,vật tư KHÔNG tra ra mã trong danh mục D1
879,CỬA ÚC KT 5.5D TR-XLC,GỐI SẮT,NVL-GOIFE,CÁI,2.0,"THÀNH PHẨM ""CỬA ÚC KT 5.5D TR-XLC"" (TP-UC KT 5.5D TR-XLC) chưa tra ra mã D1 [mohho]"
880,CỬA ÚC KT 5.5D TR-XLC,BÁT KHÓA ÂM NỀN,NVL-BKAN,KG/CẶP,0.1925,"THÀNH PHẨM ""CỬA ÚC KT 5.5D TR-XLC"" (TP-UC KT 5.5D TR-XLC) chưa tra ra mã D1 [mohho]"
881,CỬA ÚC KT 5.5D TR-XLC,VIS ĐẦU DÙ BẮN LÔ,NVL-VISDD-BANLO,CON,0.0032,"THÀNH PHẨM ""CỬA ÚC KT 5.5D TR-XLC"" (TP-UC KT 5.5D TR-XLC) chưa tra ra mã D1 [mohho]"
882,CỬA ÚC KT 5.5D TR-XLC,VIS BẮN LÔ 2P,NVL-VIS-BANLO2P,CON,0.0021,"THÀNH PHẨM ""CỬA ÚC KT 5.5D TR-XLC"" (TP-UC KT 5.5D TR-XLC) chưa tra ra mã D1 [mohho]"
884,CỬA ÚC KT 5.5D XN-VK,LÁ TÔN 4.6D XN-VK,NVL-TOLE0.42x598-XN-VK,KG/M2,4.4,vật tư KHÔNG tra ra mã trong danh mục D1
885,CỬA ÚC KT 5.5D XN-VK,GIÁ T,NVL-GIAT,CẶP,1.0,"THÀNH PHẨM ""CỬA ÚC KT 5.5D XN-VK"" (TP-UC KT 5.5D XN-VK) chưa tra ra mã D1 [mohho]"
886,CỬA ÚC KT 5.5D XN-VK,PULY GAI,NVL-PULYGAI,KG/M2,0.126,"THÀNH PHẨM ""CỬA ÚC KT 5.5D XN-VK"" (TP-UC KT 5.5D XN-VK) chưa tra ra mã D1 [mohho]"
887,CỬA ÚC KT 5.5D XN-VK,V ĐÁY (THANH ĐÁY ÚC),NVL-VDAY-TDU,KG/M,0.6,"ĐVT ""KG/M"" — chưa rõ theo chiều CAO hay RỘNG"
888,CỬA ÚC KT 5.5D XN-VK,RON ĐÁY ÚC,NVL-RONDAYUC,KG/M NGANG,0.0077,"THÀNH PHẨM ""CỬA ÚC KT 5.5D XN-VK"" (TP-UC KT 5.5D XN-VK) chưa tra ra mã D1 [mohho]"
889,CỬA ÚC KT 5.5D XN-VK,RAY SẮT (KHÔNG RON) U70,NVL-TOLE1.2x190-KRON,KG/M,1.78,vật tư KHÔNG tra ra mã trong danh mục D1
890,CỬA ÚC KT 5.5D XN-VK,XỐP ( TẤM NHỎ - 45cm),NVL-XOP-N45,TẤM,1.0,vật tư MƠ HỒ — cần chủ xưởng chốt mã
891,CỬA ÚC KT 5.5D XN-VK,TRỤC 34,NVL-TRUC34,KG/M,1.7,"ĐVT ""KG/M"" — chưa rõ theo chiều CAO hay RỘNG"
892,CỬA ÚC KT 5.5D XN-VK,PULY UC 34,NVL-PULYUC34,CÁI,,ĐM để trống — cấu phần tính theo công thức hình học
893,CỬA ÚC KT 5.5D XN-VK,LÒ XO 46V,NVL-LX-5.5 x 70 x 46V,CÁI,,ĐM để trống — cấu phần tính theo công thức hình học
894,CỬA ÚC KT 5.5D XN-VK,LÒ XO 50V,NVL-LX-5.5 x 70 x 50V,CÁI,1.0,vật tư MƠ HỒ — cần chủ xưởng chốt mã
895,CỬA ÚC KT 5.5D XN-VK,LÒ XO 53V,NVL-LV-6.0 x 70 x 53V,CÁI,,ĐM để trống — cấu phần tính theo công thức hình học
896,CỬA ÚC KT 5.5D XN-VK,LÒ XO 63V,NVL-LV-6.5 x 80 x 63V,CÁI,2.0,"THÀNH PHẨM ""CỬA ÚC KT 5.5D XN-VK"" (TP-UC KT 5.5D XN-VK) chưa tra ra mã D1 [mohho]"
897,CỬA ÚC KT 5.5D XN-VK,LÒ XO 68V,NVL-LV-6.5 x 80 x 68V,CÁI,,ĐM để trống — cấu phần tính theo công thức hình học
898,CỬA ÚC KT 5.5D XN-VK,LÒ XO 65V,NVL-LV-7.0 x 90 x 65V,CÁI,,ĐM để trống — cấu phần tính theo công thức hình học
899,CỬA ÚC KT 5.5D XN-VK,LÒ XO 73V,NVL-LV-7.0 x 90 x 73V,CÁI,,ĐM để trống — cấu phần tính theo công thức hình học
900,CỬA ÚC KT 5.5D XN-VK,LÒ XO 83V,NVL-LV-7.0 x 90 x 83V,CÁI,,ĐM để trống — cấu phần tính theo công thức hình học
901,CỬA ÚC KT 5.5D XN-VK,CÙM HÃM NHỰA,NVL-CHNHUA,CÁI,2.0,vật tư MƠ HỒ — cần chủ xưởng chốt mã
902,CỬA ÚC KT 5.5D XN-VK,VAI HÃM XO,NVL-VAIHAMXO,CÁI,3.0,"THÀNH PHẨM ""CỬA ÚC KT 5.5D XN-VK"" (TP-UC KT 5.5D XN-VK) chưa tra ra mã D1 [mohho]"
903,CỬA ÚC KT 5.5D XN-VK,CÂY KÉO CỬA (INOX + NHỰA+MÓC),"NVL-INOX, NVL-NHUA, NVL-MOC",KG/M,0.268,vật tư KHÔNG tra ra mã trong danh mục D1
904,CỬA ÚC KT 5.5D XN-VK,GỐI SẮT,NVL-GOIFE,CÁI,2.0,"THÀNH PHẨM ""CỬA ÚC KT 5.5D XN-VK"" (TP-UC KT 5.5D XN-VK) chưa tra ra mã D1 [mohho]"
905,CỬA ÚC KT 5.5D XN-VK,BÁT KHÓA ÂM NỀN,NVL-BKAN,KG/CẶP,0.1925,"THÀNH PHẨM ""CỬA ÚC KT 5.5D XN-VK"" (TP-UC KT 5.5D XN-VK) chưa tra ra mã D1 [mohho]"
906,CỬA ÚC KT 5.5D XN-VK,VIS ĐẦU DÙ BẮN LÔ,NVL-VISDD-BANLO,CON,0.0032,"THÀNH PHẨM ""CỬA ÚC KT 5.5D XN-VK"" (TP-UC KT 5.5D XN-VK) chưa tra ra mã D1 [mohho]"
907,CỬA ÚC KT 5.5D XN-VK,VIS BẮN LÔ 2P,NVL-VIS-BANLO2P,CON,0.0021,"THÀNH PHẨM ""CỬA ÚC KT 5.5D XN-VK"" (TP-UC KT 5.5D XN-VK) chưa tra ra mã D1 [mohho]"
909,CỬA ÚC KT 5.5D XR-CF,LÁ TÔN 4.6D XR-CF,NVL-TOLE0.42x598-XR-CF,KG/M2,4.4,vật tư KHÔNG tra ra mã trong danh mục D1
910,CỬA ÚC KT 5.5D XR-CF,GIÁ T,NVL-GIAT,CẶP,1.0,"THÀNH PHẨM ""CỬA ÚC KT 5.5D XR-CF"" (TP-UC KT 5.5D XR-CF) chưa tra ra mã D1 [mohho]"
911,CỬA ÚC KT 5.5D XR-CF,PULY GAI,NVL-PULYGAI,KG/M2,0.126,"THÀNH PHẨM ""CỬA ÚC KT 5.5D XR-CF"" (TP-UC KT 5.5D XR-CF) chưa tra ra mã D1 [mohho]"
912,CỬA ÚC KT 5.5D XR-CF,V ĐÁY (THANH ĐÁY ÚC),NVL-VDAY-TDU,KG/M,0.6,"ĐVT ""KG/M"" — chưa rõ theo chiều CAO hay RỘNG"
913,CỬA ÚC KT 5.5D XR-CF,RON ĐÁY ÚC,NVL-RONDAYUC,KG/M NGANG,0.0077,"THÀNH PHẨM ""CỬA ÚC KT 5.5D XR-CF"" (TP-UC KT 5.5D XR-CF) chưa tra ra mã D1 [mohho]"
914,CỬA ÚC KT 5.5D XR-CF,RAY SẮT (KHÔNG RON) U70,NVL-TOLE1.2x190-KRON,KG/M,1.78,vật tư KHÔNG tra ra mã trong danh mục D1
915,CỬA ÚC KT 5.5D XR-CF,XỐP ( TẤM NHỎ - 45cm),NVL-XOP-N45,TẤM,1.0,vật tư MƠ HỒ — cần chủ xưởng chốt mã
916,CỬA ÚC KT 5.5D XR-CF,TRỤC 34,NVL-TRUC34,KG/M,1.7,"ĐVT ""KG/M"" — chưa rõ theo chiều CAO hay RỘNG"
917,CỬA ÚC KT 5.5D XR-CF,PULY UC 34,NVL-PULYUC34,CÁI,,ĐM để trống — cấu phần tính theo công thức hình học
918,CỬA ÚC KT 5.5D XR-CF,LÒ XO 46V,NVL-LX-5.5 x 70 x 46V,CÁI,1.0,vật tư MƠ HỒ — cần chủ xưởng chốt mã
919,CỬA ÚC KT 5.5D XR-CF,LÒ XO 50V,NVL-LX-5.5 x 70 x 50V,CÁI,,ĐM để trống — cấu phần tính theo công thức hình học
920,CỬA ÚC KT 5.5D XR-CF,LÒ XO 53V,NVL-LV-6.0 x 70 x 53V,CÁI,2.0,"THÀNH PHẨM ""CỬA ÚC KT 5.5D XR-CF"" (TP-UC KT 5.5D XR-CF) chưa tra ra mã D1 [mohho]"
921,CỬA ÚC KT 5.5D XR-CF,LÒ XO 63V,NVL-LV-6.5 x 80 x 63V,CÁI,,ĐM để trống — cấu phần tính theo công thức hình học
922,CỬA ÚC KT 5.5D XR-CF,LÒ XO 68V,NVL-LV-6.5 x 80 x 68V,CÁI,,ĐM để trống — cấu phần tính theo công thức hình học
923,CỬA ÚC KT 5.5D XR-CF,LÒ XO 65V,NVL-LV-7.0 x 90 x 65V,CÁI,,ĐM để trống — cấu phần tính theo công thức hình học
924,CỬA ÚC KT 5.5D XR-CF,LÒ XO 73V,NVL-LV-7.0 x 90 x 73V,CÁI,,ĐM để trống — cấu phần tính theo công thức hình học
925,CỬA ÚC KT 5.5D XR-CF,LÒ XO 83V,NVL-LV-7.0 x 90 x 83V,CÁI,,ĐM để trống — cấu phần tính theo công thức hình học
926,CỬA ÚC KT 5.5D XR-CF,CÙM HÃM NHỰA,NVL-CHNHUA,CÁI,2.0,vật tư MƠ HỒ — cần chủ xưởng chốt mã
927,CỬA ÚC KT 5.5D XR-CF,VAI HÃM XO,NVL-VAIHAMXO,CÁI,3.0,"THÀNH PHẨM ""CỬA ÚC KT 5.5D XR-CF"" (TP-UC KT 5.5D XR-CF) chưa tra ra mã D1 [mohho]"
928,CỬA ÚC KT 5.5D XR-CF,CÂY KÉO CỬA (INOX + NHỰA+MÓC),"NVL-INOX, NVL-NHUA, NVL-MOC",KG/M,0.268,vật tư KHÔNG tra ra mã trong danh mục D1
929,CỬA ÚC KT 5.5D XR-CF,GỐI SẮT,NVL-GOIFE,CÁI,2.0,"THÀNH PHẨM ""CỬA ÚC KT 5.5D XR-CF"" (TP-UC KT 5.5D XR-CF) chưa tra ra mã D1 [mohho]"
930,CỬA ÚC KT 5.5D XR-CF,BÁT KHÓA ÂM NỀN,NVL-BKAN,KG/CẶP,0.1925,"THÀNH PHẨM ""CỬA ÚC KT 5.5D XR-CF"" (TP-UC KT 5.5D XR-CF) chưa tra ra mã D1 [mohho]"
931,CỬA ÚC KT 5.5D XR-CF,VIS ĐẦU DÙ BẮN LÔ,NVL-VISDD-BANLO,CON,0.0032,"THÀNH PHẨM ""CỬA ÚC KT 5.5D XR-CF"" (TP-UC KT 5.5D XR-CF) chưa tra ra mã D1 [mohho]"
932,CỬA ÚC KT 5.5D XR-CF,VIS BẮN LÔ 2P,NVL-VIS-BANLO2P,CON,0.0021,"THÀNH PHẨM ""CỬA ÚC KT 5.5D XR-CF"" (TP-UC KT 5.5D XR-CF) chưa tra ra mã D1 [mohho]"
934,CỬA ÚC MTN 4.6D XN-VK,LÁ TÔN 4.6D XN-VK,NVL-TOLE0.42x598-XN-VK,KG/M2,4.4,vật tư KHÔNG tra ra mã trong danh mục D1
935,CỬA ÚC MTN 4.6D XN-VK,V ĐÁY (THANH ĐÁY ÚC),NVL-VDAY-TDU,KG/M,0.6,"ĐVT ""KG/M"" — chưa rõ theo chiều CAO hay RỘNG"
936,CỬA ÚC MTN 4.6D XN-VK,RON ĐÁY ÚC,NVL-RONDAYUC,KG/M NGANG,0.0077,"THÀNH PHẨM ""CỬA ÚC MTN 4.6D XN-VK"" (TP-UC MTN 4.6D XN-VK) chưa tra ra mã D1 [mohho]"
937,CỬA ÚC MTN 4.6D XN-VK,SẮT VUÔNG 3X6M,NVL-3X6M,M,1.0,"ĐVT ""M"" — chưa rõ theo chiều CAO hay RỘNG"
938,CỬA ÚC MTN 4.6D XN-VK,RAY SẮT (KHÔNG RON) U70,NVL-TOLE1.2x190-KRON,KG/M,1.78,vật tư KHÔNG tra ra mã trong danh mục D1
939,CỬA ÚC MTN 4.6D XN-VK,XỐP ( TẤM NHỎ - 45cm),NVL-XOP-N45,TẤM,14.0,vật tư MƠ HỒ — cần chủ xưởng chốt mã
940,CỬA ÚC MTN 4.6D XN-VK,TRỤC114_1.8LY,NVL-TRUC114_1.8LY,KG/M,1.7,"ĐVT ""KG/M"" — chưa rõ theo chiều CAO hay RỘNG"
941,CỬA ÚC MTN 4.6D XN-VK,PULY 114,NVL-PULYUC114,CÁI,,ĐM để trống — cấu phần tính theo công thức hình học
942,CỬA ÚC MTN 4.6D XN-VK,BÁT KHÓA ÂM NỀN,NVL-BKAN,KG/CẶP,0.1925,"THÀNH PHẨM ""CỬA ÚC MTN 4.6D XN-VK"" (TP-UC MTN 4.6D XN-VK) chưa tra ra mã D1 [mohho]"
943,CỬA ÚC MTN 4.6D XN-VK,VIS ĐẦU DÙ BẮN LÔ,NVL-VISDD-BANLO,CON,0.0032,"THÀNH PHẨM ""CỬA ÚC MTN 4.6D XN-VK"" (TP-UC MTN 4.6D XN-VK) chưa tra ra mã D1 [mohho]"
945,CỬA ÚC MTN 4.6D XR-CF,LÁ TÔN 4.6D XR-CF,NVL-TOLE0.42x598-XR-CF,KG/M2,4.4,vật tư KHÔNG tra ra mã trong danh mục D1
946,CỬA ÚC MTN 4.6D XR-CF,V ĐÁY (THANH ĐÁY ÚC),NVL-VDAY-TDU,KG/M,0.6,"ĐVT ""KG/M"" — chưa rõ theo chiều CAO hay RỘNG"
947,CỬA ÚC MTN 4.6D XR-CF,RON ĐÁY ÚC,NVL-RONDAYUC,KG/M NGANG,0.0077,"THÀNH PHẨM ""CỬA ÚC MTN 4.6D XR-CF"" (TP-UC MTN 4.6D XR-CF) chưa tra ra mã D1 [mohho]"
948,CỬA ÚC MTN 4.6D XR-CF,SẮT VUÔNG 3X6M,NVL-3X6M,M,1.0,"ĐVT ""M"" — chưa rõ theo chiều CAO hay RỘNG"
949,CỬA ÚC MTN 4.6D XR-CF,RAY SẮT (KHÔNG RON) U70,NVL-TOLE1.2x190-KRON,KG/M,1.78,vật tư KHÔNG tra ra mã trong danh mục D1
950,CỬA ÚC MTN 4.6D XR-CF,XỐP ( TẤM NHỎ - 45cm),NVL-XOP-N45,TẤM,14.0,vật tư MƠ HỒ — cần chủ xưởng chốt mã
951,CỬA ÚC MTN 4.6D XR-CF,TRỤC114_1.8LY,NVL-TRUC114_1.8LY,KG/M,1.7,"ĐVT ""KG/M"" — chưa rõ theo chiều CAO hay RỘNG"
952,CỬA ÚC MTN 4.6D XR-CF,PULY 114,NVL-PULYUC114,CÁI,,ĐM để trống — cấu phần tính theo công thức hình học
953,CỬA ÚC MTN 4.6D XR-CF,BÁT KHÓA ÂM NỀN,NVL-BKAN,KG/CẶP,0.1925,"THÀNH PHẨM ""CỬA ÚC MTN 4.6D XR-CF"" (TP-UC MTN 4.6D XR-CF) chưa tra ra mã D1 [mohho]"
954,CỬA ÚC MTN 4.6D XR-CF,VIS ĐẦU DÙ BẮN LÔ,NVL-VISDD-BANLO,CON,0.0032,"THÀNH PHẨM ""CỬA ÚC MTN 4.6D XR-CF"" (TP-UC MTN 4.6D XR-CF) chưa tra ra mã D1 [mohho]"
956,CỬA ÚC MTN 4.6D TR-XLC,LÁ TÔN 4.6D TR-XLC,NVL-TOLE0.42x598-TR-XLC,KG/M2,4.4,vật tư KHÔNG tra ra mã trong danh mục D1
957,CỬA ÚC MTN 4.6D TR-XLC,V ĐÁY (THANH ĐÁY ÚC),NVL-VDAY-TDU,KG/M,0.6,"ĐVT ""KG/M"" — chưa rõ theo chiều CAO hay RỘNG"
958,CỬA ÚC MTN 4.6D TR-XLC,RON ĐÁY ÚC,NVL-RONDAYUC,KG/M NGANG,0.0077,"THÀNH PHẨM ""CỬA ÚC MTN 4.6D TR-XLC"" (TP-UC MTN 4.6D TR-XLC) chưa tra ra mã D1 [mohho]"
959,CỬA ÚC MTN 4.6D TR-XLC,SẮT VUÔNG 3X6M,NVL-3X6M,M,1.0,"ĐVT ""M"" — chưa rõ theo chiều CAO hay RỘNG"
960,CỬA ÚC MTN 4.6D TR-XLC,RAY SẮT (KHÔNG RON) U70,NVL-TOLE1.2x190-KRON,KG/M,1.78,vật tư KHÔNG tra ra mã trong danh mục D1
961,CỬA ÚC MTN 4.6D TR-XLC,XỐP ( TẤM NHỎ - 45cm),NVL-XOP-N45,TẤM,14.0,vật tư MƠ HỒ — cần chủ xưởng chốt mã
962,CỬA ÚC MTN 4.6D TR-XLC,TRỤC114_1.8LY,NVL-TRUC114_1.8LY,KG/M,1.7,"ĐVT ""KG/M"" — chưa rõ theo chiều CAO hay RỘNG"
963,CỬA ÚC MTN 4.6D TR-XLC,PULY 114,NVL-PULYUC114,CÁI,,ĐM để trống — cấu phần tính theo công thức hình học
964,CỬA ÚC MTN 4.6D TR-XLC,BÁT KHÓA ÂM NỀN,NVL-BKAN,KG/CẶP,0.1925,"THÀNH PHẨM ""CỬA ÚC MTN 4.6D TR-XLC"" (TP-UC MTN 4.6D TR-XLC) chưa tra ra mã D1 [mohho]"
965,CỬA ÚC MTN 4.6D TR-XLC,VIS ĐẦU DÙ BẮN LÔ,NVL-VISDD-BANLO,CON,0.0032,"THÀNH PHẨM ""CỬA ÚC MTN 4.6D TR-XLC"" (TP-UC MTN 4.6D TR-XLC) chưa tra ra mã D1 [mohho]"
967,CỬA ÚC MTN 4.6D GU-KU,LÁ TÔN 4.6D KU-GU,NVL-TOLE0.42x598-KU-GU,KG/M2,4.4,vật tư KHÔNG tra ra mã trong danh mục D1
968,CỬA ÚC MTN 4.6D GU-KU,V ĐÁY (THANH ĐÁY ÚC),NVL-VDAY-TDU,KG/M,0.6,"ĐVT ""KG/M"" — chưa rõ theo chiều CAO hay RỘNG"
969,CỬA ÚC MTN 4.6D GU-KU,RON ĐÁY ÚC,NVL-RONDAYUC,KG/M NGANG,0.0077,"THÀNH PHẨM ""CỬA ÚC MTN 4.6D GU-KU"" (TP-UC MTN 4.6D GU-KU) chưa tra ra mã D1 [mohho]"
970,CỬA ÚC MTN 4.6D GU-KU,SẮT VUÔNG 3X6M,NVL-3X6M,M,1.0,"ĐVT ""M"" — chưa rõ theo chiều CAO hay RỘNG"
971,CỬA ÚC MTN 4.6D GU-KU,RAY SẮT (KHÔNG RON) U70,NVL-TOLE1.2x190-KRON,KG/M,1.78,vật tư KHÔNG tra ra mã trong danh mục D1
972,CỬA ÚC MTN 4.6D GU-KU,XỐP ( TẤM NHỎ - 45cm),NVL-XOP-N45,TẤM,14.0,vật tư MƠ HỒ — cần chủ xưởng chốt mã
973,CỬA ÚC MTN 4.6D GU-KU,TRỤC114_1.8LY,NVL-TRUC114_1.8LY,KG/M,1.7,"ĐVT ""KG/M"" — chưa rõ theo chiều CAO hay RỘNG"
974,CỬA ÚC MTN 4.6D GU-KU,PULY 114,NVL-PULYUC114,CÁI,,ĐM để trống — cấu phần tính theo công thức hình học
975,CỬA ÚC MTN 4.6D GU-KU,BÁT KHÓA ÂM NỀN,NVL-BKAN,KG/CẶP,0.1925,"THÀNH PHẨM ""CỬA ÚC MTN 4.6D GU-KU"" (TP-UC MTN 4.6D GU-KU) chưa tra ra mã D1 [mohho]"
976,CỬA ÚC MTN 4.6D GU-KU,VIS ĐẦU DÙ BẮN LÔ,NVL-VISDD-BANLO,CON,0.0032,"THÀNH PHẨM ""CỬA ÚC MTN 4.6D GU-KU"" (TP-UC MTN 4.6D GU-KU) chưa tra ra mã D1 [mohho]"
978,CỬA ÚC MTN 5.5D XN-VK,LÁ TÔN 4.6D XN-VK,NVL-TOLE0.42x598-XN-VK,KG/M2,4.4,vật tư KHÔNG tra ra mã trong danh mục D1
979,CỬA ÚC MTN 5.5D XN-VK,V ĐÁY (THANH ĐÁY ÚC),NVL-VDAY-TDU,KG/M,0.6,"ĐVT ""KG/M"" — chưa rõ theo chiều CAO hay RỘNG"
980,CỬA ÚC MTN 5.5D XN-VK,RON ĐÁY ÚC,NVL-RONDAYUC,KG/M NGANG,0.0077,"THÀNH PHẨM ""CỬA ÚC MTN 5.5D XN-VK"" (TP-UC MTN 5.5D XN-VK) chưa tra ra mã D1 [mohho]"
981,CỬA ÚC MTN 5.5D XN-VK,SẮT VUÔNG 3X6M,NVL-3X6M,M,1.0,"ĐVT ""M"" — chưa rõ theo chiều CAO hay RỘNG"
982,CỬA ÚC MTN 5.5D XN-VK,RAY SẮT (KHÔNG RON) U70,NVL-TOLE1.2x190-KRON,KG/M,1.78,vật tư KHÔNG tra ra mã trong danh mục D1
983,CỬA ÚC MTN 5.5D XN-VK,XỐP ( TẤM NHỎ - 45cm),NVL-XOP-N45,TẤM,14.0,vật tư MƠ HỒ — cần chủ xưởng chốt mã
984,CỬA ÚC MTN 5.5D XN-VK,TRỤC114_1.8LY,NVL-TRUC114_1.8LY,KG/M,1.7,"ĐVT ""KG/M"" — chưa rõ theo chiều CAO hay RỘNG"
985,CỬA ÚC MTN 5.5D XN-VK,PULY 114,NVL-PULYUC114,CÁI,,ĐM để trống — cấu phần tính theo công thức hình học
986,CỬA ÚC MTN 5.5D XN-VK,BÁT KHÓA ÂM NỀN,NVL-BKAN,KG/CẶP,0.1925,"THÀNH PHẨM ""CỬA ÚC MTN 5.5D XN-VK"" (TP-UC MTN 5.5D XN-VK) chưa tra ra mã D1 [mohho]"
987,CỬA ÚC MTN 5.5D XN-VK,VIS ĐẦU DÙ BẮN LÔ,NVL-VISDD-BANLO,CON,0.0032,"THÀNH PHẨM ""CỬA ÚC MTN 5.5D XN-VK"" (TP-UC MTN 5.5D XN-VK) chưa tra ra mã D1 [mohho]"
989,CỬA ÚC MTN 5.5D XR-CF,LÁ TÔN 4.6D XR-CF,NVL-TOLE0.42x598-XR-CF,KG/M2,4.4,vật tư KHÔNG tra ra mã trong danh mục D1
990,CỬA ÚC MTN 5.5D XR-CF,V ĐÁY (THANH ĐÁY ÚC),NVL-VDAY-TDU,KG/M,0.6,"ĐVT ""KG/M"" — chưa rõ theo chiều CAO hay RỘNG"
991,CỬA ÚC MTN 5.5D XR-CF,RON ĐÁY ÚC,NVL-RONDAYUC,KG/M NGANG,0.0077,"THÀNH PHẨM ""CỬA ÚC MTN 5.5D XR-CF"" (TP-UC MTN 5.5D XR-CF) chưa tra ra mã D1 [mohho]"
992,CỬA ÚC MTN 5.5D XR-CF,SẮT VUÔNG 3X6M,NVL-3X6M,M,1.0,"ĐVT ""M"" — chưa rõ theo chiều CAO hay RỘNG"
993,CỬA ÚC MTN 5.5D XR-CF,RAY SẮT (KHÔNG RON) U70,NVL-TOLE1.2x190-KRON,KG/M,1.78,vật tư KHÔNG tra ra mã trong danh mục D1
994,CỬA ÚC MTN 5.5D XR-CF,XỐP ( TẤM NHỎ - 45cm),NVL-XOP-N45,TẤM,14.0,vật tư MƠ HỒ — cần chủ xưởng chốt mã
995,CỬA ÚC MTN 5.5D XR-CF,TRỤC114_1.8LY,NVL-TRUC114_1.8LY,KG/M,1.7,"ĐVT ""KG/M"" — chưa rõ theo chiều CAO hay RỘNG"
996,CỬA ÚC MTN 5.5D XR-CF,PULY 114,NVL-PULYUC114,CÁI,,ĐM để trống — cấu phần tính theo công thức hình học
997,CỬA ÚC MTN 5.5D XR-CF,BÁT KHÓA ÂM NỀN,NVL-BKAN,KG/CẶP,0.1925,"THÀNH PHẨM ""CỬA ÚC MTN 5.5D XR-CF"" (TP-UC MTN 5.5D XR-CF) chưa tra ra mã D1 [mohho]"
998,CỬA ÚC MTN 5.5D XR-CF,VIS ĐẦU DÙ BẮN LÔ,NVL-VISDD-BANLO,CON,0.0032,"THÀNH PHẨM ""CỬA ÚC MTN 5.5D XR-CF"" (TP-UC MTN 5.5D XR-CF) chưa tra ra mã D1 [mohho]"
1000,CỬA ÚC MTN 5.5D TR-XLC,LÁ TÔN 4.6D TR-XLC,NVL-TOLE0.42x598-TR-XLC,KG/M2,4.4,vật tư KHÔNG tra ra mã trong danh mục D1
1001,CỬA ÚC MTN 5.5D TR-XLC,V ĐÁY (THANH ĐÁY ÚC),NVL-VDAY-TDU,KG/M,0.6,"ĐVT ""KG/M"" — chưa rõ theo chiều CAO hay RỘNG"
1002,CỬA ÚC MTN 5.5D TR-XLC,RON ĐÁY ÚC,NVL-RONDAYUC,KG/M NGANG,0.0077,"THÀNH PHẨM ""CỬA ÚC MTN 5.5D TR-XLC"" (TP-UC MTN 5.5D TR-XLC) chưa tra ra mã D1 [mohho]"
1003,CỬA ÚC MTN 5.5D TR-XLC,SẮT VUÔNG 3X6M,NVL-3X6M,M,1.0,"ĐVT ""M"" — chưa rõ theo chiều CAO hay RỘNG"
1004,CỬA ÚC MTN 5.5D TR-XLC,RAY SẮT (KHÔNG RON) U70,NVL-TOLE1.2x190-KRON,KG/M,1.78,vật tư KHÔNG tra ra mã trong danh mục D1
1005,CỬA ÚC MTN 5.5D TR-XLC,XỐP ( TẤM NHỎ - 45cm),NVL-XOP-N45,TẤM,14.0,vật tư MƠ HỒ — cần chủ xưởng chốt mã
1006,CỬA ÚC MTN 5.5D TR-XLC,TRỤC114_1.8LY,NVL-TRUC114_1.8LY,KG/M,1.7,"ĐVT ""KG/M"" — chưa rõ theo chiều CAO hay RỘNG"
1007,CỬA ÚC MTN 5.5D TR-XLC,PULY 114,NVL-PULYUC114,CÁI,,ĐM để trống — cấu phần tính theo công thức hình học
1008,CỬA ÚC MTN 5.5D TR-XLC,BÁT KHÓA ÂM NỀN,NVL-BKAN,KG/CẶP,0.1925,"THÀNH PHẨM ""CỬA ÚC MTN 5.5D TR-XLC"" (TP-UC MTN 5.5D TR-XLC) chưa tra ra mã D1 [mohho]"
1009,CỬA ÚC MTN 5.5D TR-XLC,VIS ĐẦU DÙ BẮN LÔ,NVL-VISDD-BANLO,CON,0.0032,"THÀNH PHẨM ""CỬA ÚC MTN 5.5D TR-XLC"" (TP-UC MTN 5.5D TR-XLC) chưa tra ra mã D1 [mohho]"
1011,CỬA ÚC MTN 5.5D GU-KU,LÁ TÔN 5.2D KU-GU,NVL-TOLE0.48x598-KU-GU,KG/M2,4.4,vật tư KHÔNG tra ra mã trong danh mục D1
1012,CỬA ÚC MTN 5.5D GU-KU,V ĐÁY (THANH ĐÁY ÚC),NVL-VDAY-TDU,KG/M,0.6,"ĐVT ""KG/M"" — chưa rõ theo chiều CAO hay RỘNG"
1013,CỬA ÚC MTN 5.5D GU-KU,RON ĐÁY ÚC,NVL-RONDAYUC,KG/M NGANG,0.0077,"THÀNH PHẨM ""CỬA ÚC MTN 5.5D GU-KU"" (TP-UC MTN 5.5D GU-KU) chưa tra ra mã D1 [mohho]"
1014,CỬA ÚC MTN 5.5D GU-KU,SẮT VUÔNG 3X6M,NVL-3X6M,M,1.0,"ĐVT ""M"" — chưa rõ theo chiều CAO hay RỘNG"
1015,CỬA ÚC MTN 5.5D GU-KU,RAY SẮT (KHÔNG RON) U70,NVL-TOLE1.2x190-KRON,KG/M,1.78,vật tư KHÔNG tra ra mã trong danh mục D1
1016,CỬA ÚC MTN 5.5D GU-KU,XỐP ( TẤM NHỎ - 45cm),NVL-XOP-N45,TẤM,14.0,vật tư MƠ HỒ — cần chủ xưởng chốt mã
1017,CỬA ÚC MTN 5.5D GU-KU,TRỤC114_1.8LY,NVL-TRUC114_1.8LY,KG/M,1.7,"ĐVT ""KG/M"" — chưa rõ theo chiều CAO hay RỘNG"
1018,CỬA ÚC MTN 5.5D GU-KU,PULY 114,NVL-PULYUC114,CÁI,,ĐM để trống — cấu phần tính theo công thức hình học
1019,CỬA ÚC MTN 5.5D GU-KU,BÁT KHÓA ÂM NỀN,NVL-BKAN,KG/CẶP,0.1925,"THÀNH PHẨM ""CỬA ÚC MTN 5.5D GU-KU"" (TP-UC MTN 5.5D GU-KU) chưa tra ra mã D1 [mohho]"
1020,CỬA ÚC MTN 5.5D GU-KU,VIS ĐẦU DÙ BẮN LÔ,NVL-VISDD-BANLO,CON,0.0032,"THÀNH PHẨM ""CỬA ÚC MTN 5.5D GU-KU"" (TP-UC MTN 5.5D GU-KU) chưa tra ra mã D1 [mohho]"
1022,CỬA ÚC MTN STD 6D MSK,LÁ TÔN 4.6D XN-VK,NVL-TOLE0.42x598-XN-VK,KG/M2,5.6,vật tư KHÔNG tra ra mã trong danh mục D1
1023,CỬA ÚC MTN STD 6D MSK,V ĐÁY (THANH ĐÁY ÚC),NVL-VDAY-TDU,KG/M,0.6,"ĐVT ""KG/M"" — chưa rõ theo chiều CAO hay RỘNG"
1024,CỬA ÚC MTN STD 6D MSK,RON ĐÁY ÚC,NVL-RONDAYUC,KG/M NGANG,0.0077,"THÀNH PHẨM ""CỬA ÚC MTN STD 6D MSK"" (TP-UC MTN 6D STD MSK) chưa tra ra mã D1 [mohho]"
1025,CỬA ÚC MTN STD 6D MSK,SẮT VUÔNG 3X6M,NVL-3X6M,M,1.0,"ĐVT ""M"" — chưa rõ theo chiều CAO hay RỘNG"
1026,CỬA ÚC MTN STD 6D MSK,RAY SẮT (KHÔNG RON) U70,NVL-TOLE1.2x190-KRON,KG/M,1.78,vật tư KHÔNG tra ra mã trong danh mục D1
1027,CỬA ÚC MTN STD 6D MSK,XỐP ( TẤM NHỎ - 45cm),NVL-XOP-N45,TẤM,14.0,vật tư MƠ HỒ — cần chủ xưởng chốt mã
1028,CỬA ÚC MTN STD 6D MSK,TRỤC114_1.8LY,NVL-TRUC114_1.8LY,KG/M,1.7,"ĐVT ""KG/M"" — chưa rõ theo chiều CAO hay RỘNG"
1029,CỬA ÚC MTN STD 6D MSK,PULY 114,NVL-PULYUC114,CÁI,,ĐM để trống — cấu phần tính theo công thức hình học
1030,CỬA ÚC MTN STD 6D MSK,BÁT KHÓA ÂM NỀN,NVL-BKAN,KG/CẶP,0.1925,"THÀNH PHẨM ""CỬA ÚC MTN STD 6D MSK"" (TP-UC MTN 6D STD MSK) chưa tra ra mã D1 [mohho]"
1031,CỬA ÚC MTN STD 6D MSK,VIS ĐẦU DÙ BẮN LÔ,NVL-VISDD-BANLO,CON,0.0032,"THÀNH PHẨM ""CỬA ÚC MTN STD 6D MSK"" (TP-UC MTN 6D STD MSK) chưa tra ra mã D1 [mohho]"
1033,CỬA ÚC KT 6D STĐ MSK,LÁ TÔN 4.6D XN-VK,NVL-TOLE0.42x598-XN-VK,KG/M2,5.6,vật tư KHÔNG tra ra mã trong danh mục D1
1034,CỬA ÚC KT 6D STĐ MSK,GIÁ T,NVL-GIAT,CẶP,1.0,"THÀNH PHẨM ""CỬA ÚC KT 6D STĐ MSK"" (TP-UC KT 6D STĐ MSK) chưa tra ra mã D1 [mohho]"
1035,CỬA ÚC KT 6D STĐ MSK,PULY GAI,NVL-PULYGAI,KG/M2,0.126,"THÀNH PHẨM ""CỬA ÚC KT 6D STĐ MSK"" (TP-UC KT 6D STĐ MSK) chưa tra ra mã D1 [mohho]"
1036,CỬA ÚC KT 6D STĐ MSK,V ĐÁY (THANH ĐÁY ÚC),NVL-VDAY-TDU,KG/M,0.6,"ĐVT ""KG/M"" — chưa rõ theo chiều CAO hay RỘNG"
1037,CỬA ÚC KT 6D STĐ MSK,RON ĐÁY ÚC,NVL-RONDAYUC,KG/M NGANG,0.0077,"THÀNH PHẨM ""CỬA ÚC KT 6D STĐ MSK"" (TP-UC KT 6D STĐ MSK) chưa tra ra mã D1 [mohho]"
1038,CỬA ÚC KT 6D STĐ MSK,RAY SẮT (KHÔNG RON) U70,NVL-TOLE1.2x190-KRON,KG/M,1.78,vật tư KHÔNG tra ra mã trong danh mục D1
1039,CỬA ÚC KT 6D STĐ MSK,XỐP ( TẤM NHỎ - 45cm),NVL-XOP-N45,TẤM,1.0,vật tư MƠ HỒ — cần chủ xưởng chốt mã
1040,CỬA ÚC KT 6D STĐ MSK,TRỤC 34,NVL-TRUC34,KG/M,1.7,"ĐVT ""KG/M"" — chưa rõ theo chiều CAO hay RỘNG"
1041,CỬA ÚC KT 6D STĐ MSK,PULY UC 34,NVL-PULYUC34,CÁI,,ĐM để trống — cấu phần tính theo công thức hình học
1042,CỬA ÚC KT 6D STĐ MSK,LÒ XO 46V,NVL-LX-5.5 x 70 x 46V,CÁI,1.0,vật tư MƠ HỒ — cần chủ xưởng chốt mã
1043,CỬA ÚC KT 6D STĐ MSK,LÒ XO 50V,NVL-LX-5.5 x 70 x 50V,CÁI,,ĐM để trống — cấu phần tính theo công thức hình học
1044,CỬA ÚC KT 6D STĐ MSK,LÒ XO 53V,NVL-LV-6.0 x 70 x 53V,CÁI,2.0,"THÀNH PHẨM ""CỬA ÚC KT 6D STĐ MSK"" (TP-UC KT 6D STĐ MSK) chưa tra ra mã D1 [mohho]"
1045,CỬA ÚC KT 6D STĐ MSK,LÒ XO 63V,NVL-LV-6.5 x 80 x 63V,CÁI,,ĐM để trống — cấu phần tính theo công thức hình học
1046,CỬA ÚC KT 6D STĐ MSK,LÒ XO 68V,NVL-LV-6.5 x 80 x 68V,CÁI,,ĐM để trống — cấu phần tính theo công thức hình học
1047,CỬA ÚC KT 6D STĐ MSK,LÒ XO 65V,NVL-LV-7.0 x 90 x 65V,CÁI,,ĐM để trống — cấu phần tính theo công thức hình học
1048,CỬA ÚC KT 6D STĐ MSK,LÒ XO 73V,NVL-LV-7.0 x 90 x 73V,CÁI,,ĐM để trống — cấu phần tính theo công thức hình học
1049,CỬA ÚC KT 6D STĐ MSK,LÒ XO 83V,NVL-LV-7.0 x 90 x 83V,CÁI,,ĐM để trống — cấu phần tính theo công thức hình học
1050,CỬA ÚC KT 6D STĐ MSK,CÙM HÃM NHỰA,NVL-CHNHUA,CÁI,2.0,vật tư MƠ HỒ — cần chủ xưởng chốt mã
1051,CỬA ÚC KT 6D STĐ MSK,VAI HÃM XO,NVL-VAIHAMXO,CÁI,3.0,"THÀNH PHẨM ""CỬA ÚC KT 6D STĐ MSK"" (TP-UC KT 6D STĐ MSK) chưa tra ra mã D1 [mohho]"
1052,CỬA ÚC KT 6D STĐ MSK,CÂY KÉO CỬA (INOX + NHỰA+MÓC),"NVL-INOX, NVL-NHUA, NVL-MOC",KG/M,0.268,vật tư KHÔNG tra ra mã trong danh mục D1
1053,CỬA ÚC KT 6D STĐ MSK,GỐI SẮT,NVL-GOIFE,CÁI,2.0,"THÀNH PHẨM ""CỬA ÚC KT 6D STĐ MSK"" (TP-UC KT 6D STĐ MSK) chưa tra ra mã D1 [mohho]"
1054,CỬA ÚC KT 6D STĐ MSK,BÁT KHÓA ÂM NỀN,NVL-BKAN,KG/CẶP,0.1925,"THÀNH PHẨM ""CỬA ÚC KT 6D STĐ MSK"" (TP-UC KT 6D STĐ MSK) chưa tra ra mã D1 [mohho]"
1055,CỬA ÚC KT 6D STĐ MSK,VIS ĐẦU DÙ BẮN LÔ,NVL-VISDD-BANLO,CON,0.0032,"THÀNH PHẨM ""CỬA ÚC KT 6D STĐ MSK"" (TP-UC KT 6D STĐ MSK) chưa tra ra mã D1 [mohho]"
1056,CỬA ÚC KT 6D STĐ MSK,VIS BẮN LÔ 2P,NVL-VIS-BANLO2P,CON,0.0021,"THÀNH PHẨM ""CỬA ÚC KT 6D STĐ MSK"" (TP-UC KT 6D STĐ MSK) chưa tra ra mã D1 [mohho]"
1058,CỬA ĐỨC KÉO TAY AL70 (2 LỚP),LÁ TÔN 4.6D KU-GU,NVL-TOLE0.42x598-KU-GU,KG/M2,5.6,vật tư KHÔNG tra ra mã trong danh mục D1
1059,CỬA ĐỨC KÉO TAY AL70 (2 LỚP),Lá ruột (kg) AL70 (2 LỚP) MSK,NVL-TDAL70THO,KG/M2,0,ĐM = 0 — cấu phần tính theo công thức hình học
1060,CỬA ĐỨC KÉO TAY AL70 (2 LỚP),Lá đầu (kg) + Bộ 03 lá đáy (kg),NVL-LD-3LD,KG/M2,0,ĐM = 0 — cấu phần tính theo công thức hình học
1062,CỬA ĐỨC KÉO TAY AL70 (2 LỚP),Ron đáy đức (kg),NVL-RON-DD,KG/M,0.117,"ĐVT ""KG/M"" — chưa rõ theo chiều CAO hay RỘNG"
1065,CỬA ĐỨC KÉO TAY AL70 (2 LỚP),XỐP ( TẤM NHỎ - 45cm),NVL-XOP-N45,TẤM,1.0,vật tư MƠ HỒ — cần chủ xưởng chốt mã
1066,CỬA ĐỨC KÉO TAY AL70 (2 LỚP),TRỤC 34,NVL-TRUC34,KG/M,1.7,"ĐVT ""KG/M"" — chưa rõ theo chiều CAO hay RỘNG"
1067,CỬA ĐỨC KÉO TAY AL70 (2 LỚP),PULY UC 34,NVL-PULYUC34,CÁI,,ĐM để trống — cấu phần tính theo công thức hình học
1068,CỬA ĐỨC KÉO TAY AL70 (2 LỚP),LÒ XO 46V,NVL-LX-5.5 x 70 x 46V,CÁI,1.0,vật tư MƠ HỒ — cần chủ xưởng chốt mã
1069,CỬA ĐỨC KÉO TAY AL70 (2 LỚP),LÒ XO 50V,NVL-LX-5.5 x 70 x 50V,CÁI,,ĐM để trống — cấu phần tính theo công thức hình học
1071,CỬA ĐỨC KÉO TAY AL70 (2 LỚP),LÒ XO 63V,NVL-LV-6.5 x 80 x 63V,CÁI,,ĐM để trống — cấu phần tính theo công thức hình học
1072,CỬA ĐỨC KÉO TAY AL70 (2 LỚP),LÒ XO 68V,NVL-LV-6.5 x 80 x 68V,CÁI,,ĐM để trống — cấu phần tính theo công thức hình học
1073,CỬA ĐỨC KÉO TAY AL70 (2 LỚP),LÒ XO 65V,NVL-LV-7.0 x 90 x 65V,CÁI,,ĐM để trống — cấu phần tính theo công thức hình học
1074,CỬA ĐỨC KÉO TAY AL70 (2 LỚP),LÒ XO 73V,NVL-LV-7.0 x 90 x 73V,CÁI,,ĐM để trống — cấu phần tính theo công thức hình học
1077,CỬA ĐỨC KÉO TAY AL70 (2 LỚP),CÂY KÉO CỬA (INOX + NHỰA+MÓC),"NVL-INOX, NVL-NHUA, NVL-MOC",KG/M,0.268,vật tư KHÔNG tra ra mã trong danh mục D1
1083,CỬA ĐỨC KÉO TAY AL70 (1 LỚP),LÁ TÔN 4.6D KU-GU,NVL-TOLE0.42x598-KU-GU,KG/M2,5.6,vật tư KHÔNG tra ra mã trong danh mục D1
1084,CỬA ĐỨC KÉO TAY AL70 (1 LỚP),Lá ruột (kg) AL70 (1 LỚP) MSK,NVL-AL701LOPTHO,KG/M2,0,ĐM = 0 — cấu phần tính theo công thức hình học
1085,CỬA ĐỨC KÉO TAY AL70 (1 LỚP),Lá đầu (kg) + Bộ 03 lá đáy (kg),NVL-LD-3LD,KG/M2,0,ĐM = 0 — cấu phần tính theo công thức hình học
1087,CỬA ĐỨC KÉO TAY AL70 (1 LỚP),Ron đáy đức (kg) - CỬA ĐỨC KÉO TAY AL70 (1 LỚP),NVL-RON-DD,KG/M,0.117,"ĐVT ""KG/M"" — chưa rõ theo chiều CAO hay RỘNG"
1090,CỬA ĐỨC KÉO TAY AL70 (1 LỚP),XỐP ( TẤM NHỎ - 45cm) - CỬA ĐỨC KÉO TAY AL70 (1 LỚP),NVL-XOP-N45,TẤM,1.0,vật tư MƠ HỒ — cần chủ xưởng chốt mã
1091,CỬA ĐỨC KÉO TAY AL70 (1 LỚP),TRỤC 34,NVL-TRUC34,KG/M,1.7,"ĐVT ""KG/M"" — chưa rõ theo chiều CAO hay RỘNG"
1092,CỬA ĐỨC KÉO TAY AL70 (1 LỚP),PULY UC 34,NVL-PULYUC34,CÁI,,ĐM để trống — cấu phần tính theo công thức hình học
1093,CỬA ĐỨC KÉO TAY AL70 (1 LỚP),LÒ XO 46V,NVL-LX-5.5 x 70 x 46V,CÁI,1.0,vật tư MƠ HỒ — cần chủ xưởng chốt mã
1094,CỬA ĐỨC KÉO TAY AL70 (1 LỚP),LÒ XO 50V,NVL-LX-5.5 x 70 x 50V,CÁI,,ĐM để trống — cấu phần tính theo công thức hình học
1096,CỬA ĐỨC KÉO TAY AL70 (1 LỚP),LÒ XO 63V,NVL-LV-6.5 x 80 x 63V,CÁI,,ĐM để trống — cấu phần tính theo công thức hình học
1097,CỬA ĐỨC KÉO TAY AL70 (1 LỚP),LÒ XO 68V,NVL-LV-6.5 x 80 x 68V,CÁI,,ĐM để trống — cấu phần tính theo công thức hình học
1098,CỬA ĐỨC KÉO TAY AL70 (1 LỚP),LÒ XO 65V,NVL-LV-7.0 x 90 x 65V,CÁI,,ĐM để trống — cấu phần tính theo công thức hình học
1099,CỬA ĐỨC KÉO TAY AL70 (1 LỚP),LÒ XO 73V,NVL-LV-7.0 x 90 x 73V,CÁI,,ĐM để trống — cấu phần tính theo công thức hình học
1102,CỬA ĐỨC KÉO TAY AL70 (1 LỚP),CÂY KÉO CỬA (INOX + NHỰA+MÓC) - CỬA ĐỨC KÉO TAY AL70 (1 LỚP),"NVL-INOX, NVL-NHUA, NVL-MOC",KG/M,0.268,vật tư KHÔNG tra ra mã trong danh mục D1
1108,CỬA LƯỚI MẮT VÕNG STĐ-Trọn bộ,LƯỚI MV STĐ,NVL-LUOIMV_STD,KG/M,0.35,vật tư MƠ HỒ — cần chủ xưởng chốt mã
1109,CỬA LƯỚI MẮT VÕNG STĐ-Trọn bộ,BỌ MẮT VÕNG VÕNG,NVL-BOMV,M2,64.0,"THÀNH PHẨM ""CỬA LƯỚI MẮT VÕNG STĐ-Trọn bộ"" (TP-LUOI-MV-STD - TRONBO) chưa tra ra mã D1 [mohho]"
1110,CỬA LƯỚI MẮT VÕNG STĐ-Trọn bộ,LÁ ĐÀI LOAN STĐ 8D,NVL-TOLEKEM124_6D,M2,0.077,vật tư KHÔNG tra ra mã trong danh mục D1
1111,CỬA LƯỚI MẮT VÕNG STĐ-Trọn bộ,LÁ ĐÀI LOAN STĐ 1LY,NVL-TOLEKEM124_8D,M2,0.077,vật tư MƠ HỒ — cần chủ xưởng chốt mã
1112,CỬA LƯỚI MẮT VÕNG STĐ-Trọn bộ,LÁ YẾM,NVL-TOLEKEM70_8D-YEMMV,M,0.03,"ĐVT ""M"" — chưa rõ theo chiều CAO hay RỘNG"
1113,CỬA LƯỚI MẮT VÕNG STĐ-Trọn bộ,BÁT (DÙNG BẮT VÀO LÁ YẾM),NVL-BATMV,M,7.0,"ĐVT ""M"" — chưa rõ theo chiều CAO hay RỘNG"
1114,CỬA LƯỚI MẮT VÕNG STĐ-Trọn bộ,ĐINH TÁN,NVL-DINHTANMV,M NGANG,0.0015,vật tư MƠ HỒ — cần chủ xưởng chốt mã
1115,CỬA LƯỚI MẮT VÕNG STĐ-Trọn bộ,CON TÁN,NVL-CONTANMV,M NGANG,0.0008,"THÀNH PHẨM ""CỬA LƯỚI MẮT VÕNG STĐ-Trọn bộ"" (TP-LUOI-MV-STD - TRONBO) chưa tra ra mã D1 [mohho]"
1116,CỬA LƯỚI MẮT VÕNG STĐ-Trọn bộ,V4_KẼM,NVL-V4-KEM_TOLE75_STD,KG,1.312,"THÀNH PHẨM ""CỬA LƯỚI MẮT VÕNG STĐ-Trọn bộ"" (TP-LUOI-MV-STD - TRONBO) chưa tra ra mã D1 [mohho]"
1117,CỬA LƯỚI MẮT VÕNG STĐ-Trọn bộ,Chi phí STD_V4,CPSTD_V4,M,,ĐM để trống — cấu phần tính theo công thức hình học
1118,CỬA LƯỚI MẮT VÕNG STĐ-Trọn bộ,Chi phí STD_LƯỚI,CPSTD_LUOI,M2,,ĐM để trống — cấu phần tính theo công thức hình học
1119,CỬA LƯỚI MẮT VÕNG STĐ-Trọn bộ,Chi phí STD_LÁ,CPSTD_LADL,M2,,ĐM để trống — cấu phần tính theo công thức hình học
1120,CỬA LƯỚI MẮT VÕNG STĐ-Trọn bộ,TRỤC114_1.8LY,NVL-TRUC114_1.8LY,KG/M,4.4,"ĐVT ""KG/M"" — chưa rõ theo chiều CAO hay RỘNG"
1121,CỬA LƯỚI MẮT VÕNG STĐ-Trọn bộ,NVL-BẮN BƯỚM SẮT,TP-BUOMSAT,KG/M2,0.14,vật tư KHÔNG tra ra mã trong danh mục D1
1122,CỬA LƯỚI MẮT VÕNG STĐ-Trọn bộ,BẮN BƯỚM (INOX),TP-BUOMINOX,M2,1.0,"THÀNH PHẨM ""CỬA LƯỚI MẮT VÕNG STĐ-Trọn bộ"" (TP-LUOI-MV-STD - TRONBO) chưa tra ra mã D1 [mohho]"
1123,CỬA LƯỚI MẮT VÕNG STĐ-Trọn bộ,RONNHUAVANGCANHAY_RSU70,RONNHUAVANGCANHAY_RSU70,KG/M,0.135,"ĐVT ""KG/M"" — chưa rõ theo chiều CAO hay RỘNG"
1124,CỬA LƯỚI MẮT VÕNG STĐ-Trọn bộ,RAY SẮT (CÓ RON) U70,NVL-TOLE1.2x190-CORON,KG/M,1.78,vật tư KHÔNG tra ra mã trong danh mục D1
1126,TRỤC 140,TRỤC140_2.4LY,NVL-TRUC114_2.4LY,KG/M,12.8,"ĐVT ""KG/M"" — chưa rõ theo chiều CAO hay RỘNG"
1128,TRỤC 168,TRỤC168_5LY,NVL-TRUC168_5LY,KG/M,15.6,"ĐVT ""KG/M"" — chưa rõ theo chiều CAO hay RỘNG"
1130,RAY SẮT U70 (KHÔNG RON),RAY SẮT (KHÔNG RON) U70,NVL-TOLE1.2x190-KRON,KG/M,1.78,vật tư KHÔNG tra ra mã trong danh mục D1
1132,RAY SẮT U100-1.2ly (KHÔNG RON),RAY SẮT (KHÔNG RON) - 10P_1.2ly,NVL-TOLE1.4x270x1.2ly-KRON,KG/M,2.55,vật tư KHÔNG tra ra mã trong danh mục D1
1134,RAY SẮT U100-1.2ly (CÓ RON),RAY SẮT (CÓ RON) - 10P_1.2ly,NVL-TOLE1.4x270x1.2ly-CRON,KG/M,2.55,vật tư KHÔNG tra ra mã trong danh mục D1
1135,RAY SẮT U100-1.2ly (CÓ RON),RONNHUAVANGCANHAY_RSU100,RONNHUAVANGCẢNHAY_RSU100,KG/M,0.1425,"ĐVT ""KG/M"" — chưa rõ theo chiều CAO hay RỘNG"
1137,RAY SẮT U100-1.4ly (KHÔNG RON),RAY SẮT (KHÔNG RON) - 10P_1.4ly,NVL-TOLE1.4x270x1.4ly-KRON,KG/M,2.55,vật tư KHÔNG tra ra mã trong danh mục D1
1139,RAY SẮT U100-1.4ly (CÓ RON),RAY SẮT (CÓ RON) - 10P_1.4ly,NVL-TOLE1.4x270x1.4ly-CRON,KG/M,2.55,vật tư KHÔNG tra ra mã trong danh mục D1
1140,RAY SẮT U100-1.4ly (CÓ RON),RONNHUAVANGCANHAY_RSU100,RONNHUAVANGCẢNHAY_RSU100,KG/M,0.1425,"ĐVT ""KG/M"" — chưa rõ theo chiều CAO hay RỘNG"
1142,RAY SẮT U100-1.4ly (CÓ RON+TỰ DỪNG),RAY SẮT (CÓ RON+TỰ DỪNG) - 10P_1.4ly,NVL-TOLE1.4x270x1.4ly-CRON+TD,KG/M,2.55,vật tư KHÔNG tra ra mã trong danh mục D1
1143,RAY SẮT U100-1.4ly (CÓ RON+TỰ DỪNG),RONNHUAVANGCẢNHAY_RSU100,RONNHUAVANGCẢNHAY_RSU100,KG/M,0.1425,"ĐVT ""KG/M"" — chưa rõ theo chiều CAO hay RỘNG"
1144,RAY SẮT U100-1.4ly (CÓ RON+TỰ DỪNG),Ron nhựa đáy ray,NVL-RNHUA-DR,KG/M,0.263,"ĐVT ""KG/M"" — chưa rõ theo chiều CAO hay RỘNG"
1145,RAY SẮT U100-1.4ly (CÓ RON+TỰ DỪNG),Ron inox đáy ray,NVL-RNINOX-DR,KG/M,0.124,"ĐVT ""KG/M"" — chưa rõ theo chiều CAO hay RỘNG"
1147,RAY SẮT U70 (CÓ RON),RAY SẮT (CÓ RON) U70,NVL-TOLE1.2x190-CORON,KG/M,1.78,vật tư KHÔNG tra ra mã trong danh mục D1
1148,RAY SẮT U70 (CÓ RON),RONNHUAVANGCANHAY_RSU70,RONNHUAVANGCANHAY_RSU70,KG/M,0.135,"ĐVT ""KG/M"" — chưa rõ theo chiều CAO hay RỘNG"
1150,CỬA LƯỚI MẮT VÕNG STĐ - TÁCH MÓN,LƯỚI MV STĐ,NVL-LUOIMV_STD,KG/M2,0.35,vật tư MƠ HỒ — cần chủ xưởng chốt mã
1151,CỬA LƯỚI MẮT VÕNG STĐ - TÁCH MÓN,BỌ MẮT VÕNG VÕNG,NVL-BOMV,BỌ,64.0,"THÀNH PHẨM ""CỬA LƯỚI MẮT VÕNG STĐ - TÁCH MÓN"" (TP-LUOI-MV-STD - TM) chưa tra ra mã D1 [mohho]"
1152,CỬA LƯỚI MẮT VÕNG STĐ - TÁCH MÓN,LÁ YẾM,NVL-TOLEKEM70_8D-YEMMV,M,,ĐM để trống — cấu phần tính theo công thức hình học
1153,CỬA LƯỚI MẮT VÕNG STĐ - TÁCH MÓN,BÁT MẮT VÕNG,NVL-BATMV,CÁI,7.0,vật tư MƠ HỒ — cần chủ xưởng chốt mã
1154,CỬA LƯỚI MẮT VÕNG STĐ - TÁCH MÓN,ĐINH TÁN,NVL-DINHTANMV,M NGANG,0.0015,vật tư MƠ HỒ — cần chủ xưởng chốt mã
1155,CỬA LƯỚI MẮT VÕNG STĐ - TÁCH MÓN,CON TÁN,NVL-CONTANMV,M NGANG,0.0008,"THÀNH PHẨM ""CỬA LƯỚI MẮT VÕNG STĐ - TÁCH MÓN"" (TP-LUOI-MV-STD - TM) chưa tra ra mã D1 [mohho]"
1156,CỬA LƯỚI MẮT VÕNG STĐ - TÁCH MÓN,Chi phí STD_LƯỚI,CPSTD_LUOI,M2,,ĐM để trống — cấu phần tính theo công thức hình học
1157,CỬA LƯỚI MẮT VÕNG STĐ - TÁCH MÓN,Chi phí STD_LÁ,CPSTD_LADL,M2,,ĐM để trống — cấu phần tính theo công thức hình học
1159,CỬA LƯỚI SN PHI 19 STD - TÁCH MÓN,LƯỚI SN TRÒN PHI 19 STĐ,NVL-LUOISNPHI19_STD,KG,0.435,vật tư MƠ HỒ — cần chủ xưởng chốt mã
1160,CỬA LƯỚI SN PHI 19 STD - TÁCH MÓN,BỌ LUỚI SN PHI 19,NVL-BOSNPHI19,CÁI,2.0,vật tư KHÔNG tra ra mã trong danh mục D1
1161,CỬA LƯỚI SN PHI 19 STD - TÁCH MÓN,LÁ YẾM,NVL-TOLEKEM70_8D-YEMMV,M,,ĐM để trống — cấu phần tính theo công thức hình học
1162,CỬA LƯỚI SN PHI 19 STD - TÁCH MÓN,BÁT SN PHI 19,NVL-BATSNPHI19,CÁI,7.0,vật tư KHÔNG tra ra mã trong danh mục D1
1163,CỬA LƯỚI SN PHI 19 STD - TÁCH MÓN,ĐINH TÁN,NVL-DINHTANMV,KG,0.0015,vật tư MƠ HỒ — cần chủ xưởng chốt mã
1164,CỬA LƯỚI SN PHI 19 STD - TÁCH MÓN,CON TÁN,NVL-CONTANMV,KG,0.0008,"THÀNH PHẨM ""CỬA LƯỚI SN PHI 19 STD - TÁCH MÓN"" (TP-LUOI-SN-STD - TM) chưa tra ra mã D1 [mohho]"
1165,CỬA LƯỚI SN PHI 19 STD - TÁCH MÓN,MÓNG NGỰA SN PHI 19,NVL-MONGNGUASNPHI19,CÁI,40.0,vật tư KHÔNG tra ra mã trong danh mục D1
1166,CỬA LƯỚI SN PHI 19 STD - TÁCH MÓN,NHẪN SN PHI 19,NVL-NHANSNPHI19,CÁI,20.0,vật tư KHÔNG tra ra mã trong danh mục D1
1167,CỬA LƯỚI SN PHI 19 STD - TÁCH MÓN,Chi phí STD_LƯỚI,CPSTD_LUOI,M2,,ĐM để trống — cấu phần tính theo công thức hình học
1168,CỬA LƯỚI SN PHI 19 STD - TÁCH MÓN,Chi phí STD_LÁ,CPSTD_LADL,M2,,ĐM để trống — cấu phần tính theo công thức hình học
1170,CỬA LƯỚI SN PHI 19 STD - TRỌN BỘ,LƯỚI SN TRÒN PHI 19 STĐ,NVL-LUOISNPHI19_STD,KG,0.435,vật tư MƠ HỒ — cần chủ xưởng chốt mã
1171,CỬA LƯỚI SN PHI 19 STD - TRỌN BỘ,BỌ LUỚI SN PHI 19,NVL-BOSNPHI19,CÁI,2.0,vật tư KHÔNG tra ra mã trong danh mục D1
1172,CỬA LƯỚI SN PHI 19 STD - TRỌN BỘ,LÁ YẾM,NVL-TOLEKEM70_8D-YEMMV,M,,ĐM để trống — cấu phần tính theo công thức hình học
1173,CỬA LƯỚI SN PHI 19 STD - TRỌN BỘ,BÁT SN PHI 19,NVL-BATSNPHI19,CÁI,7.0,vật tư KHÔNG tra ra mã trong danh mục D1
1174,CỬA LƯỚI SN PHI 19 STD - TRỌN BỘ,ĐINH TÁN,NVL-DINHTANMV,KG,0.0015,vật tư MƠ HỒ — cần chủ xưởng chốt mã
1175,CỬA LƯỚI SN PHI 19 STD - TRỌN BỘ,CON TÁN,NVL-CONTANMV,KG,0.0008,"THÀNH PHẨM ""CỬA LƯỚI SN PHI 19 STD - TRỌN BỘ"" (TP-LUOI-SN-STD - TRONBO) chưa tra ra mã D1 [mohho]"
1176,CỬA LƯỚI SN PHI 19 STD - TRỌN BỘ,MÓNG NGỰA SN PHI 19,NVL-MONGNGUASNPHI19,CÁI,40.0,vật tư KHÔNG tra ra mã trong danh mục D1
1177,CỬA LƯỚI SN PHI 19 STD - TRỌN BỘ,NHẪN SN PHI 19,NVL-NHANSNPHI19,CÁI,20.0,vật tư KHÔNG tra ra mã trong danh mục D1
1178,CỬA LƯỚI SN PHI 19 STD - TRỌN BỘ,LÁ ĐÀI LOAN STĐ 8D,NVL-TOLEKEM124_6D,M2,0.077,vật tư KHÔNG tra ra mã trong danh mục D1
1179,CỬA LƯỚI SN PHI 19 STD - TRỌN BỘ,LÁ ĐÀI LOAN STĐ 1LY,NVL-TOLEKEM124_8D,M2,0.077,vật tư MƠ HỒ — cần chủ xưởng chốt mã
1180,CỬA LƯỚI SN PHI 19 STD - TRỌN BỘ,V4_KẼM,NVL-V4-KEM_TOLE75_STD,KG,1.312,"THÀNH PHẨM ""CỬA LƯỚI SN PHI 19 STD - TRỌN BỘ"" (TP-LUOI-SN-STD - TRONBO) chưa tra ra mã D1 [mohho]"
1181,CỬA LƯỚI SN PHI 19 STD - TRỌN BỘ,Chi phí STD_V4,CPSTD_V4,M,,ĐM để trống — cấu phần tính theo công thức hình học
1182,CỬA LƯỚI SN PHI 19 STD - TRỌN BỘ,Chi phí STD_LƯỚI,CPSTD_LUOI,M2,,ĐM để trống — cấu phần tính theo công thức hình học
1183,CỬA LƯỚI SN PHI 19 STD - TRỌN BỘ,Chi phí STD_LÁ,CPSTD_LADL,M2,,ĐM để trống — cấu phần tính theo công thức hình học
1184,CỬA LƯỚI SN PHI 19 STD - TRỌN BỘ,TRỤC114_1.8LY,NVL-TRUC114_1.8LY,KG/M,4.4,"ĐVT ""KG/M"" — chưa rõ theo chiều CAO hay RỘNG"
1186,CỬA LƯỚI SN PHI 13x26 STĐ - TRỌN BỘ,LƯỚI SN VUÔNG PHI 13X26 STĐ,TP-LUOISN13x26_STD,KG,0.435,vật tư MƠ HỒ — cần chủ xưởng chốt mã
1187,CỬA LƯỚI SN PHI 13x26 STĐ - TRỌN BỘ,LÁ ĐÀI LOAN STĐ 8D,NVL-TOLEKEM124_6D,M2,XUẤT THỰC TẾ,ĐM để trống — cấu phần tính theo công thức hình học
1188,CỬA LƯỚI SN PHI 13x26 STĐ - TRỌN BỘ,LÁ ĐÀI LOAN STĐ 1LY,NVL-TOLEKEM124_8D,M2,XUẤT THỰC TẾ,ĐM để trống — cấu phần tính theo công thức hình học
1189,CỬA LƯỚI SN PHI 13x26 STĐ - TRỌN BỘ,V4_KẼM,NVL-V4-KEM_TOLE75_STD,KG,1.312,"THÀNH PHẨM ""CỬA LƯỚI SN PHI 13x26 STĐ - TRỌN BỘ"" (TP-LUOI-SN13x26-STD - TRONBO) chưa tra ra mã D1 [mohho]"
1190,CỬA LƯỚI SN PHI 13x26 STĐ - TRỌN BỘ,Chi phí STD_V4,CPSTD_V4,M,,ĐM để trống — cấu phần tính theo công thức hình học
1191,CỬA LƯỚI SN PHI 13x26 STĐ - TRỌN BỘ,Chi phí STD_LÁ,CPSTD_LADL,M2,,ĐM để trống — cấu phần tính theo công thức hình học
1192,CỬA LƯỚI SN PHI 13x26 STĐ - TRỌN BỘ,TRỤC114_1.8LY,NVL-TRUC114_1.8LY,KG/M,4.4,"ĐVT ""KG/M"" — chưa rõ theo chiều CAO hay RỘNG"
1194,CỬA LƯỚI SN PHI 13x26 STĐ - TÁCH MÓN,LƯỚI SN VUÔNG PHI 13X26 STĐ,TP-LUOISN13x26_STD,KG,0.435,vật tư MƠ HỒ — cần chủ xưởng chốt mã
1196,CỬA LƯỚI SN PHI 13x26 INOX - TÁCH MÓN,LƯỚI SN VUÔNG PHI 13X26 INOX,TP-LUOISN13x26_INOX,M2,,ĐM để trống — cấu phần tính theo công thức hình học
1198,LƯỚI SN PHI 13X26 INOX - TRỌN BỘ,LƯỚI SN VUÔNG PHI 13X26 INOX,TP-LUOISN13x26_INOX,M2,,ĐM để trống — cấu phần tính theo công thức hình học
1199,LƯỚI SN PHI 13X26 INOX - TRỌN BỘ,LÁ ĐÀI LOAN INOX 8D,TP-LADLINOX_8D,M2,,ĐM để trống — cấu phần tính theo công thức hình học
1200,LƯỚI SN PHI 13X26 INOX - TRỌN BỘ,V4_INOX_2ly,TP-V4_INOX,M,,ĐM để trống — cấu phần tính theo công thức hình học
1201,LƯỚI SN PHI 13X26 INOX - TRỌN BỘ,RAY INOX 8P_CÓ RON,TP-RAYINOX_8P_RON,M,,ĐM để trống — cấu phần tính theo công thức hình học
1202,LƯỚI SN PHI 13X26 INOX - TRỌN BỘ,RAY INOX 6P_CÓ RON,TP-RAYINOX_6P_RON,M,,ĐM để trống — cấu phần tính theo công thức hình học
1203,LƯỚI SN PHI 13X26 INOX - TRỌN BỘ,TRỤC114_1.8LY,NVL-TRUC114_1.8LY,M,4.4,"ĐVT ""M"" — chưa rõ theo chiều CAO hay RỘNG"
1205,CỬA LƯỚI SN PHI 19 STD - TÁCH MÓN,LƯỚI SN TRÒN PHI 19 INOX,TP-LUOISNPHI19_INOX,M2,,ĐM để trống — cấu phần tính theo công thức hình học
1207,CỬA LƯỚI SN PHI 19 INOX- TRỌN BỘ,LƯỚI SN TRÒN PHI 19 INOX,TP-LUOISNPHI19_INOX,M2,,ĐM để trống — cấu phần tính theo công thức hình học
1208,CỬA LƯỚI SN PHI 19 INOX- TRỌN BỘ,LÁ ĐÀI LOAN INOX 8D,TP-LADLINOX_8D,M2,,ĐM để trống — cấu phần tính theo công thức hình học
1209,CỬA LƯỚI SN PHI 19 INOX- TRỌN BỘ,V4_INOX_2ly,TP-V4_INOX,M2,,ĐM để trống — cấu phần tính theo công thức hình học
1210,CỬA LƯỚI SN PHI 19 INOX- TRỌN BỘ,RAY INOX 8P_CÓ RON,TP-RAYINOX_8P_RON,M2,,ĐM để trống — cấu phần tính theo công thức hình học
1211,CỬA LƯỚI SN PHI 19 INOX- TRỌN BỘ,RAY INOX 6P_CÓ RON,TP-RAYINOX_6P_RON,M2,,ĐM để trống — cấu phần tính theo công thức hình học
1214,CỬA LƯỚI MẮT VÕNG INOX - TÁCH MÓN,LƯỚI MV INOX,TP-LUOIMV_INOX,,,ĐM để trống — cấu phần tính theo công thức hình học
1216,CỬA LƯỚI MẮT VÕNG INOX - TRỌN BỘ,LƯỚI MV INOX,TP-LUOIMV_INOX,,,ĐM để trống — cấu phần tính theo công thức hình học
1217,CỬA LƯỚI MẮT VÕNG INOX - TRỌN BỘ,LÁ ĐÀI LOAN INOX 8D,TP-LADLINOX_8D,,,ĐM để trống — cấu phần tính theo công thức hình học
1218,CỬA LƯỚI MẮT VÕNG INOX - TRỌN BỘ,V4_INOX_2ly,TP-V4_INOX,,,ĐM để trống — cấu phần tính theo công thức hình học
1219,CỬA LƯỚI MẮT VÕNG INOX - TRỌN BỘ,RAY INOX 8P_CÓ RON,TP-RAYINOX_8P_RON,,,ĐM để trống — cấu phần tính theo công thức hình học
1220,CỬA LƯỚI MẮT VÕNG INOX - TRỌN BỘ,RAY INOX 6P_CÓ RON,TP-RAYINOX_6P_RON,,,ĐM để trống — cấu phần tính theo công thức hình học
1221,CỬA LƯỚI MẮT VÕNG INOX - TRỌN BỘ,TRỤC114_1.8LY,NVL-TRUC114_1.8LY,M,4.4,"ĐVT ""M"" — chưa rõ theo chiều CAO hay RỘNG"
1254,TP LÁ ĐÀI LOAN STĐ 8D,NVL-TOLEKEM124_6D,NVL-TOLEKEM124_6D,KG,8.2,vật tư KHÔNG tra ra mã trong danh mục D1
1255,TP LÁ ĐÀI LOAN STĐ 8D,Chi phí STD_LÁ,CPSTD_LADL,M2,,ĐM để trống — cấu phần tính theo công thức hình học
1257,LÁ ĐÀI LOAN STĐ 1LY,NVL-TOLEKEM124_8D,NVL-TOLEKEM124_8D,KG,12.6,vật tư KHÔNG tra ra mã trong danh mục D1
1258,LÁ ĐÀI LOAN STĐ 1LY,Chi phí STD_LÁ,CPSTD_LADL,M2,,ĐM để trống — cấu phần tính theo công thức hình học
1260,LÁ ĐÀI LOAN STĐ 1.2LY,LÁ ĐÀI LOAN STĐ 1.2LY,NVL-TOLEKEM124_1LY,KG,11.64,vật tư KHÔNG tra ra mã trong danh mục D1
1261,LÁ ĐÀI LOAN STĐ 1.2LY,Chi phí STD_LÁ,CPSTD_LADL,M2,,ĐM để trống — cấu phần tính theo công thức hình học
1263,CỬA ĐL6D XN-VK_TRỌN BỘ >10m²,LÁ ĐÀI LOAN 6D_XN-VK,NVL-TON-DL5.2Dx124-XNVK,KG,6.32,vật tư KHÔNG tra ra mã trong danh mục D1
1264,CỬA ĐL6D XN-VK_TRỌN BỘ >10m²,RAY SẮT (CÓ RON) U70,NVL-TOLE1.2x190-CORON,M,,ĐM để trống — cấu phần tính theo công thức hình học
1265,CỬA ĐL6D XN-VK_TRỌN BỘ >10m²,V4_KẼM,NVL-V4-KEM_TOLE75_STD,KG,1.312,"THÀNH PHẨM ""CỬA ĐL6D XN-VK_TRỌN BỘ >10m²"" (TP-CUADL6D XN-VK_TRONBO>10m²) chưa tra ra mã D1 [khong]"
1266,CỬA ĐL6D XN-VK_TRỌN BỘ >10m²,TRỤC114_1.8LY,NVL-TRUC114_1.8LY,M,,ĐM để trống — cấu phần tính theo công thức hình học
1267,CỬA ĐL6D XN-VK_TRỌN BỘ >10m²,PHỤ THU CHUYỂN ĐỔI LÊN CỬA KÉO TAY,PHUTHUCHUYENDOICUAKT,M2,,ĐM để trống — cấu phần tính theo công thức hình học
1269,CỬA ĐL6D XN-XLC_TRỌN BỘ >10m²,LÁ ĐÀI LOAN 6D_XN-XLC,NVL-TON-DL5.2Dx124-XNXLC,KG,6.32,vật tư KHÔNG tra ra mã trong danh mục D1
1270,CỬA ĐL6D XN-XLC_TRỌN BỘ >10m²,RAY SẮT (CÓ RON) U70,NVL-TOLE1.2x190-CORON,M,,ĐM để trống — cấu phần tính theo công thức hình học
1271,CỬA ĐL6D XN-XLC_TRỌN BỘ >10m²,TRỤC114_1.8LY,NVL-TRUC114_1.8LY,KG,1.312,"THÀNH PHẨM ""CỬA ĐL6D XN-XLC_TRỌN BỘ >10m²"" (TP-CUADL6D XN-XLC_TRONBO>10m²) chưa tra ra mã D1 [khong]"
1272,CỬA ĐL6D XN-XLC_TRỌN BỘ >10m²,V4_KẼM,NVL-V4-KEM_TOLE75_STD,M,,ĐM để trống — cấu phần tính theo công thức hình học
1273,CỬA ĐL6D XN-XLC_TRỌN BỘ >10m²,PHỤ THU CHUYỂN ĐỔI LÊN CỬA KÉO TAY,PHUTHUCHUYENDOICUAKT,M2,,ĐM để trống — cấu phần tính theo công thức hình học
1275,CỬA ĐL6D XN-XLC_TRỌN BỘ_9-10m²,LÁ ĐÀI LOAN 6D_XN-XLC,NVL-TON-DL5.2Dx124-XNXLC,KG,6.32,vật tư KHÔNG tra ra mã trong danh mục D1
1276,CỬA ĐL6D XN-XLC_TRỌN BỘ_9-10m²,RAY SẮT (CÓ RON) U70,NVL-TOLE1.2x190-CORON,M,,ĐM để trống — cấu phần tính theo công thức hình học
1277,CỬA ĐL6D XN-XLC_TRỌN BỘ_9-10m²,TRỤC114_1.8LY,NVL-TRUC114_1.8LY,KG,1.312,"THÀNH PHẨM ""CỬA ĐL6D XN-XLC_TRỌN BỘ_9-10m²"" (TP-CUADL6D XN-XLC_TRONBO_9-10m²) chưa tra ra mã D1 [khong]"
1278,CỬA ĐL6D XN-XLC_TRỌN BỘ_9-10m²,V4_KẼM,NVL-V4-KEM_TOLE75_STD,M,,ĐM để trống — cấu phần tính theo công thức hình học
1279,CỬA ĐL6D XN-XLC_TRỌN BỘ_9-10m²,PHỤ THU CHUYỂN ĐỔI LÊN CỬA KÉO TAY,PHUTHUCHUYENDOICUAKT,M2,,ĐM để trống — cấu phần tính theo công thức hình học
1281,CỬA ĐL6D XN-VK_TRỌN BỘ_9-10m²,LÁ ĐÀI LOAN 6D_XN-VK,NVL-TON-DL5.2Dx124-XNVK,KG,6.32,vật tư KHÔNG tra ra mã trong danh mục D1
1282,CỬA ĐL6D XN-VK_TRỌN BỘ_9-10m²,RAY SẮT (CÓ RON) U70,NVL-TOLE1.2x190-CORON,M,,ĐM để trống — cấu phần tính theo công thức hình học
1283,CỬA ĐL6D XN-VK_TRỌN BỘ_9-10m²,TRỤC114_1.8LY,NVL-TRUC114_1.8LY,KG,1.312,"THÀNH PHẨM ""CỬA ĐL6D XN-VK_TRỌN BỘ_9-10m²"" (TP-CUADL6D XN-VK_TRONBO_9-10m²) chưa tra ra mã D1 [khong]"
1284,CỬA ĐL6D XN-VK_TRỌN BỘ_9-10m²,V4_KẼM,NVL-V4-KEM_TOLE75_STD,M,,ĐM để trống — cấu phần tính theo công thức hình học
1285,CỬA ĐL6D XN-VK_TRỌN BỘ_9-10m²,PHỤ THU CHUYỂN ĐỔI LÊN CỬA KÉO TAY,PHUTHUCHUYENDOICUAKT,M2,,ĐM để trống — cấu phần tính theo công thức hình học
1287,CỬA ĐL6D XN-XLC_TRỌN BỘ_8-9m²,LÁ ĐÀI LOAN 6D_XN-XLC,NVL-TON-DL5.2Dx124-XNXLC,KG,6.32,vật tư KHÔNG tra ra mã trong danh mục D1
1288,CỬA ĐL6D XN-XLC_TRỌN BỘ_8-9m²,RAY SẮT (CÓ RON) U70,NVL-TOLE1.2x190-CORON,M,,ĐM để trống — cấu phần tính theo công thức hình học
1289,CỬA ĐL6D XN-XLC_TRỌN BỘ_8-9m²,TRỤC114_1.8LY,NVL-TRUC114_1.8LY,KG,1.312,"THÀNH PHẨM ""CỬA ĐL6D XN-XLC_TRỌN BỘ_8-9m²"" (TP-CUADL6D XN-XLC_TRONBO_8-9m²) chưa tra ra mã D1 [khong]"
1290,CỬA ĐL6D XN-XLC_TRỌN BỘ_8-9m²,V4_KẼM,NVL-V4_KEM_STD,M,,ĐM để trống — cấu phần tính theo công thức hình học
1291,CỬA ĐL6D XN-XLC_TRỌN BỘ_8-9m²,PHỤ THU CHUYỂN ĐỔI LÊN CỬA KÉO TAY,PHUTHUCHUYENDOICUAKT,M2,,ĐM để trống — cấu phần tính theo công thức hình học
1293,CỬA ĐL6D XN-VK_TRỌN BỘ_8-9m²,LÁ ĐÀI LOAN 6D_XN-VK,NVL-TON-DL5.2Dx124-XNVK,KG,6.32,vật tư KHÔNG tra ra mã trong danh mục D1
1294,CỬA ĐL6D XN-VK_TRỌN BỘ_8-9m²,RAY SẮT (CÓ RON) U70,NVL-TOLE1.2x190-CORON,M,,ĐM để trống — cấu phần tính theo công thức hình học
1295,CỬA ĐL6D XN-VK_TRỌN BỘ_8-9m²,V4_KẼM,NVL-V4_KEM_STD,KG,1.312,"THÀNH PHẨM ""CỬA ĐL6D XN-VK_TRỌN BỘ_8-9m²"" (TP-CUADL6D XN-VK_TRONBO_8-9m²) chưa tra ra mã D1 [khong]"
1296,CỬA ĐL6D XN-VK_TRỌN BỘ_8-9m²,TRỤC114_1.8LY,NVL-TRUC114_1.8LY,M,,ĐM để trống — cấu phần tính theo công thức hình học
1297,CỬA ĐL6D XN-VK_TRỌN BỘ_8-9m²,PHỤ THU CHUYỂN ĐỔI LÊN CỬA KÉO TAY,PHUTHUCHUYENDOICUAKT,M2,,ĐM để trống — cấu phần tính theo công thức hình học
1299,CỬA ĐL6D XN-VK_TRỌN BỘ_7-8m²,LÁ ĐÀI LOAN 6D_XN-VK,NVL-TON-DL5.2Dx124-XNVK,KG,6.32,vật tư KHÔNG tra ra mã trong danh mục D1
1300,CỬA ĐL6D XN-VK_TRỌN BỘ_7-8m²,RAY SẮT (CÓ RON) U70,NVL-TOLE1.2x190-CORON,M,,ĐM để trống — cấu phần tính theo công thức hình học
1301,CỬA ĐL6D XN-VK_TRỌN BỘ_7-8m²,TRỤC114_1.8LY,NVL-TRUC114_1.8LY,KG,1.312,"THÀNH PHẨM ""CỬA ĐL6D XN-VK_TRỌN BỘ_7-8m²"" (TP-CUADL6D XN-VK_TRONBO_7-8m²) chưa tra ra mã D1 [khong]"
1302,CỬA ĐL6D XN-VK_TRỌN BỘ_7-8m²,V4_KẼM,NVL-V4_KEM_STD,M,,ĐM để trống — cấu phần tính theo công thức hình học
1303,CỬA ĐL6D XN-VK_TRỌN BỘ_7-8m²,PHỤ THU CHUYỂN ĐỔI LÊN CỬA KÉO TAY,PHUTHUCHUYENDOICUAKT,M2,,ĐM để trống — cấu phần tính theo công thức hình học
1305,CỬA ĐL6D XN-XLC_TRỌN BỘ_7-8m²,LÁ ĐÀI LOAN 6D_XN-XLC,NVL-TON-DL5.2Dx124-XNXLC,KG,6.32,vật tư KHÔNG tra ra mã trong danh mục D1
1306,CỬA ĐL6D XN-XLC_TRỌN BỘ_7-8m²,RAY SẮT (CÓ RON) U70,NVL-TOLE1.2x190-CORON,M,,ĐM để trống — cấu phần tính theo công thức hình học
1307,CỬA ĐL6D XN-XLC_TRỌN BỘ_7-8m²,V4_KẼM,NVL-V4_KEM_STD,KG,1.312,"THÀNH PHẨM ""CỬA ĐL6D XN-XLC_TRỌN BỘ_7-8m²"" (TP-CUADL6D XN-XLC_TRONBO_7-8m²) chưa tra ra mã D1 [khong]"
1308,CỬA ĐL6D XN-XLC_TRỌN BỘ_7-8m²,TRỤC114_1.8LY,NVL-TRUC114_1.8LY,M,,ĐM để trống — cấu phần tính theo công thức hình học
1309,CỬA ĐL6D XN-XLC_TRỌN BỘ_7-8m²,PHỤ THU CHUYỂN ĐỔI LÊN CỬA KÉO TAY,PHUTHUCHUYENDOICUAKT,M2,,ĐM để trống — cấu phần tính theo công thức hình học
1311,CỬA ĐL6D XN-XLC_TRỌN BỘ_6-7m²,LÁ ĐÀI LOAN 6D_XN-XLC,NVL-TON-DL5.2Dx124-XNXLC,KG,6.32,vật tư KHÔNG tra ra mã trong danh mục D1
1312,CỬA ĐL6D XN-XLC_TRỌN BỘ_6-7m²,RAY SẮT (CÓ RON) U70,NVL-TOLE1.2x190-CORON,M,,ĐM để trống — cấu phần tính theo công thức hình học
1313,CỬA ĐL6D XN-XLC_TRỌN BỘ_6-7m²,V4_KẼM,NVL-V4_KEM_STD,KG,1.312,"THÀNH PHẨM ""CỬA ĐL6D XN-XLC_TRỌN BỘ_6-7m²"" (TP-CUADL6D XN-XLC_TRONBO_6-7m²) chưa tra ra mã D1 [khong]"
1314,CỬA ĐL6D XN-XLC_TRỌN BỘ_6-7m²,TRỤC114_1.8LY,NVL-TRUC114_1.8LY,M,,ĐM để trống — cấu phần tính theo công thức hình học
1315,CỬA ĐL6D XN-XLC_TRỌN BỘ_6-7m²,PHỤ THU CHUYỂN ĐỔI LÊN CỬA KÉO TAY,PHUTHUCHUYENDOICUAKT,M2,,ĐM để trống — cấu phần tính theo công thức hình học
1317,CỬA ĐL6D XN-VK_TRỌN BỘ_6-7m²,LÁ ĐÀI LOAN 6D_XN-VK,NVL-TON-DL5.2Dx124-XNVK,KG,6.32,vật tư KHÔNG tra ra mã trong danh mục D1
1318,CỬA ĐL6D XN-VK_TRỌN BỘ_6-7m²,RAY SẮT (CÓ RON) U70,NVL-TOLE1.2x190-CORON,M,,ĐM để trống — cấu phần tính theo công thức hình học
1319,CỬA ĐL6D XN-VK_TRỌN BỘ_6-7m²,V4_KẼM,NVL-V4_KEM_STD,KG,1.312,"THÀNH PHẨM ""CỬA ĐL6D XN-VK_TRỌN BỘ_6-7m²"" (TP-CUADL6D XN-VK_TRONBO_6-7m²) chưa tra ra mã D1 [khong]"
1320,CỬA ĐL6D XN-VK_TRỌN BỘ_6-7m²,TRỤC114_1.8LY,NVL-TRUC114_1.8LY,M,,ĐM để trống — cấu phần tính theo công thức hình học
1321,CỬA ĐL6D XN-VK_TRỌN BỘ_6-7m²,PHỤ THU CHUYỂN ĐỔI LÊN CỬA KÉO TAY,PHUTHUCHUYENDOICUAKT,M2,,ĐM để trống — cấu phần tính theo công thức hình học
1323,CỬA ĐL6D XN-XLC_TRỌN BỘ_5-6m²,LÁ ĐÀI LOAN 6D_XN-XLC,NVL-TON-DL5.2Dx124-XNXLC,KG,6.32,vật tư KHÔNG tra ra mã trong danh mục D1
1324,CỬA ĐL6D XN-XLC_TRỌN BỘ_5-6m²,RAY SẮT (CÓ RON) U70,NVL-TOLE1.2x190-CORON,M,,ĐM để trống — cấu phần tính theo công thức hình học
1325,CỬA ĐL6D XN-XLC_TRỌN BỘ_5-6m²,V4_KẼM,NVL-V4_KEM_STD,KG,1.312,"THÀNH PHẨM ""CỬA ĐL6D XN-XLC_TRỌN BỘ_5-6m²"" (TP-CUADL6D XN-XLC_TRONBO_5-6m²) chưa tra ra mã D1 [khong]"
1326,CỬA ĐL6D XN-XLC_TRỌN BỘ_5-6m²,TRỤC114_1.8LY,NVL-TRUC114_1.8LY,M,,ĐM để trống — cấu phần tính theo công thức hình học
1327,CỬA ĐL6D XN-XLC_TRỌN BỘ_5-6m²,PHỤ THU CHUYỂN ĐỔI LÊN CỬA KÉO TAY,PHUTHUCHUYENDOICUAKT,M2,,ĐM để trống — cấu phần tính theo công thức hình học
1329,CỬA ĐL6D XN-XLC_TRỌN BỘ_5-6m²,LÁ ĐÀI LOAN 6D_XN-VK,NVL-TON-DL5.2Dx124-XNVK,KG,6.32,vật tư KHÔNG tra ra mã trong danh mục D1
1330,CỬA ĐL6D XN-XLC_TRỌN BỘ_5-6m²,RAY SẮT (CÓ RON) U70,NVL-TOLE1.2x190-CORON,M,,ĐM để trống — cấu phần tính theo công thức hình học
1331,CỬA ĐL6D XN-XLC_TRỌN BỘ_5-6m²,TRỤC114_1.8LY,NVL-TRUC114_1.8LY,KG,1.312,"THÀNH PHẨM ""CỬA ĐL6D XN-XLC_TRỌN BỘ_5-6m²"" (TP-CUADL6D XN-VK_TRONBO_5-6m²) chưa tra ra mã D1 [khong]"
1332,CỬA ĐL6D XN-XLC_TRỌN BỘ_5-6m²,V4_KẼM,NVL-V4_KEM_STD,M,,ĐM để trống — cấu phần tính theo công thức hình học
1333,CỬA ĐL6D XN-XLC_TRỌN BỘ_5-6m²,PHỤ THU CHUYỂN ĐỔI LÊN CỬA KÉO TAY,PHUTHUCHUYENDOICUAKT,M2,,ĐM để trống — cấu phần tính theo công thức hình học
1335,CỬA ĐL6D XN-XLC_TRỌN BỘ_4-5m²,LÁ ĐÀI LOAN 6D_XN-XLC,NVL-TON-DL5.2Dx124-XNXLC,KG,6.32,vật tư KHÔNG tra ra mã trong danh mục D1
1336,CỬA ĐL6D XN-XLC_TRỌN BỘ_4-5m²,RAY SẮT (CÓ RON) U70,NVL-TOLE1.2x190-CORON,M,,ĐM để trống — cấu phần tính theo công thức hình học
1337,CỬA ĐL6D XN-XLC_TRỌN BỘ_4-5m²,V4_KẼM,NVL-V4_KEM_STD,KG,1.312,"THÀNH PHẨM ""CỬA ĐL6D XN-XLC_TRỌN BỘ_4-5m²"" (TP-CUADL6D XN-XLC_TRONBO_4-5m²) chưa tra ra mã D1 [khong]"
1338,CỬA ĐL6D XN-XLC_TRỌN BỘ_4-5m²,TRỤC114_1.8LY,NVL-TRUC114_1.8LY,M,,ĐM để trống — cấu phần tính theo công thức hình học
1339,CỬA ĐL6D XN-XLC_TRỌN BỘ_4-5m²,PHỤ THU CHUYỂN ĐỔI LÊN CỬA KÉO TAY,PHUTHUCHUYENDOICUAKT,M2,,ĐM để trống — cấu phần tính theo công thức hình học
1341,CỬA ĐL6D XN-VK_TRỌN BỘ_4-5m²,LÁ ĐÀI LOAN 6D_XN-VK,NVL-TON-DL5.2Dx124-XNVK,KG,6.32,vật tư KHÔNG tra ra mã trong danh mục D1
1342,CỬA ĐL6D XN-VK_TRỌN BỘ_4-5m²,RAY SẮT (CÓ RON) U70,NVL-TOLE1.2x190-CORON,M,,ĐM để trống — cấu phần tính theo công thức hình học
1343,CỬA ĐL6D XN-VK_TRỌN BỘ_4-5m²,V4_KẼM,NVL-V4_KEM_STD,KG,1.312,"THÀNH PHẨM ""CỬA ĐL6D XN-VK_TRỌN BỘ_4-5m²"" (TP-CUADL6D XN-VK_TRONBO_4-5m²) chưa tra ra mã D1 [khong]"
1344,CỬA ĐL6D XN-VK_TRỌN BỘ_4-5m²,TRỤC114_1.8LY,NVL-TRUC114_1.8LY,M,,ĐM để trống — cấu phần tính theo công thức hình học
1345,CỬA ĐL6D XN-VK_TRỌN BỘ_4-5m²,PHỤ THU CHUYỂN ĐỔI LÊN CỬA KÉO TAY,PHUTHUCHUYENDOICUAKT,M2,,ĐM để trống — cấu phần tính theo công thức hình học
1347,CỬA ĐL6D XN-VK_TRỌN BỘ_3-4m²,LÁ ĐÀI LOAN 6D_XN-VK,NVL-TON-DL5.2Dx124-XNVK,KG,6.32,vật tư KHÔNG tra ra mã trong danh mục D1
1348,CỬA ĐL6D XN-VK_TRỌN BỘ_3-4m²,RAY SẮT (CÓ RON) U70,NVL-TOLE1.2x190-CORON,M,,ĐM để trống — cấu phần tính theo công thức hình học
1349,CỬA ĐL6D XN-VK_TRỌN BỘ_3-4m²,V4_KẼM,NVL-V4_KEM_STD,KG,1.312,"THÀNH PHẨM ""CỬA ĐL6D XN-VK_TRỌN BỘ_3-4m²"" (TP-CUADL6D XN-VK_TRONBO_3-4m²) chưa tra ra mã D1 [khong]"
1350,CỬA ĐL6D XN-VK_TRỌN BỘ_3-4m²,TRỤC114_1.8LY,NVL-TRUC114_1.8LY,M,,ĐM để trống — cấu phần tính theo công thức hình học
1351,CỬA ĐL6D XN-VK_TRỌN BỘ_3-4m²,PHỤ THU CHUYỂN ĐỔI LÊN CỬA KÉO TAY,PHUTHUCHUYENDOICUAKT,M2,,ĐM để trống — cấu phần tính theo công thức hình học
1353,CỬA ĐL6D XN-XLC_TRỌN BỘ_3-4m²,LÁ ĐÀI LOAN 6D_XN-XLC,NVL-TON-DL5.2Dx124-XNXLC,M2,6.32,vật tư KHÔNG tra ra mã trong danh mục D1
1354,CỬA ĐL6D XN-XLC_TRỌN BỘ_3-4m²,RAY SẮT (CÓ RON) U70,NVL-TOLE1.2x190-CORON,M,,ĐM để trống — cấu phần tính theo công thức hình học
1355,CỬA ĐL6D XN-XLC_TRỌN BỘ_3-4m²,V4_KẼM,NVL-V4_KEM_STD,M,1.312,"ĐVT ""M"" — chưa rõ theo chiều CAO hay RỘNG"
1356,CỬA ĐL6D XN-XLC_TRỌN BỘ_3-4m²,TRỤC114_1.8LY,NVL-TRUC114_1.8LY,M,,ĐM để trống — cấu phần tính theo công thức hình học
1357,CỬA ĐL6D XN-XLC_TRỌN BỘ_3-4m²,PHỤ THU CHUYỂN ĐỔI LÊN CỬA KÉO TAY,PHUTHUCHUYENDOICUAKT,M2,,ĐM để trống — cấu phần tính theo công thức hình học
1359,CỬA ĐL7D XN-VK_TRỌN BỘ >10m²,LÁ ĐÀI LOAN 7D_XN-VK,NVL-TON-DL6.2Dx124-XNVK,M2,7.6,vật tư KHÔNG tra ra mã trong danh mục D1
1360,CỬA ĐL7D XN-VK_TRỌN BỘ >10m²,RAY SẮT (CÓ RON) U70,NVL-TOLE1.2x190-CORON,M,,ĐM để trống — cấu phần tính theo công thức hình học
1361,CỬA ĐL7D XN-VK_TRỌN BỘ >10m²,V4_KẼM,NVL-V4_KEM_STD,M,1.312,"ĐVT ""M"" — chưa rõ theo chiều CAO hay RỘNG"
1362,CỬA ĐL7D XN-VK_TRỌN BỘ >10m²,TRỤC114_1.8LY,NVL-TRUC114_1.8LY,M,,ĐM để trống — cấu phần tính theo công thức hình học
1363,CỬA ĐL7D XN-VK_TRỌN BỘ >10m²,PHỤ THU CHUYỂN ĐỔI LÊN CỬA KÉO TAY,PHUTHUCHUYENDOICUAKT,M2,,ĐM để trống — cấu phần tính theo công thức hình học
1365,CỬA ĐL7D XN-XLC_TRỌN BỘ >10m²,LÁ ĐÀI LOAN 7D_XN-XLC,NVL-TON-DL6.2Dx124-XNXLC,M2,7.6,vật tư KHÔNG tra ra mã trong danh mục D1
1366,CỬA ĐL7D XN-XLC_TRỌN BỘ >10m²,RAY SẮT (CÓ RON) U70,NVL-TOLE1.2x190-CORON,M,,ĐM để trống — cấu phần tính theo công thức hình học
1367,CỬA ĐL7D XN-XLC_TRỌN BỘ >10m²,V4_KẼM,NVL-V4_KEM_STD,M,1.312,"ĐVT ""M"" — chưa rõ theo chiều CAO hay RỘNG"
1368,CỬA ĐL7D XN-XLC_TRỌN BỘ >10m²,TRỤC114_1.8LY,NVL-TRUC114_1.8LY,M,,ĐM để trống — cấu phần tính theo công thức hình học
1369,CỬA ĐL7D XN-XLC_TRỌN BỘ >10m²,PHỤ THU CHUYỂN ĐỔI LÊN CỬA KÉO TAY,PHUTHUCHUYENDOICUAKT,M2,,ĐM để trống — cấu phần tính theo công thức hình học
1371,CỬA ĐL7D XN-XLC_TRỌN BỘ_9-10m²,LÁ ĐÀI LOAN 7D_XN-XLC,NVL-TON-DL6.2Dx124-XNXLC,M2,7.6,vật tư KHÔNG tra ra mã trong danh mục D1
1372,CỬA ĐL7D XN-XLC_TRỌN BỘ_9-10m²,RAY SẮT (CÓ RON) U70,NVL-TOLE1.2x190-CORON,M,,ĐM để trống — cấu phần tính theo công thức hình học
1373,CỬA ĐL7D XN-XLC_TRỌN BỘ_9-10m²,V4_KẼM,NVL-V4_KEM_STD,M,1.312,"ĐVT ""M"" — chưa rõ theo chiều CAO hay RỘNG"
1374,CỬA ĐL7D XN-XLC_TRỌN BỘ_9-10m²,TRỤC114_1.8LY,NVL-TRUC114_1.8LY,M,,ĐM để trống — cấu phần tính theo công thức hình học
1375,CỬA ĐL7D XN-XLC_TRỌN BỘ_9-10m²,PHỤ THU CHUYỂN ĐỔI LÊN CỬA KÉO TAY,PHUTHUCHUYENDOICUAKT,M2,,ĐM để trống — cấu phần tính theo công thức hình học
1377,CỬA ĐL7D XN-VK_TRỌN BỘ_9-10m²,LÁ ĐÀI LOAN 7D_XN-VK,NVL-TON-DL6.2Dx124-XNVK,M2,7.6,vật tư KHÔNG tra ra mã trong danh mục D1
1378,CỬA ĐL7D XN-VK_TRỌN BỘ_9-10m²,RAY SẮT (CÓ RON) U70,NVL-TOLE1.2x190-CORON,M,,ĐM để trống — cấu phần tính theo công thức hình học
1379,CỬA ĐL7D XN-VK_TRỌN BỘ_9-10m²,V4_KẼM,NVL-V4_KEM_STD,M,1.312,"ĐVT ""M"" — chưa rõ theo chiều CAO hay RỘNG"
1380,CỬA ĐL7D XN-VK_TRỌN BỘ_9-10m²,TRỤC114_1.8LY,NVL-TRUC114_1.8LY,M,,ĐM để trống — cấu phần tính theo công thức hình học
1381,CỬA ĐL7D XN-VK_TRỌN BỘ_9-10m²,PHỤ THU CHUYỂN ĐỔI LÊN CỬA KÉO TAY,PHUTHUCHUYENDOICUAKT,M2,,ĐM để trống — cấu phần tính theo công thức hình học
1383,CỬA ĐL7D XN-XLC_TRỌN BỘ_8-9m²,LÁ ĐÀI LOAN 7D_XN-XLC,NVL-TON-DL6.2Dx124-XNXLC,M2,7.6,vật tư KHÔNG tra ra mã trong danh mục D1
1384,CỬA ĐL7D XN-XLC_TRỌN BỘ_8-9m²,RAY SẮT (CÓ RON) U70,NVL-TOLE1.2x190-CORON,M,,ĐM để trống — cấu phần tính theo công thức hình học
1385,CỬA ĐL7D XN-XLC_TRỌN BỘ_8-9m²,V4_KẼM,NVL-V4_KEM_STD,M,1.312,"ĐVT ""M"" — chưa rõ theo chiều CAO hay RỘNG"
1386,CỬA ĐL7D XN-XLC_TRỌN BỘ_8-9m²,TRỤC114_1.8LY,NVL-TRUC114_1.8LY,M,,ĐM để trống — cấu phần tính theo công thức hình học
1387,CỬA ĐL7D XN-XLC_TRỌN BỘ_8-9m²,PHỤ THU CHUYỂN ĐỔI LÊN CỬA KÉO TAY,PHUTHUCHUYENDOICUAKT,M2,,ĐM để trống — cấu phần tính theo công thức hình học
1389,CỬA ĐL7D XN-VK_TRỌN BỘ_8-9m²,LÁ ĐÀI LOAN 7D_XN-VK,NVL-TON-DL6.2Dx124-XNVK,M2,7.6,vật tư KHÔNG tra ra mã trong danh mục D1
1390,CỬA ĐL7D XN-VK_TRỌN BỘ_8-9m²,RAY SẮT (CÓ RON) U70,NVL-TOLE1.2x190-CORON,M,,ĐM để trống — cấu phần tính theo công thức hình học
1391,CỬA ĐL7D XN-VK_TRỌN BỘ_8-9m²,V4_KẼM,NVL-V4_KEM_STD,M,1.312,"ĐVT ""M"" — chưa rõ theo chiều CAO hay RỘNG"
1392,CỬA ĐL7D XN-VK_TRỌN BỘ_8-9m²,TRỤC114_1.8LY,NVL-TRUC114_1.8LY,M,,ĐM để trống — cấu phần tính theo công thức hình học
1393,CỬA ĐL7D XN-VK_TRỌN BỘ_8-9m²,PHỤ THU CHUYỂN ĐỔI LÊN CỬA KÉO TAY,PHUTHUCHUYENDOICUAKT,M2,,ĐM để trống — cấu phần tính theo công thức hình học
1395,CỬA ĐL7D XN-VK_TRỌN BỘ_7-8m²,LÁ ĐÀI LOAN 7D_XN-VK,NVL-TON-DL6.2Dx124-XNVK,M2,7.6,vật tư KHÔNG tra ra mã trong danh mục D1
1396,CỬA ĐL7D XN-VK_TRỌN BỘ_7-8m²,RAY SẮT (CÓ RON) U70,NVL-TOLE1.2x190-CORON,M,,ĐM để trống — cấu phần tính theo công thức hình học
1397,CỬA ĐL7D XN-VK_TRỌN BỘ_7-8m²,V4_KẼM,NVL-V4_KEM_STD,M,1.312,"ĐVT ""M"" — chưa rõ theo chiều CAO hay RỘNG"
1398,CỬA ĐL7D XN-VK_TRỌN BỘ_7-8m²,TRỤC114_1.8LY,NVL-TRUC114_1.8LY,M,,ĐM để trống — cấu phần tính theo công thức hình học
1399,CỬA ĐL7D XN-VK_TRỌN BỘ_7-8m²,PHỤ THU CHUYỂN ĐỔI LÊN CỬA KÉO TAY,PHUTHUCHUYENDOICUAKT,M2,,ĐM để trống — cấu phần tính theo công thức hình học
1401,CỬA ĐL7D XN-XLC_TRỌN BỘ_7-8m²,LÁ ĐÀI LOAN 7D_XN-XLC,NVL-TON-DL6.2Dx124-XNXLC,M2,7.6,vật tư KHÔNG tra ra mã trong danh mục D1
1402,CỬA ĐL7D XN-XLC_TRỌN BỘ_7-8m²,RAY SẮT (CÓ RON) U70,NVL-TOLE1.2x190-CORON,M,,ĐM để trống — cấu phần tính theo công thức hình học
1403,CỬA ĐL7D XN-XLC_TRỌN BỘ_7-8m²,V4_KẼM,NVL-V4_KEM_STD,M,1.312,"ĐVT ""M"" — chưa rõ theo chiều CAO hay RỘNG"
1404,CỬA ĐL7D XN-XLC_TRỌN BỘ_7-8m²,TRỤC114_1.8LY,NVL-TRUC114_1.8LY,M,,ĐM để trống — cấu phần tính theo công thức hình học
1405,CỬA ĐL7D XN-XLC_TRỌN BỘ_7-8m²,PHỤ THU CHUYỂN ĐỔI LÊN CỬA KÉO TAY,PHUTHUCHUYENDOICUAKT,M2,,ĐM để trống — cấu phần tính theo công thức hình học
1407,CỬA ĐL7D XN-XLC_TRỌN BỘ_6-7m²,LÁ ĐÀI LOAN 7D_XN-XLC,NVL-TON-DL6.2Dx124-XNXLC,M2,7.6,vật tư KHÔNG tra ra mã trong danh mục D1
1408,CỬA ĐL7D XN-XLC_TRỌN BỘ_6-7m²,RAY SẮT (CÓ RON) U70,NVL-TOLE1.2x190-CORON,M,,ĐM để trống — cấu phần tính theo công thức hình học
1409,CỬA ĐL7D XN-XLC_TRỌN BỘ_6-7m²,V4_KẼM,NVL-V4_KEM_STD,M,1.312,"ĐVT ""M"" — chưa rõ theo chiều CAO hay RỘNG"
1410,CỬA ĐL7D XN-XLC_TRỌN BỘ_6-7m²,TRỤC114_1.8LY,NVL-TRUC114_1.8LY,M,,ĐM để trống — cấu phần tính theo công thức hình học
1411,CỬA ĐL7D XN-XLC_TRỌN BỘ_6-7m²,PHỤ THU CHUYỂN ĐỔI LÊN CỬA KÉO TAY,PHUTHUCHUYENDOICUAKT,M2,,ĐM để trống — cấu phần tính theo công thức hình học
1413,CỬA ĐL7D XN-VK_TRỌN BỘ_6-7m²,LÁ ĐÀI LOAN 7D_XN-VK,NVL-TON-DL6.2Dx124-XNVK,M2,7.6,vật tư KHÔNG tra ra mã trong danh mục D1
1414,CỬA ĐL7D XN-VK_TRỌN BỘ_6-7m²,RAY SẮT (CÓ RON) U70,NVL-TOLE1.2x190-CORON,M,,ĐM để trống — cấu phần tính theo công thức hình học
1415,CỬA ĐL7D XN-VK_TRỌN BỘ_6-7m²,V4_KẼM,NVL-V4_KEM_STD,M,1.312,"ĐVT ""M"" — chưa rõ theo chiều CAO hay RỘNG"
1416,CỬA ĐL7D XN-VK_TRỌN BỘ_6-7m²,TRỤC114_1.8LY,NVL-TRUC114_1.8LY,M,,ĐM để trống — cấu phần tính theo công thức hình học
1417,CỬA ĐL7D XN-VK_TRỌN BỘ_6-7m²,PHỤ THU CHUYỂN ĐỔI LÊN CỬA KÉO TAY,PHUTHUCHUYENDOICUAKT,M2,,ĐM để trống — cấu phần tính theo công thức hình học
1419,CỬA ĐL7D XN-XLC_TRỌN BỘ_5-6m²,LÁ ĐÀI LOAN 7D_XN-XLC,NVL-TON-DL6.2Dx124-XNXLC,M2,7.6,vật tư KHÔNG tra ra mã trong danh mục D1
1420,CỬA ĐL7D XN-XLC_TRỌN BỘ_5-6m²,RAY SẮT (CÓ RON) U70,NVL-TOLE1.2x190-CORON,M,,ĐM để trống — cấu phần tính theo công thức hình học
1421,CỬA ĐL7D XN-XLC_TRỌN BỘ_5-6m²,V4_KẼM,NVL-V4_KEM_STD,M,1.312,"ĐVT ""M"" — chưa rõ theo chiều CAO hay RỘNG"
1422,CỬA ĐL7D XN-XLC_TRỌN BỘ_5-6m²,TRỤC114_1.8LY,NVL-TRUC114_1.8LY,M,,ĐM để trống — cấu phần tính theo công thức hình học
1423,CỬA ĐL7D XN-XLC_TRỌN BỘ_5-6m²,PHỤ THU CHUYỂN ĐỔI LÊN CỬA KÉO TAY,PHUTHUCHUYENDOICUAKT,M2,,ĐM để trống — cấu phần tính theo công thức hình học
1425,CỬA ĐL7D XN-XLC_TRỌN BỘ_5-6m²,LÁ ĐÀI LOAN 7D_XN-VK,NVL-TON-DL6.2Dx124-XNVK,M2,7.6,vật tư KHÔNG tra ra mã trong danh mục D1
1426,CỬA ĐL7D XN-XLC_TRỌN BỘ_5-6m²,RAY SẮT (CÓ RON) U70,NVL-TOLE1.2x190-CORON,M,,ĐM để trống — cấu phần tính theo công thức hình học
1427,CỬA ĐL7D XN-XLC_TRỌN BỘ_5-6m²,V4_KẼM,NVL-V4_KEM_STD,M,1.312,"ĐVT ""M"" — chưa rõ theo chiều CAO hay RỘNG"
1428,CỬA ĐL7D XN-XLC_TRỌN BỘ_5-6m²,TRỤC114_1.8LY,NVL-TRUC114_1.8LY,M,,ĐM để trống — cấu phần tính theo công thức hình học
1429,CỬA ĐL7D XN-XLC_TRỌN BỘ_5-6m²,PHỤ THU CHUYỂN ĐỔI LÊN CỬA KÉO TAY,PHUTHUCHUYENDOICUAKT,M2,,ĐM để trống — cấu phần tính theo công thức hình học
1431,CỬA ĐL7D XN-XLC_TRỌN BỘ_4-5m²,LÁ ĐÀI LOAN 7D_XN-XLC,NVL-TON-DL6.2Dx124-XNXLC,M2,7.6,vật tư KHÔNG tra ra mã trong danh mục D1
1432,CỬA ĐL7D XN-XLC_TRỌN BỘ_4-5m²,RAY SẮT (CÓ RON) U70,NVL-TOLE1.2x190-CORON,M,,ĐM để trống — cấu phần tính theo công thức hình học
1433,CỬA ĐL7D XN-XLC_TRỌN BỘ_4-5m²,V4_KẼM,NVL-V4_KEM_STD,M,1.312,"ĐVT ""M"" — chưa rõ theo chiều CAO hay RỘNG"
1434,CỬA ĐL7D XN-XLC_TRỌN BỘ_4-5m²,TRỤC114_1.8LY,NVL-TRUC114_1.8LY,M,,ĐM để trống — cấu phần tính theo công thức hình học
1435,CỬA ĐL7D XN-XLC_TRỌN BỘ_4-5m²,PHỤ THU CHUYỂN ĐỔI LÊN CỬA KÉO TAY,PHUTHUCHUYENDOICUAKT,M2,,ĐM để trống — cấu phần tính theo công thức hình học
1437,CỬA ĐL7D XN-VK_TRỌN BỘ_4-5m²,LÁ ĐÀI LOAN 7D_XN-VK,NVL-TON-DL6.2Dx124-XNVK,M2,7.6,vật tư KHÔNG tra ra mã trong danh mục D1
1438,CỬA ĐL7D XN-VK_TRỌN BỘ_4-5m²,RAY SẮT (CÓ RON) U70,NVL-TOLE1.2x190-CORON,M,,ĐM để trống — cấu phần tính theo công thức hình học
1439,CỬA ĐL7D XN-VK_TRỌN BỘ_4-5m²,V4_KẼM,NVL-V4_KEM_STD,M,1.312,"ĐVT ""M"" — chưa rõ theo chiều CAO hay RỘNG"
1440,CỬA ĐL7D XN-VK_TRỌN BỘ_4-5m²,TRỤC114_1.8LY,NVL-TRUC114_1.8LY,M,,ĐM để trống — cấu phần tính theo công thức hình học
1441,CỬA ĐL7D XN-VK_TRỌN BỘ_4-5m²,PHỤ THU CHUYỂN ĐỔI LÊN CỬA KÉO TAY,PHUTHUCHUYENDOICUAKT,M2,,ĐM để trống — cấu phần tính theo công thức hình học
1443,CỬA ĐL7D XN-VK_TRỌN BỘ_3-4m²,LÁ ĐÀI LOAN 7D_XN-VK,NVL-TON-DL6.2Dx124-XNVK,M2,7.6,vật tư KHÔNG tra ra mã trong danh mục D1
1444,CỬA ĐL7D XN-VK_TRỌN BỘ_3-4m²,RAY SẮT (CÓ RON) U70,NVL-TOLE1.2x190-CORON,M,,ĐM để trống — cấu phần tính theo công thức hình học
1445,CỬA ĐL7D XN-VK_TRỌN BỘ_3-4m²,V4_KẼM,NVL-V4_KEM_STD,M,1.312,"ĐVT ""M"" — chưa rõ theo chiều CAO hay RỘNG"
1446,CỬA ĐL7D XN-VK_TRỌN BỘ_3-4m²,TRỤC114_1.8LY,NVL-TRUC114_1.8LY,M,,ĐM để trống — cấu phần tính theo công thức hình học
1447,CỬA ĐL7D XN-VK_TRỌN BỘ_3-4m²,PHỤ THU CHUYỂN ĐỔI LÊN CỬA KÉO TAY,PHUTHUCHUYENDOICUAKT,M2,,ĐM để trống — cấu phần tính theo công thức hình học
1449,CỬA ĐL7D XN-XLC_TRỌN BỘ_3-4m²,LÁ ĐÀI LOAN 7D_XN-XLC,NVL-TON-DL6.2Dx124-XNXLC,M2,7.6,vật tư KHÔNG tra ra mã trong danh mục D1
1450,CỬA ĐL7D XN-XLC_TRỌN BỘ_3-4m²,RAY SẮT (CÓ RON) U70,NVL-TOLE1.2x190-CORON,M,,ĐM để trống — cấu phần tính theo công thức hình học
1451,CỬA ĐL7D XN-XLC_TRỌN BỘ_3-4m²,V4_KẼM,NVL-V4_KEM_STD,M,1.312,"ĐVT ""M"" — chưa rõ theo chiều CAO hay RỘNG"
1452,CỬA ĐL7D XN-XLC_TRỌN BỘ_3-4m²,TRỤC114_1.8LY,NVL-TRUC114_1.8LY,M,,ĐM để trống — cấu phần tính theo công thức hình học
1453,CỬA ĐL7D XN-XLC_TRỌN BỘ_3-4m²,PHỤ THU CHUYỂN ĐỔI LÊN CỬA KÉO TAY,PHUTHUCHUYENDOICUAKT,M2,,ĐM để trống — cấu phần tính theo công thức hình học
1455,CỬA ĐL8D XN-VK_TRỌN BỘ >10m²,LÁ ĐÀI LOAN 8D_XN-VK,NVL-TON-DL7.2Dx124-XNVK,M2,8.85,vật tư KHÔNG tra ra mã trong danh mục D1
1456,CỬA ĐL8D XN-VK_TRỌN BỘ >10m²,RAY SẮT (CÓ RON) U70,NVL-TOLE1.2x190-CORON,M,,ĐM để trống — cấu phần tính theo công thức hình học
1457,CỬA ĐL8D XN-VK_TRỌN BỘ >10m²,V4_KẼM,NVL-V4_KEM_STD,M,1.312,"ĐVT ""M"" — chưa rõ theo chiều CAO hay RỘNG"
1458,CỬA ĐL8D XN-VK_TRỌN BỘ >10m²,TRỤC114_1.8LY,NVL-TRUC114_1.8LY,M,,ĐM để trống — cấu phần tính theo công thức hình học
1459,CỬA ĐL8D XN-VK_TRỌN BỘ >10m²,PHỤ THU CHUYỂN ĐỔI LÊN CỬA KÉO TAY,PHUTHUCHUYENDOICUAKT,M2,,ĐM để trống — cấu phần tính theo công thức hình học
1461,CỬA ĐL8D XN-XLC_TRỌN BỘ >10m²,LÁ ĐÀI LOAN 8D_XN-XLC,NVL-TON-DL7.2Dx124-XNXLC,M2,8.85,vật tư KHÔNG tra ra mã trong danh mục D1
1462,CỬA ĐL8D XN-XLC_TRỌN BỘ >10m²,RAY SẮT (CÓ RON) U70,NVL-TOLE1.2x190-CORON,M,,ĐM để trống — cấu phần tính theo công thức hình học
1463,CỬA ĐL8D XN-XLC_TRỌN BỘ >10m²,V4_KẼM,NVL-V4_KEM_STD,M,1.312,"ĐVT ""M"" — chưa rõ theo chiều CAO hay RỘNG"
1464,CỬA ĐL8D XN-XLC_TRỌN BỘ >10m²,TRỤC114_1.8LY,NVL-TRUC114_1.8LY,M,,ĐM để trống — cấu phần tính theo công thức hình học
1465,CỬA ĐL8D XN-XLC_TRỌN BỘ >10m²,PHỤ THU CHUYỂN ĐỔI LÊN CỬA KÉO TAY,PHUTHUCHUYENDOICUAKT,M2,,ĐM để trống — cấu phần tính theo công thức hình học
1467,CỬA ĐL8D XN-XLC_TRỌN BỘ_9-10m²,LÁ ĐÀI LOAN 8D_XN-XLC,NVL-TON-DL7.2Dx124-XNXLC,M2,8.85,vật tư KHÔNG tra ra mã trong danh mục D1
1468,CỬA ĐL8D XN-XLC_TRỌN BỘ_9-10m²,RAY SẮT (CÓ RON) U70,NVL-TOLE1.2x190-CORON,M,,ĐM để trống — cấu phần tính theo công thức hình học
1469,CỬA ĐL8D XN-XLC_TRỌN BỘ_9-10m²,V4_KẼM,NVL-V4_KEM_STD,M,1.312,"ĐVT ""M"" — chưa rõ theo chiều CAO hay RỘNG"
1470,CỬA ĐL8D XN-XLC_TRỌN BỘ_9-10m²,TRỤC114_1.8LY,NVL-TRUC114_1.8LY,M,,ĐM để trống — cấu phần tính theo công thức hình học
1471,CỬA ĐL8D XN-XLC_TRỌN BỘ_9-10m²,PHỤ THU CHUYỂN ĐỔI LÊN CỬA KÉO TAY,PHUTHUCHUYENDOICUAKT,M2,,ĐM để trống — cấu phần tính theo công thức hình học
1473,CỬA ĐL8D XN-VK_TRỌN BỘ_9-10m²,LÁ ĐÀI LOAN 8D_XN-VK,NVL-TON-DL7.2Dx124-XNVK,M2,8.85,vật tư KHÔNG tra ra mã trong danh mục D1
1474,CỬA ĐL8D XN-VK_TRỌN BỘ_9-10m²,RAY SẮT (CÓ RON) U70,NVL-TOLE1.2x190-CORON,M,,ĐM để trống — cấu phần tính theo công thức hình học
1475,CỬA ĐL8D XN-VK_TRỌN BỘ_9-10m²,V4_KẼM,NVL-V4_KEM_STD,M,1.312,"ĐVT ""M"" — chưa rõ theo chiều CAO hay RỘNG"
1476,CỬA ĐL8D XN-VK_TRỌN BỘ_9-10m²,TRỤC114_1.8LY,NVL-TRUC114_1.8LY,M,,ĐM để trống — cấu phần tính theo công thức hình học
1477,CỬA ĐL8D XN-VK_TRỌN BỘ_9-10m²,PHỤ THU CHUYỂN ĐỔI LÊN CỬA KÉO TAY,PHUTHUCHUYENDOICUAKT,M2,,ĐM để trống — cấu phần tính theo công thức hình học
1479,CỬA ĐL8D XN-XLC_TRỌN BỘ_8-9m²,LÁ ĐÀI LOAN 8D_XN-XLC,NVL-TON-DL7.2Dx124-XNXLC,M2,8.85,vật tư KHÔNG tra ra mã trong danh mục D1
1480,CỬA ĐL8D XN-XLC_TRỌN BỘ_8-9m²,RAY SẮT (CÓ RON) U70,NVL-TOLE1.2x190-CORON,M,,ĐM để trống — cấu phần tính theo công thức hình học
1481,CỬA ĐL8D XN-XLC_TRỌN BỘ_8-9m²,V4_KẼM,NVL-V4_KEM_STD,M,1.312,"ĐVT ""M"" — chưa rõ theo chiều CAO hay RỘNG"
1482,CỬA ĐL8D XN-XLC_TRỌN BỘ_8-9m²,TRỤC114_1.8LY,NVL-TRUC114_1.8LY,M,,ĐM để trống — cấu phần tính theo công thức hình học
1483,CỬA ĐL8D XN-XLC_TRỌN BỘ_8-9m²,PHỤ THU CHUYỂN ĐỔI LÊN CỬA KÉO TAY,PHUTHUCHUYENDOICUAKT,M2,,ĐM để trống — cấu phần tính theo công thức hình học
1485,CỬA ĐL8D XN-VK_TRỌN BỘ_8-9m²,LÁ ĐÀI LOAN 8D_XN-VK,NVL-TON-DL7.2Dx124-XNVK,M2,8.85,vật tư KHÔNG tra ra mã trong danh mục D1
1486,CỬA ĐL8D XN-VK_TRỌN BỘ_8-9m²,RAY SẮT (CÓ RON) U70,NVL-TOLE1.2x190-CORON,M,,ĐM để trống — cấu phần tính theo công thức hình học
1487,CỬA ĐL8D XN-VK_TRỌN BỘ_8-9m²,V4_KẼM,NVL-V4_KEM_STD,M,1.312,"ĐVT ""M"" — chưa rõ theo chiều CAO hay RỘNG"
1488,CỬA ĐL8D XN-VK_TRỌN BỘ_8-9m²,TRỤC114_1.8LY,NVL-TRUC114_1.8LY,M,,ĐM để trống — cấu phần tính theo công thức hình học
1489,CỬA ĐL8D XN-VK_TRỌN BỘ_8-9m²,PHỤ THU CHUYỂN ĐỔI LÊN CỬA KÉO TAY,PHUTHUCHUYENDOICUAKT,M2,,ĐM để trống — cấu phần tính theo công thức hình học
1491,CỬA ĐL8D XN-VK_TRỌN BỘ_7-8m²,LÁ ĐÀI LOAN 8D_XN-VK,NVL-TON-DL7.2Dx124-XNVK,M2,8.85,vật tư KHÔNG tra ra mã trong danh mục D1
1492,CỬA ĐL8D XN-VK_TRỌN BỘ_7-8m²,RAY SẮT (CÓ RON) U70,NVL-TOLE1.2x190-CORON,M,,ĐM để trống — cấu phần tính theo công thức hình học
1493,CỬA ĐL8D XN-VK_TRỌN BỘ_7-8m²,V4_KẼM,NVL-V4_KEM_STD,M,1.312,"ĐVT ""M"" — chưa rõ theo chiều CAO hay RỘNG"
1494,CỬA ĐL8D XN-VK_TRỌN BỘ_7-8m²,TRỤC114_1.8LY,NVL-TRUC114_1.8LY,M,,ĐM để trống — cấu phần tính theo công thức hình học
1495,CỬA ĐL8D XN-VK_TRỌN BỘ_7-8m²,PHỤ THU CHUYỂN ĐỔI LÊN CỬA KÉO TAY,PHUTHUCHUYENDOICUAKT,M2,,ĐM để trống — cấu phần tính theo công thức hình học
1497,CỬA ĐL8D XN-XLC_TRỌN BỘ_7-8m²,LÁ ĐÀI LOAN 8D_XN-XLC,NVL-TON-DL7.2Dx124-XNXLC,M2,8.85,vật tư KHÔNG tra ra mã trong danh mục D1
1498,CỬA ĐL8D XN-XLC_TRỌN BỘ_7-8m²,RAY SẮT (CÓ RON) U70,NVL-TOLE1.2x190-CORON,M,,ĐM để trống — cấu phần tính theo công thức hình học
1499,CỬA ĐL8D XN-XLC_TRỌN BỘ_7-8m²,V4_KẼM,NVL-V4_KEM_STD,M,1.312,"ĐVT ""M"" — chưa rõ theo chiều CAO hay RỘNG"
1500,CỬA ĐL8D XN-XLC_TRỌN BỘ_7-8m²,TRỤC114_1.8LY,NVL-TRUC114_1.8LY,M,,ĐM để trống — cấu phần tính theo công thức hình học
1501,CỬA ĐL8D XN-XLC_TRỌN BỘ_7-8m²,PHỤ THU CHUYỂN ĐỔI LÊN CỬA KÉO TAY,PHUTHUCHUYENDOICUAKT,M2,,ĐM để trống — cấu phần tính theo công thức hình học
1503,CỬA ĐL8D XN-XLC_TRỌN BỘ_6-7m²,LÁ ĐÀI LOAN 8D_XN-XLC,NVL-TON-DL7.2Dx124-XNXLC,M2,8.85,vật tư KHÔNG tra ra mã trong danh mục D1
1504,CỬA ĐL8D XN-XLC_TRỌN BỘ_6-7m²,RAY SẮT (CÓ RON) U70,NVL-TOLE1.2x190-CORON,M,,ĐM để trống — cấu phần tính theo công thức hình học
1505,CỬA ĐL8D XN-XLC_TRỌN BỘ_6-7m²,V4_KẼM,NVL-V4_KEM_STD,M,1.312,"ĐVT ""M"" — chưa rõ theo chiều CAO hay RỘNG"
1506,CỬA ĐL8D XN-XLC_TRỌN BỘ_6-7m²,TRỤC114_1.8LY,NVL-TRUC114_1.8LY,M,,ĐM để trống — cấu phần tính theo công thức hình học
1507,CỬA ĐL8D XN-XLC_TRỌN BỘ_6-7m²,PHỤ THU CHUYỂN ĐỔI LÊN CỬA KÉO TAY,PHUTHUCHUYENDOICUAKT,M2,,ĐM để trống — cấu phần tính theo công thức hình học
1509,CỬA ĐL8D XN-VK_TRỌN BỘ_6-7m²,LÁ ĐÀI LOAN 8D_XN-VK,NVL-TON-DL7.2Dx124-XNVK,M2,8.85,vật tư KHÔNG tra ra mã trong danh mục D1
1510,CỬA ĐL8D XN-VK_TRỌN BỘ_6-7m²,RAY SẮT (CÓ RON) U70,NVL-TOLE1.2x190-CORON,M,,ĐM để trống — cấu phần tính theo công thức hình học
1511,CỬA ĐL8D XN-VK_TRỌN BỘ_6-7m²,V4_KẼM,NVL-V4_KEM_STD,M,1.312,"ĐVT ""M"" — chưa rõ theo chiều CAO hay RỘNG"
1512,CỬA ĐL8D XN-VK_TRỌN BỘ_6-7m²,TRỤC114_1.8LY,NVL-TRUC114_1.8LY,M,,ĐM để trống — cấu phần tính theo công thức hình học
1513,CỬA ĐL8D XN-VK_TRỌN BỘ_6-7m²,PHỤ THU CHUYỂN ĐỔI LÊN CỬA KÉO TAY,PHUTHUCHUYENDOICUAKT,M2,,ĐM để trống — cấu phần tính theo công thức hình học
1515,CỬA ĐL8D XN-XLC_TRỌN BỘ_5-6m²,LÁ ĐÀI LOAN 8D_XN-XLC,NVL-TON-DL7.2Dx124-XNXLC,M2,8.85,vật tư KHÔNG tra ra mã trong danh mục D1
1516,CỬA ĐL8D XN-XLC_TRỌN BỘ_5-6m²,RAY SẮT (CÓ RON) U70,NVL-TOLE1.2x190-CORON,M,,ĐM để trống — cấu phần tính theo công thức hình học
1517,CỬA ĐL8D XN-XLC_TRỌN BỘ_5-6m²,V4_KẼM,NVL-V4_KEM_STD,M,1.312,"ĐVT ""M"" — chưa rõ theo chiều CAO hay RỘNG"
1518,CỬA ĐL8D XN-XLC_TRỌN BỘ_5-6m²,TRỤC114_1.8LY,NVL-TRUC114_1.8LY,M,,ĐM để trống — cấu phần tính theo công thức hình học
1519,CỬA ĐL8D XN-XLC_TRỌN BỘ_5-6m²,PHỤ THU CHUYỂN ĐỔI LÊN CỬA KÉO TAY,PHUTHUCHUYENDOICUAKT,M2,,ĐM để trống — cấu phần tính theo công thức hình học
1521,CỬA ĐL8D XN-XLC_TRỌN BỘ_5-6m²,LÁ ĐÀI LOAN 8D_XN-VK,NVL-TON-DL7.2Dx124-XNVK,M2,8.85,vật tư KHÔNG tra ra mã trong danh mục D1
1522,CỬA ĐL8D XN-XLC_TRỌN BỘ_5-6m²,RAY SẮT (CÓ RON) U70,NVL-TOLE1.2x190-CORON,M,,ĐM để trống — cấu phần tính theo công thức hình học
1523,CỬA ĐL8D XN-XLC_TRỌN BỘ_5-6m²,V4_KẼM,NVL-V4_KEM_STD,M,1.312,"ĐVT ""M"" — chưa rõ theo chiều CAO hay RỘNG"
1524,CỬA ĐL8D XN-XLC_TRỌN BỘ_5-6m²,TRỤC114_1.8LY,NVL-TRUC114_1.8LY,M,,ĐM để trống — cấu phần tính theo công thức hình học
1525,CỬA ĐL8D XN-XLC_TRỌN BỘ_5-6m²,PHỤ THU CHUYỂN ĐỔI LÊN CỬA KÉO TAY,PHUTHUCHUYENDOICUAKT,M2,,ĐM để trống — cấu phần tính theo công thức hình học
1527,CỬA ĐL8D XN-XLC_TRỌN BỘ_4-5m²,LÁ ĐÀI LOAN 8D_XN-XLC,NVL-TON-DL7.2Dx124-XNXLC,M2,8.85,vật tư KHÔNG tra ra mã trong danh mục D1
1528,CỬA ĐL8D XN-XLC_TRỌN BỘ_4-5m²,RAY SẮT (CÓ RON) U70,NVL-TOLE1.2x190-CORON,M,,ĐM để trống — cấu phần tính theo công thức hình học
1529,CỬA ĐL8D XN-XLC_TRỌN BỘ_4-5m²,V4_KẼM,NVL-V4_KEM_STD,M,1.312,"ĐVT ""M"" — chưa rõ theo chiều CAO hay RỘNG"
1530,CỬA ĐL8D XN-XLC_TRỌN BỘ_4-5m²,TRỤC114_1.8LY,NVL-TRUC114_1.8LY,M,,ĐM để trống — cấu phần tính theo công thức hình học
1531,CỬA ĐL8D XN-XLC_TRỌN BỘ_4-5m²,PHỤ THU CHUYỂN ĐỔI LÊN CỬA KÉO TAY,PHUTHUCHUYENDOICUAKT,M2,,ĐM để trống — cấu phần tính theo công thức hình học
1533,CỬA ĐL8D XN-VK_TRỌN BỘ_4-5m²,LÁ ĐÀI LOAN 8D_XN-VK,NVL-TON-DL7.2Dx124-XNVK,M2,8.85,vật tư KHÔNG tra ra mã trong danh mục D1
1534,CỬA ĐL8D XN-VK_TRỌN BỘ_4-5m²,RAY SẮT (CÓ RON) U70,NVL-TOLE1.2x190-CORON,M,,ĐM để trống — cấu phần tính theo công thức hình học
1535,CỬA ĐL8D XN-VK_TRỌN BỘ_4-5m²,V4_KẼM,NVL-V4_KEM_STD,M,1.312,"ĐVT ""M"" — chưa rõ theo chiều CAO hay RỘNG"
1536,CỬA ĐL8D XN-VK_TRỌN BỘ_4-5m²,TRỤC114_1.8LY,NVL-TRUC114_1.8LY,M,,ĐM để trống — cấu phần tính theo công thức hình học
1537,CỬA ĐL8D XN-VK_TRỌN BỘ_4-5m²,PHỤ THU CHUYỂN ĐỔI LÊN CỬA KÉO TAY,PHUTHUCHUYENDOICUAKT,M2,,ĐM để trống — cấu phần tính theo công thức hình học
1539,CỬA ĐL8D XN-VK_TRỌN BỘ_3-4m²,LÁ ĐÀI LOAN 8D_XN-VK,NVL-TON-DL7.2Dx124-XNVK,M2,8.85,vật tư KHÔNG tra ra mã trong danh mục D1
1540,CỬA ĐL8D XN-VK_TRỌN BỘ_3-4m²,RAY SẮT (CÓ RON) U70,NVL-TOLE1.2x190-CORON,M,,ĐM để trống — cấu phần tính theo công thức hình học
1541,CỬA ĐL8D XN-VK_TRỌN BỘ_3-4m²,V4_KẼM,NVL-V4_KEM_STD,M,1.312,"ĐVT ""M"" — chưa rõ theo chiều CAO hay RỘNG"
1542,CỬA ĐL8D XN-VK_TRỌN BỘ_3-4m²,TRỤC114_1.8LY,NVL-TRUC114_1.8LY,M,,ĐM để trống — cấu phần tính theo công thức hình học
1543,CỬA ĐL8D XN-VK_TRỌN BỘ_3-4m²,PHỤ THU CHUYỂN ĐỔI LÊN CỬA KÉO TAY,PHUTHUCHUYENDOICUAKT,M2,,ĐM để trống — cấu phần tính theo công thức hình học
1545,CỬA ĐL8D XN-XLC_TRỌN BỘ_3-4m²,LÁ ĐÀI LOAN 8D_XN-XLC,NVL-TON-DL7.2Dx124-XNXLC,M2,8.85,vật tư KHÔNG tra ra mã trong danh mục D1
1546,CỬA ĐL8D XN-XLC_TRỌN BỘ_3-4m²,RAY SẮT (CÓ RON) U70,NVL-TOLE1.2x190-CORON,M,,ĐM để trống — cấu phần tính theo công thức hình học
1547,CỬA ĐL8D XN-XLC_TRỌN BỘ_3-4m²,V4_KẼM,NVL-V4_KEM_STD,M,1.312,"ĐVT ""M"" — chưa rõ theo chiều CAO hay RỘNG"
1548,CỬA ĐL8D XN-XLC_TRỌN BỘ_3-4m²,TRỤC114_1.8LY,NVL-TRUC114_1.8LY,M,,ĐM để trống — cấu phần tính theo công thức hình học
1549,CỬA ĐL8D XN-XLC_TRỌN BỘ_3-4m²,PHỤ THU CHUYỂN ĐỔI LÊN CỬA KÉO TAY,PHUTHUCHUYENDOICUAKT,M2,,ĐM để trống — cấu phần tính theo công thức hình học
1551,CỬA ĐL1LY XN-VK_TRỌN BỘ >10m²,LÁ ĐÀI LOAN 1LY_XN-VK,NVL-TON-DL9.2Dx124-XNVK,M2,11.64,vật tư MƠ HỒ — cần chủ xưởng chốt mã
1552,CỬA ĐL1LY XN-VK_TRỌN BỘ >10m²,RAY SẮT (CÓ RON) U70,NVL-TOLE1.2x190-CORON,M,,ĐM để trống — cấu phần tính theo công thức hình học
1553,CỬA ĐL1LY XN-VK_TRỌN BỘ >10m²,V4_KẼM,NVL-V4_KEM_STD,M,1.312,"ĐVT ""M"" — chưa rõ theo chiều CAO hay RỘNG"
1554,CỬA ĐL1LY XN-VK_TRỌN BỘ >10m²,TRỤC114_1.8LY,NVL-TRUC114_1.8LY,M,,ĐM để trống — cấu phần tính theo công thức hình học
1555,CỬA ĐL1LY XN-VK_TRỌN BỘ >10m²,PHỤ THU CHUYỂN ĐỔI LÊN CỬA KÉO TAY,PHUTHUCHUYENDOICUAKT,M2,,ĐM để trống — cấu phần tính theo công thức hình học
1557,CỬA ĐL1LY XN-XLC_TRỌN BỘ >10m²,LÁ ĐÀI LOAN 1LY_XN-XLC,NVL-TON-DL9.2Dx124-XNXLC,M2,11.64,vật tư MƠ HỒ — cần chủ xưởng chốt mã
1558,CỬA ĐL1LY XN-XLC_TRỌN BỘ >10m²,RAY SẮT (CÓ RON) U70,NVL-TOLE1.2x190-CORON,M,,ĐM để trống — cấu phần tính theo công thức hình học
1559,CỬA ĐL1LY XN-XLC_TRỌN BỘ >10m²,V4_KẼM,NVL-V4_KEM_STD,M,1.312,"ĐVT ""M"" — chưa rõ theo chiều CAO hay RỘNG"
1560,CỬA ĐL1LY XN-XLC_TRỌN BỘ >10m²,TRỤC114_1.8LY,NVL-TRUC114_1.8LY,M,,ĐM để trống — cấu phần tính theo công thức hình học
1561,CỬA ĐL1LY XN-XLC_TRỌN BỘ >10m²,PHỤ THU CHUYỂN ĐỔI LÊN CỬA KÉO TAY,PHUTHUCHUYENDOICUAKT,M2,,ĐM để trống — cấu phần tính theo công thức hình học
1563,CỬA ĐL1LY XN-XLC_TRỌN BỘ_9-10m²,LÁ ĐÀI LOAN 1LY_XN-XLC,NVL-TON-DL9.2Dx124-XNXLC,M2,11.64,vật tư MƠ HỒ — cần chủ xưởng chốt mã
1564,CỬA ĐL1LY XN-XLC_TRỌN BỘ_9-10m²,RAY SẮT (CÓ RON) U70,NVL-TOLE1.2x190-CORON,M,,ĐM để trống — cấu phần tính theo công thức hình học
1565,CỬA ĐL1LY XN-XLC_TRỌN BỘ_9-10m²,V4_KẼM,NVL-V4_KEM_STD,M,1.312,"ĐVT ""M"" — chưa rõ theo chiều CAO hay RỘNG"
1566,CỬA ĐL1LY XN-XLC_TRỌN BỘ_9-10m²,TRỤC114_1.8LY,NVL-TRUC114_1.8LY,M,,ĐM để trống — cấu phần tính theo công thức hình học
1567,CỬA ĐL1LY XN-XLC_TRỌN BỘ_9-10m²,PHỤ THU CHUYỂN ĐỔI LÊN CỬA KÉO TAY,PHUTHUCHUYENDOICUAKT,M2,,ĐM để trống — cấu phần tính theo công thức hình học
1569,CỬA ĐL1LY XN-VK_TRỌN BỘ_9-10m²,LÁ ĐÀI LOAN 1LY_XN-VK,NVL-TON-DL9.2Dx124-XNVK,M2,11.64,vật tư MƠ HỒ — cần chủ xưởng chốt mã
1570,CỬA ĐL1LY XN-VK_TRỌN BỘ_9-10m²,RAY SẮT (CÓ RON) U70,NVL-TOLE1.2x190-CORON,M,,ĐM để trống — cấu phần tính theo công thức hình học
1571,CỬA ĐL1LY XN-VK_TRỌN BỘ_9-10m²,V4_KẼM,NVL-V4_KEM_STD,M,1.312,"ĐVT ""M"" — chưa rõ theo chiều CAO hay RỘNG"
1572,CỬA ĐL1LY XN-VK_TRỌN BỘ_9-10m²,TRỤC114_1.8LY,NVL-TRUC114_1.8LY,M,,ĐM để trống — cấu phần tính theo công thức hình học
1573,CỬA ĐL1LY XN-VK_TRỌN BỘ_9-10m²,PHỤ THU CHUYỂN ĐỔI LÊN CỬA KÉO TAY,PHUTHUCHUYENDOICUAKT,M2,,ĐM để trống — cấu phần tính theo công thức hình học
1575,CỬA ĐL1LY XN-XLC_TRỌN BỘ_8-9m²,LÁ ĐÀI LOAN 1LY_XN-XLC,NVL-TON-DL9.2Dx124-XNXLC,M2,11.64,vật tư MƠ HỒ — cần chủ xưởng chốt mã
1576,CỬA ĐL1LY XN-XLC_TRỌN BỘ_8-9m²,RAY SẮT (CÓ RON) U70,NVL-TOLE1.2x190-CORON,M,,ĐM để trống — cấu phần tính theo công thức hình học
1577,CỬA ĐL1LY XN-XLC_TRỌN BỘ_8-9m²,V4_KẼM,NVL-V4_KEM_STD,M,1.312,"ĐVT ""M"" — chưa rõ theo chiều CAO hay RỘNG"
1578,CỬA ĐL1LY XN-XLC_TRỌN BỘ_8-9m²,TRỤC114_1.8LY,NVL-TRUC114_1.8LY,M,,ĐM để trống — cấu phần tính theo công thức hình học
1579,CỬA ĐL1LY XN-XLC_TRỌN BỘ_8-9m²,PHỤ THU CHUYỂN ĐỔI LÊN CỬA KÉO TAY,PHUTHUCHUYENDOICUAKT,M2,,ĐM để trống — cấu phần tính theo công thức hình học
1581,CỬA ĐL1LY XN-VK_TRỌN BỘ_8-9m²,LÁ ĐÀI LOAN 1LY_XN-VK,NVL-TON-DL9.2Dx124-XNVK,M2,11.64,vật tư MƠ HỒ — cần chủ xưởng chốt mã
1582,CỬA ĐL1LY XN-VK_TRỌN BỘ_8-9m²,RAY SẮT (CÓ RON) U70,NVL-TOLE1.2x190-CORON,M,,ĐM để trống — cấu phần tính theo công thức hình học
1583,CỬA ĐL1LY XN-VK_TRỌN BỘ_8-9m²,V4_KẼM,NVL-V4_KEM_STD,M,1.312,"ĐVT ""M"" — chưa rõ theo chiều CAO hay RỘNG"
1584,CỬA ĐL1LY XN-VK_TRỌN BỘ_8-9m²,TRỤC114_1.8LY,NVL-TRUC114_1.8LY,M,,ĐM để trống — cấu phần tính theo công thức hình học
1585,CỬA ĐL1LY XN-VK_TRỌN BỘ_8-9m²,PHỤ THU CHUYỂN ĐỔI LÊN CỬA KÉO TAY,PHUTHUCHUYENDOICUAKT,M2,,ĐM để trống — cấu phần tính theo công thức hình học
1587,CỬA ĐL1LY XN-VK_TRỌN BỘ_7-8m²,LÁ ĐÀI LOAN 1LY_XN-VK,NVL-TON-DL9.2Dx124-XNVK,M2,11.64,vật tư MƠ HỒ — cần chủ xưởng chốt mã
1588,CỬA ĐL1LY XN-VK_TRỌN BỘ_7-8m²,RAY SẮT (CÓ RON) U70,NVL-TOLE1.2x190-CORON,M,,ĐM để trống — cấu phần tính theo công thức hình học
1589,CỬA ĐL1LY XN-VK_TRỌN BỘ_7-8m²,V4_KẼM,NVL-V4_KEM_STD,M,1.312,"ĐVT ""M"" — chưa rõ theo chiều CAO hay RỘNG"
1590,CỬA ĐL1LY XN-VK_TRỌN BỘ_7-8m²,TRỤC114_1.8LY,NVL-TRUC114_1.8LY,M,,ĐM để trống — cấu phần tính theo công thức hình học
1591,CỬA ĐL1LY XN-VK_TRỌN BỘ_7-8m²,PHỤ THU CHUYỂN ĐỔI LÊN CỬA KÉO TAY,PHUTHUCHUYENDOICUAKT,M2,,ĐM để trống — cấu phần tính theo công thức hình học
1593,CỬA ĐL1LY XN-XLC_TRỌN BỘ_7-8m²,LÁ ĐÀI LOAN 1LY_XN-XLC,NVL-TON-DL9.2Dx124-XNXLC,M2,11.64,vật tư MƠ HỒ — cần chủ xưởng chốt mã
1594,CỬA ĐL1LY XN-XLC_TRỌN BỘ_7-8m²,RAY SẮT (CÓ RON) U70,NVL-TOLE1.2x190-CORON,M,,ĐM để trống — cấu phần tính theo công thức hình học
1595,CỬA ĐL1LY XN-XLC_TRỌN BỘ_7-8m²,V4_KẼM,NVL-V4_KEM_STD,M,1.312,"ĐVT ""M"" — chưa rõ theo chiều CAO hay RỘNG"
1596,CỬA ĐL1LY XN-XLC_TRỌN BỘ_7-8m²,TRỤC114_1.8LY,NVL-TRUC114_1.8LY,M,,ĐM để trống — cấu phần tính theo công thức hình học
1597,CỬA ĐL1LY XN-XLC_TRỌN BỘ_7-8m²,PHỤ THU CHUYỂN ĐỔI LÊN CỬA KÉO TAY,PHUTHUCHUYENDOICUAKT,M2,,ĐM để trống — cấu phần tính theo công thức hình học
1599,CỬA ĐL1LY XN-XLC_TRỌN BỘ_6-7m²,LÁ ĐÀI LOAN 1LY_XN-XLC,NVL-TON-DL9.2Dx124-XNXLC,M2,11.64,vật tư MƠ HỒ — cần chủ xưởng chốt mã
1600,CỬA ĐL1LY XN-XLC_TRỌN BỘ_6-7m²,RAY SẮT (CÓ RON) U70,NVL-TOLE1.2x190-CORON,M,,ĐM để trống — cấu phần tính theo công thức hình học
1601,CỬA ĐL1LY XN-XLC_TRỌN BỘ_6-7m²,V4_KẼM,NVL-V4_KEM_STD,M,1.312,"ĐVT ""M"" — chưa rõ theo chiều CAO hay RỘNG"
1602,CỬA ĐL1LY XN-XLC_TRỌN BỘ_6-7m²,TRỤC114_1.8LY,NVL-TRUC114_1.8LY,M,,ĐM để trống — cấu phần tính theo công thức hình học
1603,CỬA ĐL1LY XN-XLC_TRỌN BỘ_6-7m²,PHỤ THU CHUYỂN ĐỔI LÊN CỬA KÉO TAY,PHUTHUCHUYENDOICUAKT,M2,,ĐM để trống — cấu phần tính theo công thức hình học
1605,CỬA ĐL1LY XN-VK_TRỌN BỘ_6-7m²,LÁ ĐÀI LOAN 1LY_XN-VK,NVL-TON-DL9.2Dx124-XNVK,M2,11.64,vật tư MƠ HỒ — cần chủ xưởng chốt mã
1606,CỬA ĐL1LY XN-VK_TRỌN BỘ_6-7m²,RAY SẮT (CÓ RON) U70,NVL-TOLE1.2x190-CORON,M,,ĐM để trống — cấu phần tính theo công thức hình học
1607,CỬA ĐL1LY XN-VK_TRỌN BỘ_6-7m²,V4_KẼM,NVL-V4_KEM_STD,M,1.312,"ĐVT ""M"" — chưa rõ theo chiều CAO hay RỘNG"
1608,CỬA ĐL1LY XN-VK_TRỌN BỘ_6-7m²,TRỤC114_1.8LY,NVL-TRUC114_1.8LY,M,,ĐM để trống — cấu phần tính theo công thức hình học
1609,CỬA ĐL1LY XN-VK_TRỌN BỘ_6-7m²,PHỤ THU CHUYỂN ĐỔI LÊN CỬA KÉO TAY,PHUTHUCHUYENDOICUAKT,M2,,ĐM để trống — cấu phần tính theo công thức hình học
1611,CỬA ĐL1LY XN-XLC_TRỌN BỘ_5-6m²,LÁ ĐÀI LOAN 1LY_XN-XLC,NVL-TON-DL9.2Dx124-XNXLC,M2,11.64,vật tư MƠ HỒ — cần chủ xưởng chốt mã
1612,CỬA ĐL1LY XN-XLC_TRỌN BỘ_5-6m²,RAY SẮT (CÓ RON) U70,NVL-TOLE1.2x190-CORON,M,,ĐM để trống — cấu phần tính theo công thức hình học
1613,CỬA ĐL1LY XN-XLC_TRỌN BỘ_5-6m²,V4_KẼM,NVL-V4_KEM_STD,M,1.312,"ĐVT ""M"" — chưa rõ theo chiều CAO hay RỘNG"
1614,CỬA ĐL1LY XN-XLC_TRỌN BỘ_5-6m²,TRỤC114_1.8LY,NVL-TRUC114_1.8LY,M,,ĐM để trống — cấu phần tính theo công thức hình học
1615,CỬA ĐL1LY XN-XLC_TRỌN BỘ_5-6m²,PHỤ THU CHUYỂN ĐỔI LÊN CỬA KÉO TAY,PHUTHUCHUYENDOICUAKT,M2,,ĐM để trống — cấu phần tính theo công thức hình học
1617,CỬA ĐL1LY XN-XLC_TRỌN BỘ_5-6m²,LÁ ĐÀI LOAN 1LY_XN-VK,NVL-TON-DL9.2Dx124-XNVK,M2,11.64,vật tư MƠ HỒ — cần chủ xưởng chốt mã
1618,CỬA ĐL1LY XN-XLC_TRỌN BỘ_5-6m²,RAY SẮT (CÓ RON) U70,NVL-TOLE1.2x190-CORON,M,,ĐM để trống — cấu phần tính theo công thức hình học
1619,CỬA ĐL1LY XN-XLC_TRỌN BỘ_5-6m²,V4_KẼM,NVL-V4_KEM_STD,M,1.312,"ĐVT ""M"" — chưa rõ theo chiều CAO hay RỘNG"
1620,CỬA ĐL1LY XN-XLC_TRỌN BỘ_5-6m²,TRỤC114_1.8LY,NVL-TRUC114_1.8LY,M,,ĐM để trống — cấu phần tính theo công thức hình học
1621,CỬA ĐL1LY XN-XLC_TRỌN BỘ_5-6m²,PHỤ THU CHUYỂN ĐỔI LÊN CỬA KÉO TAY,PHUTHUCHUYENDOICUAKT,M2,,ĐM để trống — cấu phần tính theo công thức hình học
1623,CỬA ĐL1LY XN-XLC_TRỌN BỘ_4-5m²,LÁ ĐÀI LOAN 1LY_XN-XLC,NVL-TON-DL9.2Dx124-XNXLC,M2,11.64,vật tư MƠ HỒ — cần chủ xưởng chốt mã
1624,CỬA ĐL1LY XN-XLC_TRỌN BỘ_4-5m²,RAY SẮT (CÓ RON) U70,NVL-TOLE1.2x190-CORON,M,,ĐM để trống — cấu phần tính theo công thức hình học
1625,CỬA ĐL1LY XN-XLC_TRỌN BỘ_4-5m²,V4_KẼM,NVL-V4_KEM_STD,M,1.312,"ĐVT ""M"" — chưa rõ theo chiều CAO hay RỘNG"
1626,CỬA ĐL1LY XN-XLC_TRỌN BỘ_4-5m²,TRỤC114_1.8LY,NVL-TRUC114_1.8LY,M,,ĐM để trống — cấu phần tính theo công thức hình học
1627,CỬA ĐL1LY XN-XLC_TRỌN BỘ_4-5m²,PHỤ THU CHUYỂN ĐỔI LÊN CỬA KÉO TAY,PHUTHUCHUYENDOICUAKT,M2,,ĐM để trống — cấu phần tính theo công thức hình học
1629,CỬA ĐL1LY XN-VK_TRỌN BỘ_4-5m²,LÁ ĐÀI LOAN 1LY_XN-VK,NVL-TON-DL9.2Dx124-XNVK,M2,11.64,vật tư MƠ HỒ — cần chủ xưởng chốt mã
1630,CỬA ĐL1LY XN-VK_TRỌN BỘ_4-5m²,RAY SẮT (CÓ RON) U70,NVL-TOLE1.2x190-CORON,M,,ĐM để trống — cấu phần tính theo công thức hình học
1631,CỬA ĐL1LY XN-VK_TRỌN BỘ_4-5m²,V4_KẼM,NVL-V4_KEM_STD,M,1.312,"ĐVT ""M"" — chưa rõ theo chiều CAO hay RỘNG"
1632,CỬA ĐL1LY XN-VK_TRỌN BỘ_4-5m²,TRỤC114_1.8LY,NVL-TRUC114_1.8LY,M,,ĐM để trống — cấu phần tính theo công thức hình học
1633,CỬA ĐL1LY XN-VK_TRỌN BỘ_4-5m²,PHỤ THU CHUYỂN ĐỔI LÊN CỬA KÉO TAY,PHUTHUCHUYENDOICUAKT,M2,,ĐM để trống — cấu phần tính theo công thức hình học
1635,CỬA ĐL1LY XN-VK_TRỌN BỘ_3-4m²,LÁ ĐÀI LOAN 1LY_XN-VK,NVL-TON-DL9.2Dx124-XNVK,M2,11.64,vật tư MƠ HỒ — cần chủ xưởng chốt mã
1636,CỬA ĐL1LY XN-VK_TRỌN BỘ_3-4m²,RAY SẮT (CÓ RON) U70,NVL-TOLE1.2x190-CORON,M,,ĐM để trống — cấu phần tính theo công thức hình học
1637,CỬA ĐL1LY XN-VK_TRỌN BỘ_3-4m²,V4_KẼM,NVL-V4_KEM_STD,M,1.312,"ĐVT ""M"" — chưa rõ theo chiều CAO hay RỘNG"
1638,CỬA ĐL1LY XN-VK_TRỌN BỘ_3-4m²,TRỤC114_1.8LY,NVL-TRUC114_1.8LY,M,,ĐM để trống — cấu phần tính theo công thức hình học
1639,CỬA ĐL1LY XN-VK_TRỌN BỘ_3-4m²,PHỤ THU CHUYỂN ĐỔI LÊN CỬA KÉO TAY,PHUTHUCHUYENDOICUAKT,M2,,ĐM để trống — cấu phần tính theo công thức hình học
1641,CỬA ĐL1LY XN-XLC_TRỌN BỘ_3-4m²,LÁ ĐÀI LOAN 1LY_XN-XLC,NVL-TON-DL9.2Dx124-XNXLC,M2,11.64,vật tư MƠ HỒ — cần chủ xưởng chốt mã
1642,CỬA ĐL1LY XN-XLC_TRỌN BỘ_3-4m²,RAY SẮT (CÓ RON) U70,NVL-TOLE1.2x190-CORON,M,,ĐM để trống — cấu phần tính theo công thức hình học
1643,CỬA ĐL1LY XN-XLC_TRỌN BỘ_3-4m²,V4_KẼM,NVL-V4_KEM_STD,M,1.312,"ĐVT ""M"" — chưa rõ theo chiều CAO hay RỘNG"
1644,CỬA ĐL1LY XN-XLC_TRỌN BỘ_3-4m²,TRỤC114_1.8LY,NVL-TRUC114_1.8LY,M,,ĐM để trống — cấu phần tính theo công thức hình học
1645,CỬA ĐL1LY XN-XLC_TRỌN BỘ_3-4m²,PHỤ THU CHUYỂN ĐỔI LÊN CỬA KÉO TAY,PHUTHUCHUYENDOICUAKT,M2,,ĐM để trống — cấu phần tính theo công thức hình học
1647,LÁ ĐÀI LOAN STĐ MSK 8D_TRỌN BỘ >10m²,LÁ ĐÀI LOAN STĐ 8D_MSK,NVL-TOLEKEM124_6D_MSK,M2,8.2,vật tư KHÔNG tra ra mã trong danh mục D1
1648,LÁ ĐÀI LOAN STĐ MSK 8D_TRỌN BỘ >10m²,Chi phí STD_LÁ,CPSTD_LADL,M2,,ĐM để trống — cấu phần tính theo công thức hình học
1649,LÁ ĐÀI LOAN STĐ MSK 8D_TRỌN BỘ >10m²,TRỤC114_1.8LY,NVL-TRUC114_1.8LY,M,,ĐM để trống — cấu phần tính theo công thức hình học
1650,LÁ ĐÀI LOAN STĐ MSK 8D_TRỌN BỘ >10m²,RAY SẮT (CÓ RON) U70,NVL-TOLE1.2x190-CORON,M,,ĐM để trống — cấu phần tính theo công thức hình học
1651,LÁ ĐÀI LOAN STĐ MSK 8D_TRỌN BỘ >10m²,V4_KẼM,NVL-V4_KEM_STD,KG,1.312,"THÀNH PHẨM ""LÁ ĐÀI LOAN STĐ MSK 8D_TRỌN BỘ >10m²"" (TP-TOLEKEM124_6D_TRONBO>10m²_MSK) chưa tra ra mã D1 [khong]"
1652,LÁ ĐÀI LOAN STĐ MSK 8D_TRỌN BỘ >10m²,Chi phí STD_V4,CPSTD_V4,M,,ĐM để trống — cấu phần tính theo công thức hình học
1653,LÁ ĐÀI LOAN STĐ MSK 8D_TRỌN BỘ >10m²,PHỤ THU CHUYỂN ĐỔI LÊN CỬA KÉO TAY,PHUTHUCHUYENDOICUAKT,M2,,ĐM để trống — cấu phần tính theo công thức hình học
1655,LÁ ĐÀI LOAN STĐ MSK 8D_TRỌN BỘ 9-10m²,LÁ ĐÀI LOAN STĐ 8D_MSK,NVL-TOLEKEM124_6D_MSK,M2,8.2,vật tư KHÔNG tra ra mã trong danh mục D1
1656,LÁ ĐÀI LOAN STĐ MSK 8D_TRỌN BỘ 9-10m²,Chi phí STD_LÁ,CPSTD_LADL,M2,,ĐM để trống — cấu phần tính theo công thức hình học
1657,LÁ ĐÀI LOAN STĐ MSK 8D_TRỌN BỘ 9-10m²,TRỤC114_1.8LY,NVL-TRUC114_1.8LY,M,,ĐM để trống — cấu phần tính theo công thức hình học
1658,LÁ ĐÀI LOAN STĐ MSK 8D_TRỌN BỘ 9-10m²,RAY SẮT (CÓ RON) U70,NVL-TOLE1.2x190-CORON,M,,ĐM để trống — cấu phần tính theo công thức hình học
1659,LÁ ĐÀI LOAN STĐ MSK 8D_TRỌN BỘ 9-10m²,V4_KẼM,NVL-V4_KEM_STD,KG,1.312,"THÀNH PHẨM ""LÁ ĐÀI LOAN STĐ MSK 8D_TRỌN BỘ 9-10m²"" (TP-TOLEKEM124_6D_TRONBO_9-10m²_MSK) chưa tra ra mã D1 [khong]"
1660,LÁ ĐÀI LOAN STĐ MSK 8D_TRỌN BỘ 9-10m²,Chi phí STD_V4,CPSTD_V4,M,,ĐM để trống — cấu phần tính theo công thức hình học
1661,LÁ ĐÀI LOAN STĐ MSK 8D_TRỌN BỘ 9-10m²,PHỤ THU CHUYỂN ĐỔI LÊN CỬA KÉO TAY,PHUTHUCHUYENDOICUAKT,M2,,ĐM để trống — cấu phần tính theo công thức hình học
1663,LÁ ĐÀI LOAN STĐ MSK 8D_TRỌN BỘ 8-9m²,LÁ ĐÀI LOAN STĐ 8D_MSK,NVL-TOLEKEM124_6D_MSK,M2,8.2,vật tư KHÔNG tra ra mã trong danh mục D1
1664,LÁ ĐÀI LOAN STĐ MSK 8D_TRỌN BỘ 8-9m²,Chi phí STD_LÁ,CPSTD_LADL,M2,,ĐM để trống — cấu phần tính theo công thức hình học
1665,LÁ ĐÀI LOAN STĐ MSK 8D_TRỌN BỘ 8-9m²,TRỤC114_1.8LY,NVL-TRUC114_1.8LY,M,,ĐM để trống — cấu phần tính theo công thức hình học
1666,LÁ ĐÀI LOAN STĐ MSK 8D_TRỌN BỘ 8-9m²,RAY SẮT (CÓ RON) U70,NVL-TOLE1.2x190-CORON,M,,ĐM để trống — cấu phần tính theo công thức hình học
1667,LÁ ĐÀI LOAN STĐ MSK 8D_TRỌN BỘ 8-9m²,V4_KẼM,NVL-V4_KEM_STD,KG,1.312,"THÀNH PHẨM ""LÁ ĐÀI LOAN STĐ MSK 8D_TRỌN BỘ 8-9m²"" (TP-TOLEKEM124_6D_TRONBO_8-9m²_MSK) chưa tra ra mã D1 [khong]"
1668,LÁ ĐÀI LOAN STĐ MSK 8D_TRỌN BỘ 8-9m²,Chi phí STD_V4,CPSTD_V4,M,,ĐM để trống — cấu phần tính theo công thức hình học
1669,LÁ ĐÀI LOAN STĐ MSK 8D_TRỌN BỘ 8-9m²,PHỤ THU CHUYỂN ĐỔI LÊN CỬA KÉO TAY,PHUTHUCHUYENDOICUAKT,M2,,ĐM để trống — cấu phần tính theo công thức hình học
1671,LÁ ĐÀI LOAN STĐ MSK 8D_TRỌN BỘ 7-8m²,LÁ ĐÀI LOAN STĐ 8D_MSK,NVL-TOLEKEM124_6D_MSK,M2,8.2,vật tư KHÔNG tra ra mã trong danh mục D1
1672,LÁ ĐÀI LOAN STĐ MSK 8D_TRỌN BỘ 7-8m²,Chi phí STD_LÁ,CPSTD_LADL,M2,,ĐM để trống — cấu phần tính theo công thức hình học
1673,LÁ ĐÀI LOAN STĐ MSK 8D_TRỌN BỘ 7-8m²,TRỤC114_1.8LY,NVL-TRUC114_1.8LY,M,,ĐM để trống — cấu phần tính theo công thức hình học
1674,LÁ ĐÀI LOAN STĐ MSK 8D_TRỌN BỘ 7-8m²,RAY SẮT (CÓ RON) U70,NVL-TOLE1.2x190-CORON,M,,ĐM để trống — cấu phần tính theo công thức hình học
1675,LÁ ĐÀI LOAN STĐ MSK 8D_TRỌN BỘ 7-8m²,V4_KẼM,NVL-V4_KEM_STD,KG,1.312,"THÀNH PHẨM ""LÁ ĐÀI LOAN STĐ MSK 8D_TRỌN BỘ 7-8m²"" (TP-TOLEKEM124_6D_TRONBO_7-8m²_MSK) chưa tra ra mã D1 [khong]"
1676,LÁ ĐÀI LOAN STĐ MSK 8D_TRỌN BỘ 7-8m²,Chi phí STD_V4,CPSTD_V4,M,,ĐM để trống — cấu phần tính theo công thức hình học
1677,LÁ ĐÀI LOAN STĐ MSK 8D_TRỌN BỘ 7-8m²,PHỤ THU CHUYỂN ĐỔI LÊN CỬA KÉO TAY,PHUTHUCHUYENDOICUAKT,M2,,ĐM để trống — cấu phần tính theo công thức hình học
1679,LÁ ĐÀI LOAN STĐ MSK 8D_TRỌN BỘ 6-7m²,LÁ ĐÀI LOAN STĐ 8D_MSK,NVL-TOLEKEM124_6D_MSK,M2,8.2,vật tư KHÔNG tra ra mã trong danh mục D1
1680,LÁ ĐÀI LOAN STĐ MSK 8D_TRỌN BỘ 6-7m²,Chi phí STD_LÁ,CPSTD_LADL,M2,,ĐM để trống — cấu phần tính theo công thức hình học
1681,LÁ ĐÀI LOAN STĐ MSK 8D_TRỌN BỘ 6-7m²,TRỤC114_1.8LY,NVL-TRUC114_1.8LY,M,,ĐM để trống — cấu phần tính theo công thức hình học
1682,LÁ ĐÀI LOAN STĐ MSK 8D_TRỌN BỘ 6-7m²,RAY SẮT (CÓ RON) U70,NVL-TOLE1.2x190-CORON,M,,ĐM để trống — cấu phần tính theo công thức hình học
1683,LÁ ĐÀI LOAN STĐ MSK 8D_TRỌN BỘ 6-7m²,V4_KẼM,NVL-V4_KEM_STD,M,1.312,"ĐVT ""M"" — chưa rõ theo chiều CAO hay RỘNG"
1684,LÁ ĐÀI LOAN STĐ MSK 8D_TRỌN BỘ 6-7m²,Chi phí STD_V4,CPSTD_V4,M,,ĐM để trống — cấu phần tính theo công thức hình học
1685,LÁ ĐÀI LOAN STĐ MSK 8D_TRỌN BỘ 6-7m²,PHỤ THU CHUYỂN ĐỔI LÊN CỬA KÉO TAY,PHUTHUCHUYENDOICUAKT,M2,,ĐM để trống — cấu phần tính theo công thức hình học
1687,LÁ ĐÀI LOAN STĐ MSK 8D_TRỌN BỘ 6-7m²,Chi phí STD_LÁ,CPSTD_LADL,M2,,ĐM để trống — cấu phần tính theo công thức hình học
1688,LÁ ĐÀI LOAN STĐ MSK 8D_TRỌN BỘ 6-7m²,TRỤC114_1.8LY,NVL-TRUC114_1.8LY,M,,ĐM để trống — cấu phần tính theo công thức hình học
1689,LÁ ĐÀI LOAN STĐ MSK 8D_TRỌN BỘ 6-7m²,RAY SẮT (CÓ RON) U70,NVL-TOLE1.2x190-CORON,M,,ĐM để trống — cấu phần tính theo công thức hình học
1690,LÁ ĐÀI LOAN STĐ MSK 8D_TRỌN BỘ 6-7m²,V4_KẼM,NVL-V4_KEM_STD,M,,ĐM để trống — cấu phần tính theo công thức hình học
1691,LÁ ĐÀI LOAN STĐ MSK 8D_TRỌN BỘ 6-7m²,Chi phí STD_V4,CPSTD_V4,M,,ĐM để trống — cấu phần tính theo công thức hình học
1692,LÁ ĐÀI LOAN STĐ MSK 8D_TRỌN BỘ 6-7m²,PHỤ THU CHUYỂN ĐỔI LÊN CỬA KÉO TAY,PHUTHUCHUYENDOICUAKT,M2,,ĐM để trống — cấu phần tính theo công thức hình học
1694,LÁ ĐÀI LOAN STĐ MSK 8D_TRỌN BỘ 5-6m²,LÁ ĐÀI LOAN STĐ 8D_MSK,NVL-TOLEKEM124_6D_MSK,M2,8.2,vật tư KHÔNG tra ra mã trong danh mục D1
1695,LÁ ĐÀI LOAN STĐ MSK 8D_TRỌN BỘ 5-6m²,Chi phí STD_LÁ,CPSTD_LADL,M2,,ĐM để trống — cấu phần tính theo công thức hình học
1696,LÁ ĐÀI LOAN STĐ MSK 8D_TRỌN BỘ 5-6m²,TRỤC114_1.8LY,NVL-TRUC114_1.8LY,M,,ĐM để trống — cấu phần tính theo công thức hình học
1697,LÁ ĐÀI LOAN STĐ MSK 8D_TRỌN BỘ 5-6m²,RAY SẮT (CÓ RON) U70,NVL-TOLE1.2x190-CORON,M,,ĐM để trống — cấu phần tính theo công thức hình học
1698,LÁ ĐÀI LOAN STĐ MSK 8D_TRỌN BỘ 5-6m²,V4_KẼM,NVL-V4_KEM_STD,M,1.312,"ĐVT ""M"" — chưa rõ theo chiều CAO hay RỘNG"
1699,LÁ ĐÀI LOAN STĐ MSK 8D_TRỌN BỘ 5-6m²,Chi phí STD_V4,CPSTD_V4,M,,ĐM để trống — cấu phần tính theo công thức hình học
1700,LÁ ĐÀI LOAN STĐ MSK 8D_TRỌN BỘ 5-6m²,PHỤ THU CHUYỂN ĐỔI LÊN CỬA KÉO TAY,PHUTHUCHUYENDOICUAKT,M2,,ĐM để trống — cấu phần tính theo công thức hình học
1702,LÁ ĐÀI LOAN STĐ MSK 8D_TRỌN BỘ 4-5m²,LÁ ĐÀI LOAN STĐ 8D_MSK,NVL-TOLEKEM124_6D_MSK,M2,8.2,vật tư KHÔNG tra ra mã trong danh mục D1
1703,LÁ ĐÀI LOAN STĐ MSK 8D_TRỌN BỘ 4-5m²,Chi phí STD_LÁ,CPSTD_LADL,M2,,ĐM để trống — cấu phần tính theo công thức hình học
1704,LÁ ĐÀI LOAN STĐ MSK 8D_TRỌN BỘ 4-5m²,TRỤC114_1.8LY,NVL-TRUC114_1.8LY,M,,ĐM để trống — cấu phần tính theo công thức hình học
1705,LÁ ĐÀI LOAN STĐ MSK 8D_TRỌN BỘ 4-5m²,RAY SẮT (CÓ RON) U70,NVL-TOLE1.2x190-CORON,M,,ĐM để trống — cấu phần tính theo công thức hình học
1706,LÁ ĐÀI LOAN STĐ MSK 8D_TRỌN BỘ 4-5m²,V4_KẼM,NVL-V4_KEM_STD,M,1.312,"ĐVT ""M"" — chưa rõ theo chiều CAO hay RỘNG"
1707,LÁ ĐÀI LOAN STĐ MSK 8D_TRỌN BỘ 4-5m²,Chi phí STD_V4,CPSTD_V4,M,,ĐM để trống — cấu phần tính theo công thức hình học
1708,LÁ ĐÀI LOAN STĐ MSK 8D_TRỌN BỘ 4-5m²,PHỤ THU CHUYỂN ĐỔI LÊN CỬA KÉO TAY,PHUTHUCHUYENDOICUAKT,M2,,ĐM để trống — cấu phần tính theo công thức hình học
1709,LÁ ĐÀI LOAN STĐ MSK 8D_TRỌN BỘ 4-5m²,LÁ ĐÀI LOAN STĐ 8D_MSK,NVL-TOLEKEM124_6D_MSK,M2,,ĐM để trống — cấu phần tính theo công thức hình học
1710,LÁ ĐÀI LOAN STĐ MSK 8D_TRỌN BỘ 4-5m²,Chi phí STD_LÁ,CPSTD_LADL,M2,,ĐM để trống — cấu phần tính theo công thức hình học
1711,LÁ ĐÀI LOAN STĐ MSK 8D_TRỌN BỘ 4-5m²,TRỤC114_1.8LY,NVL-TRUC114_1.8LY,M,,ĐM để trống — cấu phần tính theo công thức hình học
1712,LÁ ĐÀI LOAN STĐ MSK 8D_TRỌN BỘ 4-5m²,RAY SẮT (CÓ RON) U70,NVL-TOLE1.2x190-CORON,M,,ĐM để trống — cấu phần tính theo công thức hình học
1713,LÁ ĐÀI LOAN STĐ MSK 8D_TRỌN BỘ 4-5m²,V4_KẼM,NVL-V4_KEM_STD,M,,ĐM để trống — cấu phần tính theo công thức hình học
1714,LÁ ĐÀI LOAN STĐ MSK 8D_TRỌN BỘ 4-5m²,Chi phí STD_V4,CPSTD_V4,M,,ĐM để trống — cấu phần tính theo công thức hình học
1715,LÁ ĐÀI LOAN STĐ MSK 8D_TRỌN BỘ 4-5m²,PHỤ THU CHUYỂN ĐỔI LÊN CỬA KÉO TAY,PHUTHUCHUYENDOICUAKT,M2,,ĐM để trống — cấu phần tính theo công thức hình học
1717,LÁ ĐÀI LOAN STĐ MSK 8D_TRỌN BỘ 3-4m²,LÁ ĐÀI LOAN STĐ 8D_MSK,NVL-TOLEKEM124_6D_MSK,M2,8.2,vật tư KHÔNG tra ra mã trong danh mục D1
1718,LÁ ĐÀI LOAN STĐ MSK 8D_TRỌN BỘ 3-4m²,Chi phí STD_LÁ,CPSTD_LADL,M2,,ĐM để trống — cấu phần tính theo công thức hình học
1719,LÁ ĐÀI LOAN STĐ MSK 8D_TRỌN BỘ 3-4m²,TRỤC114_1.8LY,NVL-TRUC114_1.8LY,M,,ĐM để trống — cấu phần tính theo công thức hình học
1720,LÁ ĐÀI LOAN STĐ MSK 8D_TRỌN BỘ 3-4m²,RAY SẮT (CÓ RON) U70,NVL-TOLE1.2x190-CORON,M,,ĐM để trống — cấu phần tính theo công thức hình học
1721,LÁ ĐÀI LOAN STĐ MSK 8D_TRỌN BỘ 3-4m²,V4_KẼM,NVL-V4_KEM_STD,M,1.312,"ĐVT ""M"" — chưa rõ theo chiều CAO hay RỘNG"
1722,LÁ ĐÀI LOAN STĐ MSK 8D_TRỌN BỘ 3-4m²,Chi phí STD_V4,CPSTD_V4,M,,ĐM để trống — cấu phần tính theo công thức hình học
1723,LÁ ĐÀI LOAN STĐ MSK 8D_TRỌN BỘ 3-4m²,PHỤ THU CHUYỂN ĐỔI LÊN CỬA KÉO TAY,PHUTHUCHUYENDOICUAKT,M2,,ĐM để trống — cấu phần tính theo công thức hình học
1724,LÁ ĐÀI LOAN STĐ MSK 8D_TRỌN BỘ 3-4m²,LÁ ĐÀI LOAN STĐ 8D_MSK,NVL-TOLEKEM124_6D_MSK,M2,,ĐM để trống — cấu phần tính theo công thức hình học
1725,LÁ ĐÀI LOAN STĐ MSK 8D_TRỌN BỘ 3-4m²,Chi phí STD_LÁ,CPSTD_LADL,M2,,ĐM để trống — cấu phần tính theo công thức hình học
1726,LÁ ĐÀI LOAN STĐ MSK 8D_TRỌN BỘ 3-4m²,TRỤC114_1.8LY,NVL-TRUC114_1.8LY,M,,ĐM để trống — cấu phần tính theo công thức hình học
1727,LÁ ĐÀI LOAN STĐ MSK 8D_TRỌN BỘ 3-4m²,RAY SẮT (CÓ RON) U70,NVL-TOLE1.2x190-CORON,M,,ĐM để trống — cấu phần tính theo công thức hình học
1728,LÁ ĐÀI LOAN STĐ MSK 8D_TRỌN BỘ 3-4m²,V4_KẼM,NVL-V4_KEM_STD,M,,ĐM để trống — cấu phần tính theo công thức hình học
1729,LÁ ĐÀI LOAN STĐ MSK 8D_TRỌN BỘ 3-4m²,Chi phí STD_V4,CPSTD_V4,M,,ĐM để trống — cấu phần tính theo công thức hình học
1730,LÁ ĐÀI LOAN STĐ MSK 8D_TRỌN BỘ 3-4m²,PHỤ THU CHUYỂN ĐỔI LÊN CỬA KÉO TAY,PHUTHUCHUYENDOICUAKT,M2,,ĐM để trống — cấu phần tính theo công thức hình học
1732,LÁ ĐÀI LOAN STĐ MSK 1LY_TRỌN BỘ >10m²,LÁ ĐÀI LOAN STĐ 1LY_MSK,NVL-TOLEKEM124_8D_MSK,M2,12.6,vật tư KHÔNG tra ra mã trong danh mục D1
1733,LÁ ĐÀI LOAN STĐ MSK 1LY_TRỌN BỘ >10m²,Chi phí STD_LÁ,CPSTD_LADL,M2,,ĐM để trống — cấu phần tính theo công thức hình học
1734,LÁ ĐÀI LOAN STĐ MSK 1LY_TRỌN BỘ >10m²,TRỤC114_1.8LY,NVL-TRUC114_1.8LY,M,,ĐM để trống — cấu phần tính theo công thức hình học
1735,LÁ ĐÀI LOAN STĐ MSK 1LY_TRỌN BỘ >10m²,RAY SẮT (CÓ RON) U70,NVL-TOLE1.2x190-CORON,M,,ĐM để trống — cấu phần tính theo công thức hình học
1736,LÁ ĐÀI LOAN STĐ MSK 1LY_TRỌN BỘ >10m²,V4_KẼM,NVL-V4_KEM_STD,M,1.312,"ĐVT ""M"" — chưa rõ theo chiều CAO hay RỘNG"
1737,LÁ ĐÀI LOAN STĐ MSK 1LY_TRỌN BỘ >10m²,Chi phí STD_V4,CPSTD_V4,M,,ĐM để trống — cấu phần tính theo công thức hình học
1738,LÁ ĐÀI LOAN STĐ MSK 1LY_TRỌN BỘ >10m²,PHỤ THU CHUYỂN ĐỔI LÊN CỬA KÉO TAY,PHUTHUCHUYENDOICUAKT,M2,,ĐM để trống — cấu phần tính theo công thức hình học
1740,LÁ ĐÀI LOAN STĐ MSK 1LY_TRỌN BỘ 9-10m²,LÁ ĐÀI LOAN STĐ 1LY_MSK,NVL-TOLEKEM124_8D_MSK,M2,12.6,vật tư KHÔNG tra ra mã trong danh mục D1
1741,LÁ ĐÀI LOAN STĐ MSK 1LY_TRỌN BỘ 9-10m²,Chi phí STD_LÁ,CPSTD_LADL,M2,,ĐM để trống — cấu phần tính theo công thức hình học
1742,LÁ ĐÀI LOAN STĐ MSK 1LY_TRỌN BỘ 9-10m²,TRỤC114_1.8LY,NVL-TRUC114_1.8LY,M,,ĐM để trống — cấu phần tính theo công thức hình học
1743,LÁ ĐÀI LOAN STĐ MSK 1LY_TRỌN BỘ 9-10m²,RAY SẮT (CÓ RON) U70,NVL-TOLE1.2x190-CORON,M,,ĐM để trống — cấu phần tính theo công thức hình học
1744,LÁ ĐÀI LOAN STĐ MSK 1LY_TRỌN BỘ 9-10m²,V4_KẼM,NVL-V4_KEM_STD,M,1.312,"ĐVT ""M"" — chưa rõ theo chiều CAO hay RỘNG"
1745,LÁ ĐÀI LOAN STĐ MSK 1LY_TRỌN BỘ 9-10m²,Chi phí STD_V4,CPSTD_V4,M,,ĐM để trống — cấu phần tính theo công thức hình học
1746,LÁ ĐÀI LOAN STĐ MSK 1LY_TRỌN BỘ 9-10m²,PHỤ THU CHUYỂN ĐỔI LÊN CỬA KÉO TAY,PHUTHUCHUYENDOICUAKT,M2,,ĐM để trống — cấu phần tính theo công thức hình học
1748,LÁ ĐÀI LOAN STĐ MSK 1LY_TRỌN BỘ 8-10m²,LÁ ĐÀI LOAN STĐ 1LY_MSK,NVL-TOLEKEM124_8D_MSK,M2,12.6,vật tư KHÔNG tra ra mã trong danh mục D1
1749,LÁ ĐÀI LOAN STĐ MSK 1LY_TRỌN BỘ 8-10m²,Chi phí STD_LÁ,CPSTD_LADL,M2,,ĐM để trống — cấu phần tính theo công thức hình học
1750,LÁ ĐÀI LOAN STĐ MSK 1LY_TRỌN BỘ 8-10m²,TRỤC114_1.8LY,NVL-TRUC114_1.8LY,M,,ĐM để trống — cấu phần tính theo công thức hình học
1751,LÁ ĐÀI LOAN STĐ MSK 1LY_TRỌN BỘ 8-10m²,RAY SẮT (CÓ RON) U70,NVL-TOLE1.2x190-CORON,M,,ĐM để trống — cấu phần tính theo công thức hình học
1752,LÁ ĐÀI LOAN STĐ MSK 1LY_TRỌN BỘ 8-10m²,V4_KẼM,NVL-V4_KEM_STD,M,1.312,"ĐVT ""M"" — chưa rõ theo chiều CAO hay RỘNG"
1753,LÁ ĐÀI LOAN STĐ MSK 1LY_TRỌN BỘ 8-10m²,Chi phí STD_V4,CPSTD_V4,M,,ĐM để trống — cấu phần tính theo công thức hình học
1754,LÁ ĐÀI LOAN STĐ MSK 1LY_TRỌN BỘ 8-10m²,PHỤ THU CHUYỂN ĐỔI LÊN CỬA KÉO TAY,PHUTHUCHUYENDOICUAKT,M2,,ĐM để trống — cấu phần tính theo công thức hình học
1756,LÁ ĐÀI LOAN STĐ MSK 1LY_TRỌN BỘ 7-8m²,LÁ ĐÀI LOAN STĐ 1LY_MSK,NVL-TOLEKEM124_8D_MSK,M2,12.6,vật tư KHÔNG tra ra mã trong danh mục D1
1757,LÁ ĐÀI LOAN STĐ MSK 1LY_TRỌN BỘ 7-8m²,Chi phí STD_LÁ,CPSTD_LADL,M2,,ĐM để trống — cấu phần tính theo công thức hình học
1758,LÁ ĐÀI LOAN STĐ MSK 1LY_TRỌN BỘ 7-8m²,TRỤC114_1.8LY,NVL-TRUC114_1.8LY,M,,ĐM để trống — cấu phần tính theo công thức hình học
1759,LÁ ĐÀI LOAN STĐ MSK 1LY_TRỌN BỘ 7-8m²,RAY SẮT (CÓ RON) U70,NVL-TOLE1.2x190-CORON,M,,ĐM để trống — cấu phần tính theo công thức hình học
1760,LÁ ĐÀI LOAN STĐ MSK 1LY_TRỌN BỘ 7-8m²,V4_KẼM,NVL-V4_KEM_STD,M,1.312,"ĐVT ""M"" — chưa rõ theo chiều CAO hay RỘNG"
1761,LÁ ĐÀI LOAN STĐ MSK 1LY_TRỌN BỘ 7-8m²,Chi phí STD_V4,CPSTD_V4,M,,ĐM để trống — cấu phần tính theo công thức hình học
1762,LÁ ĐÀI LOAN STĐ MSK 1LY_TRỌN BỘ 7-8m²,PHỤ THU CHUYỂN ĐỔI LÊN CỬA KÉO TAY,PHUTHUCHUYENDOICUAKT,M2,,ĐM để trống — cấu phần tính theo công thức hình học
1763,LÁ ĐÀI LOAN STĐ MSK 1LY_TRỌN BỘ 7-8m²,LÁ ĐÀI LOAN STĐ 1LY_MSK,NVL-TOLEKEM124_8D_MSK,M2,,ĐM để trống — cấu phần tính theo công thức hình học
1764,LÁ ĐÀI LOAN STĐ MSK 1LY_TRỌN BỘ 7-8m²,Chi phí STD_LÁ,CPSTD_LADL,M2,,ĐM để trống — cấu phần tính theo công thức hình học
1765,LÁ ĐÀI LOAN STĐ MSK 1LY_TRỌN BỘ 7-8m²,TRỤC114_1.8LY,NVL-TRUC114_1.8LY,M,,ĐM để trống — cấu phần tính theo công thức hình học
1766,LÁ ĐÀI LOAN STĐ MSK 1LY_TRỌN BỘ 7-8m²,RAY SẮT (CÓ RON) U70,NVL-TOLE1.2x190-CORON,M,,ĐM để trống — cấu phần tính theo công thức hình học
1767,LÁ ĐÀI LOAN STĐ MSK 1LY_TRỌN BỘ 7-8m²,V4_KẼM,NVL-V4_KEM_STD,M,,ĐM để trống — cấu phần tính theo công thức hình học
1768,LÁ ĐÀI LOAN STĐ MSK 1LY_TRỌN BỘ 7-8m²,Chi phí STD_V4,CPSTD_V4,M,,ĐM để trống — cấu phần tính theo công thức hình học
1769,LÁ ĐÀI LOAN STĐ MSK 1LY_TRỌN BỘ 7-8m²,PHỤ THU CHUYỂN ĐỔI LÊN CỬA KÉO TAY,PHUTHUCHUYENDOICUAKT,M2,,ĐM để trống — cấu phần tính theo công thức hình học
1771,LÁ ĐÀI LOAN STĐ MSK 1LY_TRỌN BỘ 6-7m²,LÁ ĐÀI LOAN STĐ 1LY_MSK,NVL-TOLEKEM124_8D_MSK,M2,12.6,vật tư KHÔNG tra ra mã trong danh mục D1
1772,LÁ ĐÀI LOAN STĐ MSK 1LY_TRỌN BỘ 6-7m²,Chi phí STD_LÁ,CPSTD_LADL,M2,,ĐM để trống — cấu phần tính theo công thức hình học
1773,LÁ ĐÀI LOAN STĐ MSK 1LY_TRỌN BỘ 6-7m²,TRỤC114_1.8LY,NVL-TRUC114_1.8LY,M,,ĐM để trống — cấu phần tính theo công thức hình học
1774,LÁ ĐÀI LOAN STĐ MSK 1LY_TRỌN BỘ 6-7m²,RAY SẮT (CÓ RON) U70,NVL-TOLE1.2x190-CORON,M,,ĐM để trống — cấu phần tính theo công thức hình học
1775,LÁ ĐÀI LOAN STĐ MSK 1LY_TRỌN BỘ 6-7m²,V4_KẼM,NVL-V4_KEM_STD,M,1.312,"ĐVT ""M"" — chưa rõ theo chiều CAO hay RỘNG"
1776,LÁ ĐÀI LOAN STĐ MSK 1LY_TRỌN BỘ 6-7m²,Chi phí STD_V4,CPSTD_V4,M,,ĐM để trống — cấu phần tính theo công thức hình học
1777,LÁ ĐÀI LOAN STĐ MSK 1LY_TRỌN BỘ 6-7m²,PHỤ THU CHUYỂN ĐỔI LÊN CỬA KÉO TAY,PHUTHUCHUYENDOICUAKT,M2,,ĐM để trống — cấu phần tính theo công thức hình học
1779,LÁ ĐÀI LOAN STĐ MSK 1LY_TRỌN BỘ 5-6m²,LÁ ĐÀI LOAN STĐ 1LY_MSK,NVL-TOLEKEM124_8D_MSK,M2,12.6,vật tư KHÔNG tra ra mã trong danh mục D1
1780,LÁ ĐÀI LOAN STĐ MSK 1LY_TRỌN BỘ 5-6m²,Chi phí STD_LÁ,CPSTD_LADL,M2,,ĐM để trống — cấu phần tính theo công thức hình học
1781,LÁ ĐÀI LOAN STĐ MSK 1LY_TRỌN BỘ 5-6m²,TRỤC114_1.8LY,NVL-TRUC114_1.8LY,M,,ĐM để trống — cấu phần tính theo công thức hình học
1782,LÁ ĐÀI LOAN STĐ MSK 1LY_TRỌN BỘ 5-6m²,RAY SẮT (CÓ RON) U70,NVL-TOLE1.2x190-CORON,M,,ĐM để trống — cấu phần tính theo công thức hình học
1783,LÁ ĐÀI LOAN STĐ MSK 1LY_TRỌN BỘ 5-6m²,V4_KẼM,NVL-V4_KEM_STD,M,1.312,"ĐVT ""M"" — chưa rõ theo chiều CAO hay RỘNG"
1784,LÁ ĐÀI LOAN STĐ MSK 1LY_TRỌN BỘ 5-6m²,Chi phí STD_V4,CPSTD_V4,M,,ĐM để trống — cấu phần tính theo công thức hình học
1785,LÁ ĐÀI LOAN STĐ MSK 1LY_TRỌN BỘ 5-6m²,PHỤ THU CHUYỂN ĐỔI LÊN CỬA KÉO TAY,PHUTHUCHUYENDOICUAKT,M2,,ĐM để trống — cấu phần tính theo công thức hình học
1786,LÁ ĐÀI LOAN STĐ MSK 1LY_TRỌN BỘ 5-6m²,LÁ ĐÀI LOAN STĐ 1LY_MSK,NVL-TOLEKEM124_8D_MSK,M2,,ĐM để trống — cấu phần tính theo công thức hình học
1787,LÁ ĐÀI LOAN STĐ MSK 1LY_TRỌN BỘ 5-6m²,Chi phí STD_LÁ,CPSTD_LADL,M2,,ĐM để trống — cấu phần tính theo công thức hình học
1788,LÁ ĐÀI LOAN STĐ MSK 1LY_TRỌN BỘ 5-6m²,TRỤC114_1.8LY,NVL-TRUC114_1.8LY,M,,ĐM để trống — cấu phần tính theo công thức hình học
1789,LÁ ĐÀI LOAN STĐ MSK 1LY_TRỌN BỘ 5-6m²,RAY SẮT (CÓ RON) U70,NVL-TOLE1.2x190-CORON,M,,ĐM để trống — cấu phần tính theo công thức hình học
1790,LÁ ĐÀI LOAN STĐ MSK 1LY_TRỌN BỘ 5-6m²,V4_KẼM,NVL-V4_KEM_STD,M,,ĐM để trống — cấu phần tính theo công thức hình học
1791,LÁ ĐÀI LOAN STĐ MSK 1LY_TRỌN BỘ 5-6m²,Chi phí STD_V4,CPSTD_V4,M,,ĐM để trống — cấu phần tính theo công thức hình học
1792,LÁ ĐÀI LOAN STĐ MSK 1LY_TRỌN BỘ 5-6m²,PHỤ THU CHUYỂN ĐỔI LÊN CỬA KÉO TAY,PHUTHUCHUYENDOICUAKT,M2,,ĐM để trống — cấu phần tính theo công thức hình học
1794,LÁ ĐÀI LOAN STĐ MSK 1LY_TRỌN BỘ 4-5m²,LÁ ĐÀI LOAN STĐ 1LY_MSK,NVL-TOLEKEM124_8D_MSK,M2,12.6,vật tư KHÔNG tra ra mã trong danh mục D1
1795,LÁ ĐÀI LOAN STĐ MSK 1LY_TRỌN BỘ 4-5m²,Chi phí STD_LÁ,CPSTD_LADL,M2,,ĐM để trống — cấu phần tính theo công thức hình học
1796,LÁ ĐÀI LOAN STĐ MSK 1LY_TRỌN BỘ 4-5m²,TRỤC114_1.8LY,NVL-TRUC114_1.8LY,M,,ĐM để trống — cấu phần tính theo công thức hình học
1797,LÁ ĐÀI LOAN STĐ MSK 1LY_TRỌN BỘ 4-5m²,RAY SẮT (CÓ RON) U70,NVL-TOLE1.2x190-CORON,M,,ĐM để trống — cấu phần tính theo công thức hình học
1798,LÁ ĐÀI LOAN STĐ MSK 1LY_TRỌN BỘ 4-5m²,V4_KẼM,NVL-V4_KEM_STD,M,1.312,"ĐVT ""M"" — chưa rõ theo chiều CAO hay RỘNG"
1799,LÁ ĐÀI LOAN STĐ MSK 1LY_TRỌN BỘ 4-5m²,Chi phí STD_V4,CPSTD_V4,M,,ĐM để trống — cấu phần tính theo công thức hình học
1800,LÁ ĐÀI LOAN STĐ MSK 1LY_TRỌN BỘ 4-5m²,PHỤ THU CHUYỂN ĐỔI LÊN CỬA KÉO TAY,PHUTHUCHUYENDOICUAKT,M2,,ĐM để trống — cấu phần tính theo công thức hình học
1801,LÁ ĐÀI LOAN STĐ MSK 1LY_TRỌN BỘ 4-5m²,LÁ ĐÀI LOAN STĐ 1LY_MSK,NVL-TOLEKEM124_8D_MSK,M2,,ĐM để trống — cấu phần tính theo công thức hình học
1802,LÁ ĐÀI LOAN STĐ MSK 1LY_TRỌN BỘ 4-5m²,Chi phí STD_LÁ,CPSTD_LADL,M2,12.6,vật tư KHÔNG tra ra mã trong danh mục D1
1803,LÁ ĐÀI LOAN STĐ MSK 1LY_TRỌN BỘ 4-5m²,TRỤC114_1.8LY,NVL-TRUC114_1.8LY,M,,ĐM để trống — cấu phần tính theo công thức hình học
1804,LÁ ĐÀI LOAN STĐ MSK 1LY_TRỌN BỘ 4-5m²,RAY SẮT (CÓ RON) U70,NVL-TOLE1.2x190-CORON,M,,ĐM để trống — cấu phần tính theo công thức hình học
1805,LÁ ĐÀI LOAN STĐ MSK 1LY_TRỌN BỘ 4-5m²,V4_KẼM,NVL-V4_KEM_STD,M,,ĐM để trống — cấu phần tính theo công thức hình học
1806,LÁ ĐÀI LOAN STĐ MSK 1LY_TRỌN BỘ 4-5m²,Chi phí STD_V4,CPSTD_V4,M,,ĐM để trống — cấu phần tính theo công thức hình học
1807,LÁ ĐÀI LOAN STĐ MSK 1LY_TRỌN BỘ 4-5m²,PHỤ THU CHUYỂN ĐỔI LÊN CỬA KÉO TAY,PHUTHUCHUYENDOICUAKT,M2,,ĐM để trống — cấu phần tính theo công thức hình học
1809,LÁ ĐÀI LOAN STĐ MSK 1LY_TRỌN BỘ 3-4m²,LÁ ĐÀI LOAN STĐ 1LY_MSK,NVL-TOLEKEM124_8D_MSK,M2,12.6,vật tư KHÔNG tra ra mã trong danh mục D1
1810,LÁ ĐÀI LOAN STĐ MSK 1LY_TRỌN BỘ 3-4m²,Chi phí STD_LÁ,CPSTD_LADL,M2,,ĐM để trống — cấu phần tính theo công thức hình học
1811,LÁ ĐÀI LOAN STĐ MSK 1LY_TRỌN BỘ 3-4m²,TRỤC114_1.8LY,NVL-TRUC114_1.8LY,M,,ĐM để trống — cấu phần tính theo công thức hình học
1812,LÁ ĐÀI LOAN STĐ MSK 1LY_TRỌN BỘ 3-4m²,RAY SẮT (CÓ RON) U70,NVL-TOLE1.2x190-CORON,M,,ĐM để trống — cấu phần tính theo công thức hình học
1813,LÁ ĐÀI LOAN STĐ MSK 1LY_TRỌN BỘ 3-4m²,V4_KẼM,NVL-V4_KEM_STD,M,1.312,"ĐVT ""M"" — chưa rõ theo chiều CAO hay RỘNG"
1814,LÁ ĐÀI LOAN STĐ MSK 1LY_TRỌN BỘ 3-4m²,Chi phí STD_V4,CPSTD_V4,M,,ĐM để trống — cấu phần tính theo công thức hình học
1815,LÁ ĐÀI LOAN STĐ MSK 1LY_TRỌN BỘ 3-4m²,PHỤ THU CHUYỂN ĐỔI LÊN CỬA KÉO TAY,PHUTHUCHUYENDOICUAKT,M2,,ĐM để trống — cấu phần tính theo công thức hình học
1817,CỬA ĐÀI LOAN STĐ MSK 1.2LY_TRỌN BỘ >10m²,LÁ ĐÀI LOAN STĐ 1.2LY_MSK,NVL-TOLEKEM124_1LY_MSK,M2,11.64,vật tư KHÔNG tra ra mã trong danh mục D1
1818,CỬA ĐÀI LOAN STĐ MSK 1.2LY_TRỌN BỘ >10m²,Chi phí STD_LÁ,CPSTD_LADL,M2,,ĐM để trống — cấu phần tính theo công thức hình học
1819,CỬA ĐÀI LOAN STĐ MSK 1.2LY_TRỌN BỘ >10m²,TRỤC114_1.8LY,NVL-TRUC114_1.8LY,M,,ĐM để trống — cấu phần tính theo công thức hình học
1820,CỬA ĐÀI LOAN STĐ MSK 1.2LY_TRỌN BỘ >10m²,RAY SẮT (CÓ RON) U70,NVL-TOLE1.2x190-CORON,M,,ĐM để trống — cấu phần tính theo công thức hình học
1821,CỬA ĐÀI LOAN STĐ MSK 1.2LY_TRỌN BỘ >10m²,V4_KẼM,NVL-V4_KEM_STD,M,1.464,"ĐVT ""M"" — chưa rõ theo chiều CAO hay RỘNG"
1822,CỬA ĐÀI LOAN STĐ MSK 1.2LY_TRỌN BỘ >10m²,Chi phí STD_V4,CPSTD_V4,M,,ĐM để trống — cấu phần tính theo công thức hình học
1823,CỬA ĐÀI LOAN STĐ MSK 1.2LY_TRỌN BỘ >10m²,PHỤ THU CHUYỂN ĐỔI LÊN CỬA KÉO TAY,PHUTHUCHUYENDOICUAKT,M2,,ĐM để trống — cấu phần tính theo công thức hình học
1825,LÁ ĐÀI LOAN STĐ MSK 1.2LY_TRỌN BỘ 9-10m²,LÁ ĐÀI LOAN STĐ 1.2LY_MSK,NVL-TOLEKEM124_1LY_MSK,M2,11.64,vật tư KHÔNG tra ra mã trong danh mục D1
1826,LÁ ĐÀI LOAN STĐ MSK 1.2LY_TRỌN BỘ 9-10m²,Chi phí STD_LÁ,CPSTD_LADL,M2,,ĐM để trống — cấu phần tính theo công thức hình học
1827,LÁ ĐÀI LOAN STĐ MSK 1.2LY_TRỌN BỘ 9-10m²,TRỤC114_1.8LY,NVL-TRUC114_1.8LY,M,,ĐM để trống — cấu phần tính theo công thức hình học
1828,LÁ ĐÀI LOAN STĐ MSK 1.2LY_TRỌN BỘ 9-10m²,RAY SẮT (CÓ RON) U70,NVL-TOLE1.2x190-CORON,M,,ĐM để trống — cấu phần tính theo công thức hình học
1829,LÁ ĐÀI LOAN STĐ MSK 1.2LY_TRỌN BỘ 9-10m²,V4_KẼM,NVL-V4_KEM_STD,M,1.312,"ĐVT ""M"" — chưa rõ theo chiều CAO hay RỘNG"
1830,LÁ ĐÀI LOAN STĐ MSK 1.2LY_TRỌN BỘ 9-10m²,Chi phí STD_V4,CPSTD_V4,M,,ĐM để trống — cấu phần tính theo công thức hình học
1831,LÁ ĐÀI LOAN STĐ MSK 1.2LY_TRỌN BỘ 9-10m²,PHỤ THU CHUYỂN ĐỔI LÊN CỬA KÉO TAY,PHUTHUCHUYENDOICUAKT,M2,,ĐM để trống — cấu phần tính theo công thức hình học
1833,LÁ ĐÀI LOAN STĐ MSK 1.2LY_TRỌN BỘ 8-9m²,LÁ ĐÀI LOAN STĐ 1.2LY_MSK,NVL-TOLEKEM124_1LY_MSK,M2,11.64,vật tư KHÔNG tra ra mã trong danh mục D1
1834,LÁ ĐÀI LOAN STĐ MSK 1.2LY_TRỌN BỘ 8-9m²,Chi phí STD_LÁ,CPSTD_LADL,M2,,ĐM để trống — cấu phần tính theo công thức hình học
1835,LÁ ĐÀI LOAN STĐ MSK 1.2LY_TRỌN BỘ 8-9m²,TRỤC114_1.8LY,NVL-TRUC114_1.8LY,M,,ĐM để trống — cấu phần tính theo công thức hình học
1836,LÁ ĐÀI LOAN STĐ MSK 1.2LY_TRỌN BỘ 8-9m²,RAY SẮT (CÓ RON) U70,NVL-TOLE1.2x190-CORON,M,,ĐM để trống — cấu phần tính theo công thức hình học
1837,LÁ ĐÀI LOAN STĐ MSK 1.2LY_TRỌN BỘ 8-9m²,V4_KẼM,NVL-V4_KEM_STD,M,1.312,"ĐVT ""M"" — chưa rõ theo chiều CAO hay RỘNG"
1838,LÁ ĐÀI LOAN STĐ MSK 1.2LY_TRỌN BỘ 8-9m²,Chi phí STD_V4,CPSTD_V4,M,,ĐM để trống — cấu phần tính theo công thức hình học
1839,LÁ ĐÀI LOAN STĐ MSK 1.2LY_TRỌN BỘ 8-9m²,PHỤ THU CHUYỂN ĐỔI LÊN CỬA KÉO TAY,PHUTHUCHUYENDOICUAKT,M2,,ĐM để trống — cấu phần tính theo công thức hình học
1841,LÁ ĐÀI LOAN STĐ MSK 1.2LY_TRỌN BỘ 7-8m²,LÁ ĐÀI LOAN STĐ 1.2LY_MSK,NVL-TOLEKEM124_1LY_MSK,M2,11.64,vật tư KHÔNG tra ra mã trong danh mục D1
1842,LÁ ĐÀI LOAN STĐ MSK 1.2LY_TRỌN BỘ 7-8m²,Chi phí STD_LÁ,CPSTD_LADL,M2,,ĐM để trống — cấu phần tính theo công thức hình học
1843,LÁ ĐÀI LOAN STĐ MSK 1.2LY_TRỌN BỘ 7-8m²,TRỤC114_1.8LY,NVL-TRUC114_1.8LY,M,,ĐM để trống — cấu phần tính theo công thức hình học
1844,LÁ ĐÀI LOAN STĐ MSK 1.2LY_TRỌN BỘ 7-8m²,RAY SẮT (CÓ RON) U70,NVL-TOLE1.2x190-CORON,M,,ĐM để trống — cấu phần tính theo công thức hình học
1845,LÁ ĐÀI LOAN STĐ MSK 1.2LY_TRỌN BỘ 7-8m²,V4_KẼM,NVL-V4_KEM_STD,M,1.312,"ĐVT ""M"" — chưa rõ theo chiều CAO hay RỘNG"
1846,LÁ ĐÀI LOAN STĐ MSK 1.2LY_TRỌN BỘ 7-8m²,Chi phí STD_V4,CPSTD_V4,M,,ĐM để trống — cấu phần tính theo công thức hình học
1847,LÁ ĐÀI LOAN STĐ MSK 1.2LY_TRỌN BỘ 7-8m²,PHỤ THU CHUYỂN ĐỔI LÊN CỬA KÉO TAY,PHUTHUCHUYENDOICUAKT,M2,,ĐM để trống — cấu phần tính theo công thức hình học
1848,LÁ ĐÀI LOAN STĐ MSK 1.2LY_TRỌN BỘ 7-8m²,LÁ ĐÀI LOAN STĐ 1.2LY_MSK,NVL-TOLEKEM124_1LY_MSK,M2,,ĐM để trống — cấu phần tính theo công thức hình học
1849,LÁ ĐÀI LOAN STĐ MSK 1.2LY_TRỌN BỘ 7-8m²,Chi phí STD_LÁ,CPSTD_LADL,M2,,ĐM để trống — cấu phần tính theo công thức hình học
1850,LÁ ĐÀI LOAN STĐ MSK 1.2LY_TRỌN BỘ 7-8m²,TRỤC114_1.8LY,NVL-TRUC114_1.8LY,M,,ĐM để trống — cấu phần tính theo công thức hình học
1851,LÁ ĐÀI LOAN STĐ MSK 1.2LY_TRỌN BỘ 7-8m²,RAY SẮT (CÓ RON) U70,NVL-TOLE1.2x190-CORON,M,,ĐM để trống — cấu phần tính theo công thức hình học
1852,LÁ ĐÀI LOAN STĐ MSK 1.2LY_TRỌN BỘ 7-8m²,V4_KẼM,NVL-V4_KEM_STD,M,,ĐM để trống — cấu phần tính theo công thức hình học
1853,LÁ ĐÀI LOAN STĐ MSK 1.2LY_TRỌN BỘ 7-8m²,Chi phí STD_V4,CPSTD_V4,M,,ĐM để trống — cấu phần tính theo công thức hình học
1854,LÁ ĐÀI LOAN STĐ MSK 1.2LY_TRỌN BỘ 7-8m²,PHỤ THU CHUYỂN ĐỔI LÊN CỬA KÉO TAY,PHUTHUCHUYENDOICUAKT,M2,,ĐM để trống — cấu phần tính theo công thức hình học
1856,LÁ ĐÀI LOAN STĐ MSK 1.2LY_TRỌN BỘ 6-7m²,LÁ ĐÀI LOAN STĐ 1.2LY_MSK,NVL-TOLEKEM124_1LY_MSK,M2,11.64,vật tư KHÔNG tra ra mã trong danh mục D1
1857,LÁ ĐÀI LOAN STĐ MSK 1.2LY_TRỌN BỘ 6-7m²,Chi phí STD_LÁ,CPSTD_LADL,M2,,ĐM để trống — cấu phần tính theo công thức hình học
1858,LÁ ĐÀI LOAN STĐ MSK 1.2LY_TRỌN BỘ 6-7m²,TRỤC114_1.8LY,NVL-TRUC114_1.8LY,M,,ĐM để trống — cấu phần tính theo công thức hình học
1859,LÁ ĐÀI LOAN STĐ MSK 1.2LY_TRỌN BỘ 6-7m²,RAY SẮT (CÓ RON) U70,NVL-TOLE1.2x190-CORON,M,,ĐM để trống — cấu phần tính theo công thức hình học
1860,LÁ ĐÀI LOAN STĐ MSK 1.2LY_TRỌN BỘ 6-7m²,V4_KẼM,NVL-V4_KEM_STD,M,1.312,"ĐVT ""M"" — chưa rõ theo chiều CAO hay RỘNG"
1861,LÁ ĐÀI LOAN STĐ MSK 1.2LY_TRỌN BỘ 6-7m²,Chi phí STD_V4,CPSTD_V4,M,,ĐM để trống — cấu phần tính theo công thức hình học
1862,LÁ ĐÀI LOAN STĐ MSK 1.2LY_TRỌN BỘ 6-7m²,PHỤ THU CHUYỂN ĐỔI LÊN CỬA KÉO TAY,PHUTHUCHUYENDOICUAKT,M2,,ĐM để trống — cấu phần tính theo công thức hình học
1864,LÁ ĐÀI LOAN STĐ MSK 1.2LY_TRỌN BỘ 5-6m²,LÁ ĐÀI LOAN STĐ 1.2LY_MSK,NVL-TOLEKEM124_1LY_MSK,M2,11.64,vật tư KHÔNG tra ra mã trong danh mục D1
1865,LÁ ĐÀI LOAN STĐ MSK 1.2LY_TRỌN BỘ 5-6m²,Chi phí STD_LÁ,CPSTD_LADL,M2,,ĐM để trống — cấu phần tính theo công thức hình học
1866,LÁ ĐÀI LOAN STĐ MSK 1.2LY_TRỌN BỘ 5-6m²,TRỤC114_1.8LY,NVL-TRUC114_1.8LY,M,,ĐM để trống — cấu phần tính theo công thức hình học
1867,LÁ ĐÀI LOAN STĐ MSK 1.2LY_TRỌN BỘ 5-6m²,RAY SẮT (CÓ RON) U70,NVL-TOLE1.2x190-CORON,M,,ĐM để trống — cấu phần tính theo công thức hình học
1868,LÁ ĐÀI LOAN STĐ MSK 1.2LY_TRỌN BỘ 5-6m²,V4_KẼM,NVL-V4_KEM_STD,M,1.312,"ĐVT ""M"" — chưa rõ theo chiều CAO hay RỘNG"
1869,LÁ ĐÀI LOAN STĐ MSK 1.2LY_TRỌN BỘ 5-6m²,Chi phí STD_V4,CPSTD_V4,M,,ĐM để trống — cấu phần tính theo công thức hình học
1870,LÁ ĐÀI LOAN STĐ MSK 1.2LY_TRỌN BỘ 5-6m²,PHỤ THU CHUYỂN ĐỔI LÊN CỬA KÉO TAY,PHUTHUCHUYENDOICUAKT,M2,,ĐM để trống — cấu phần tính theo công thức hình học
1871,LÁ ĐÀI LOAN STĐ MSK 1.2LY_TRỌN BỘ 5-6m²,LÁ ĐÀI LOAN STĐ 1.2LY_MSK,NVL-TOLEKEM124_1LY_MSK,M2,,ĐM để trống — cấu phần tính theo công thức hình học
1872,LÁ ĐÀI LOAN STĐ MSK 1.2LY_TRỌN BỘ 5-6m²,Chi phí STD_LÁ,CPSTD_LADL,M2,11.64,vật tư KHÔNG tra ra mã trong danh mục D1
1873,LÁ ĐÀI LOAN STĐ MSK 1.2LY_TRỌN BỘ 5-6m²,TRỤC114_1.8LY,NVL-TRUC114_1.8LY,M,,ĐM để trống — cấu phần tính theo công thức hình học
1874,LÁ ĐÀI LOAN STĐ MSK 1.2LY_TRỌN BỘ 5-6m²,RAY SẮT (CÓ RON) U70,NVL-TOLE1.2x190-CORON,M,,ĐM để trống — cấu phần tính theo công thức hình học
1875,LÁ ĐÀI LOAN STĐ MSK 1.2LY_TRỌN BỘ 5-6m²,V4_KẼM,NVL-V4_KEM_STD,M,,ĐM để trống — cấu phần tính theo công thức hình học
1876,LÁ ĐÀI LOAN STĐ MSK 1.2LY_TRỌN BỘ 5-6m²,Chi phí STD_V4,CPSTD_V4,M,,ĐM để trống — cấu phần tính theo công thức hình học
1877,LÁ ĐÀI LOAN STĐ MSK 1.2LY_TRỌN BỘ 5-6m²,PHỤ THU CHUYỂN ĐỔI LÊN CỬA KÉO TAY,PHUTHUCHUYENDOICUAKT,M2,,ĐM để trống — cấu phần tính theo công thức hình học
1879,LÁ ĐÀI LOAN STĐ MSK 1.2LY_TRỌN BỘ 4-5m²,LÁ ĐÀI LOAN STĐ 1.2LY_MSK,NVL-TOLEKEM124_1LY_MSK,M2,11.64,vật tư KHÔNG tra ra mã trong danh mục D1
1880,LÁ ĐÀI LOAN STĐ MSK 1.2LY_TRỌN BỘ 4-5m²,Chi phí STD_LÁ,CPSTD_LADL,M2,,ĐM để trống — cấu phần tính theo công thức hình học
1881,LÁ ĐÀI LOAN STĐ MSK 1.2LY_TRỌN BỘ 4-5m²,TRỤC114_1.8LY,NVL-TRUC114_1.8LY,M,,ĐM để trống — cấu phần tính theo công thức hình học
1882,LÁ ĐÀI LOAN STĐ MSK 1.2LY_TRỌN BỘ 4-5m²,RAY SẮT (CÓ RON) U70,NVL-TOLE1.2x190-CORON,M,,ĐM để trống — cấu phần tính theo công thức hình học
1883,LÁ ĐÀI LOAN STĐ MSK 1.2LY_TRỌN BỘ 4-5m²,V4_KẼM,NVL-V4_KEM_STD,M,1.312,"ĐVT ""M"" — chưa rõ theo chiều CAO hay RỘNG"
1884,LÁ ĐÀI LOAN STĐ MSK 1.2LY_TRỌN BỘ 4-5m²,Chi phí STD_V4,CPSTD_V4,M,,ĐM để trống — cấu phần tính theo công thức hình học
1885,LÁ ĐÀI LOAN STĐ MSK 1.2LY_TRỌN BỘ 4-5m²,PHỤ THU CHUYỂN ĐỔI LÊN CỬA KÉO TAY,PHUTHUCHUYENDOICUAKT,M2,,ĐM để trống — cấu phần tính theo công thức hình học
1887,LÁ ĐÀI LOAN STĐ MSK 1.2LY_TRỌN BỘ 3-4m²,LÁ ĐÀI LOAN STĐ 1.2LY_MSK,NVL-TOLEKEM124_1LY_MSK,M2,11.64,vật tư KHÔNG tra ra mã trong danh mục D1
1888,LÁ ĐÀI LOAN STĐ MSK 1.2LY_TRỌN BỘ 3-4m²,Chi phí STD_LÁ,CPSTD_LADL,M2,,ĐM để trống — cấu phần tính theo công thức hình học
1889,LÁ ĐÀI LOAN STĐ MSK 1.2LY_TRỌN BỘ 3-4m²,TRỤC114_1.8LY,NVL-TRUC114_1.8LY,M,,ĐM để trống — cấu phần tính theo công thức hình học
1890,LÁ ĐÀI LOAN STĐ MSK 1.2LY_TRỌN BỘ 3-4m²,RAY SẮT (CÓ RON) U70,NVL-TOLE1.2x190-CORON,M,,ĐM để trống — cấu phần tính theo công thức hình học
1891,LÁ ĐÀI LOAN STĐ MSK 1.2LY_TRỌN BỘ 3-4m²,V4_KẼM,NVL-V4_KEM_STD,M,1.312,"ĐVT ""M"" — chưa rõ theo chiều CAO hay RỘNG"
1892,LÁ ĐÀI LOAN STĐ MSK 1.2LY_TRỌN BỘ 3-4m²,Chi phí STD_V4,CPSTD_V4,M,,ĐM để trống — cấu phần tính theo công thức hình học
1893,LÁ ĐÀI LOAN STĐ MSK 1.2LY_TRỌN BỘ 3-4m²,PHỤ THU CHUYỂN ĐỔI LÊN CỬA KÉO TAY,PHUTHUCHUYENDOICUAKT,M2,,ĐM để trống — cấu phần tính theo công thức hình học
1895,LÁ ĐÀI LOAN STĐ MSK 1.2LY_TRỌN BỘ 3-4m²,LÁ ĐÀI LOAN STĐ 1.2LY_MSK,NVL-TOLEKEM124_1LY_MSK,M2,11.64,vật tư KHÔNG tra ra mã trong danh mục D1
1896,LÁ ĐÀI LOAN STĐ MSK 1.2LY_TRỌN BỘ 3-4m²,Chi phí STD_LÁ,CPSTD_LADL,M2,11.64,vật tư KHÔNG tra ra mã trong danh mục D1
1897,LÁ ĐÀI LOAN STĐ MSK 1.2LY_TRỌN BỘ 3-4m²,TRỤC114_1.8LY,NVL-TRUC114_1.8LY,M,,ĐM để trống — cấu phần tính theo công thức hình học
1898,LÁ ĐÀI LOAN STĐ MSK 1.2LY_TRỌN BỘ 3-4m²,RAY SẮT (CÓ RON) U70,NVL-TOLE1.2x190-CORON,M,,ĐM để trống — cấu phần tính theo công thức hình học
1899,LÁ ĐÀI LOAN STĐ MSK 1.2LY_TRỌN BỘ 3-4m²,V4_KẼM,NVL-V4_KEM_STD,M,1.312,"ĐVT ""M"" — chưa rõ theo chiều CAO hay RỘNG"
1900,LÁ ĐÀI LOAN STĐ MSK 1.2LY_TRỌN BỘ 3-4m²,Chi phí STD_V4,CPSTD_V4,M,,ĐM để trống — cấu phần tính theo công thức hình học
1901,LÁ ĐÀI LOAN STĐ MSK 1.2LY_TRỌN BỘ 3-4m²,PHỤ THU CHUYỂN ĐỔI LÊN CỬA KÉO TAY,PHUTHUCHUYENDOICUAKT,M2,,ĐM để trống — cấu phần tính theo công thức hình học
1905,CỬA KÉO ĐL,PHỤ KIỆN LÁ ĐÀI  LOAN,,,,ĐM để trống — cấu phần tính theo công thức hình học
1906,CỬA KÉO ĐL,LÁ ĐÀI LOAN 6D_XN-VK,NVL-TON-DL5.2Dx124-XNVK,,,ĐM để trống — cấu phần tính theo công thức hình học
1907,CỬA KÉO ĐL,RAY SẮT (CÓ RON) U70,NVL-TOLE1.2x190-CORON,,,ĐM để trống — cấu phần tính theo công thức hình học
1908,CỬA KÉO ĐL,V4_KẼM,NVL-V4_KEM_STD,,,ĐM để trống — cấu phần tính theo công thức hình học
1909,CỬA KÉO ĐL,TRỤC114_1.8LY,NVL-TRUC114_1.8LY,,,ĐM để trống — cấu phần tính theo công thức hình học
1910,CỬA KÉO ĐL,PHỤ THU CHUYỂN ĐỔI LÊN CỬA KÉO TAY,PHUTHUCHUYENDOICUAKT,,,ĐM để trống — cấu phần tính theo công thức hình học
1911,CỬA KÉO ĐL,LÁ ĐÀI LOAN 6D_XN-XLC,NVL-TON-DL5.2Dx124-XNXLC,,,ĐM để trống — cấu phần tính theo công thức hình học
1912,CỬA KÉO ĐL,LÁ ĐÀI LOAN 7D_XN-VK,NVL-TON-DL6.2Dx124-XNVK,,,ĐM để trống — cấu phần tính theo công thức hình học
1913,CỬA KÉO ĐL,LÁ ĐÀI LOAN 7D_XN-XLC,NVL-TON-DL6.2Dx124-XNXLC,,,ĐM để trống — cấu phần tính theo công thức hình học
1914,CỬA KÉO ĐL,LÁ ĐÀI LOAN 8D_XN-VK,NVL-TON-DL7.2Dx124-XNVK,,,ĐM để trống — cấu phần tính theo công thức hình học
1915,CỬA KÉO ĐL,LÁ ĐÀI LOAN 8D_XN-XLC,NVL-TON-DL7.2Dx124-XNXLC,,,ĐM để trống — cấu phần tính theo công thức hình học
1916,CỬA KÉO ĐL,LÁ ĐÀI LOAN 1LY_XN-VK,NVL-TON-DL9.2Dx124-XNVK,,,ĐM để trống — cấu phần tính theo công thức hình học
1917,CỬA KÉO ĐL,LÁ ĐÀI LOAN 1LY_XN-XLC,NVL-TON-DL9.2Dx124-XNXLC,,,ĐM để trống — cấu phần tính theo công thức hình học
1918,CỬA KÉO ĐL,LÁ ĐÀI LOAN STĐ 8D_MSK,NVL-TOLEKEM124_6D_MSK,,,ĐM để trống — cấu phần tính theo công thức hình học
1919,CỬA KÉO ĐL,Chi phí STD_LÁ,CPSTD_LADL,,,ĐM để trống — cấu phần tính theo công thức hình học
1920,CỬA KÉO ĐL,Chi phí STD_V4,CPSTD_V4,,,ĐM để trống — cấu phần tính theo công thức hình học
1921,CỬA KÉO ĐL,LÁ ĐÀI LOAN STĐ 1LY_MSK,NVL-TOLEKEM124_8D_MSK,,,ĐM để trống — cấu phần tính theo công thức hình học
1922,CỬA KÉO ĐL,LÁ ĐÀI LOAN STĐ 1.2LY_MSK,NVL-TOLEKEM124_1LY_MSK,,,ĐM để trống — cấu phần tính theo công thức hình học
1924,CỬA KÉO ĐL,PHỤ KIỆN CỬA ĐỨC,,,,ĐM để trống — cấu phần tính theo công thức hình học
1925,CỬA KÉO ĐL,#REF!,,,,ĐM để trống — cấu phần tính theo công thức hình học
1926,CỬA KÉO ĐL,,,,,ĐM để trống — cấu phần tính theo công thức hình học
1927,CỬA KÉO ĐL,,,,,ĐM để trống — cấu phần tính theo công thức hình học
1928,CỬA KÉO ĐL,,,,,ĐM để trống — cấu phần tính theo công thức hình học
1929,CỬA KÉO ĐL,,,,,ĐM để trống — cấu phần tính theo công thức hình học
1930,CỬA KÉO ĐL,,,,,ĐM để trống — cấu phần tính theo công thức hình học
1931,CỬA KÉO ĐL,,,,,ĐM để trống — cấu phần tính theo công thức hình học
1932,CỬA KÉO ĐL,,,,,ĐM để trống — cấu phần tính theo công thức hình học
1933,CỬA KÉO ĐL,,,,,ĐM để trống — cấu phần tính theo công thức hình học
1934,CỬA KÉO ĐL,,,,,ĐM để trống — cấu phần tính theo công thức hình học
1935,CỬA KÉO ĐL,,,,,ĐM để trống — cấu phần tính theo công thức hình học
1936,CỬA KÉO ĐL,,,,,ĐM để trống — cấu phần tính theo công thức hình học
1937,CỬA KÉO ĐL,,,,,ĐM để trống — cấu phần tính theo công thức hình học
1938,CỬA KÉO ĐL,,,,,ĐM để trống — cấu phần tính theo công thức hình học
1939,CỬA KÉO ĐL,,,,,ĐM để trống — cấu phần tính theo công thức hình học
1940,CỬA KÉO ĐL,,,,,ĐM để trống — cấu phần tính theo công thức hình học
1941,CỬA KÉO ĐL,,,,,ĐM để trống — cấu phần tính theo công thức hình học
1942,CỬA KÉO ĐL,,,,,ĐM để trống — cấu phần tính theo công thức hình học
1943,CỬA KÉO ĐL,,,,,ĐM để trống — cấu phần tính theo công thức hình học
1944,CỬA KÉO ĐL,,,,,ĐM để trống — cấu phần tính theo công thức hình học
1945,CỬA KÉO ĐL,,,,,ĐM để trống — cấu phần tính theo công thức hình học
1946,CỬA KÉO ĐL,,,,,ĐM để trống — cấu phần tính theo công thức hình học
1947,CỬA KÉO ĐL,,,,,ĐM để trống — cấu phần tính theo công thức hình học
1948,CỬA KÉO ĐL,,,,,ĐM để trống — cấu phần tính theo công thức hình học
1949,CỬA KÉO ĐL,,,,,ĐM để trống — cấu phần tính theo công thức hình học
1950,CỬA KÉO ĐL,,,,,ĐM để trống — cấu phần tính theo công thức hình học
1951,CỬA KÉO ĐL,,,,,ĐM để trống — cấu phần tính theo công thức hình học
1952,CỬA KÉO ĐL,,,,,ĐM để trống — cấu phần tính theo công thức hình học
1953,CỬA KÉO ĐL,,,,,ĐM để trống — cấu phần tính theo công thức hình học
1954,CỬA KÉO ĐL,,,,,ĐM để trống — cấu phần tính theo công thức hình học
1955,CỬA KÉO ĐL,,,,,ĐM để trống — cấu phần tính theo công thức hình học
1956,CỬA KÉO ĐL,,,,,ĐM để trống — cấu phần tính theo công thức hình học
1957,CỬA KÉO ĐL,,,,,ĐM để trống — cấu phần tính theo công thức hình học
1958,CỬA KÉO ĐL,,,,,ĐM để trống — cấu phần tính theo công thức hình học
1959,CỬA KÉO ĐL,,,,,ĐM để trống — cấu phần tính theo công thức hình học
1960,CỬA KÉO ĐL,,,,,ĐM để trống — cấu phần tính theo công thức hình học
1961,CỬA KÉO ĐL,,,,,ĐM để trống — cấu phần tính theo công thức hình học
1962,CỬA KÉO ĐL,,,,,ĐM để trống — cấu phần tính theo công thức hình học
1963,CỬA KÉO ĐL,,,,,ĐM để trống — cấu phần tính theo công thức hình học
1964,CỬA KÉO ĐL,,,,,ĐM để trống — cấu phần tính theo công thức hình học
1965,CỬA KÉO ĐL,,,,,ĐM để trống — cấu phần tính theo công thức hình học
1966,CỬA KÉO ĐL,,,,,ĐM để trống — cấu phần tính theo công thức hình học
1967,CỬA KÉO ĐL,,,,,ĐM để trống — cấu phần tính theo công thức hình học
1968,CỬA KÉO ĐL,,,,,ĐM để trống — cấu phần tính theo công thức hình học
1969,CỬA KÉO ĐL,,,,,ĐM để trống — cấu phần tính theo công thức hình học
1970,CỬA KÉO ĐL,,,,,ĐM để trống — cấu phần tính theo công thức hình học
1971,CỬA KÉO ĐL,,,,,ĐM để trống — cấu phần tính theo công thức hình học
1972,CỬA KÉO ĐL,,,,,ĐM để trống — cấu phần tính theo công thức hình học
1973,CỬA KÉO ĐL,,,,,ĐM để trống — cấu phần tính theo công thức hình học
1974,CỬA KÉO ĐL,,,,,ĐM để trống — cấu phần tính theo công thức hình học
1975,CỬA KÉO ĐL,,,,,ĐM để trống — cấu phần tính theo công thức hình học
1976,CỬA KÉO ĐL,,,,,ĐM để trống — cấu phần tính theo công thức hình học
1977,CỬA KÉO ĐL,,,,,ĐM để trống — cấu phần tính theo công thức hình học
1978,CỬA KÉO ĐL,,,,,ĐM để trống — cấu phần tính theo công thức hình học
1979,CỬA KÉO ĐL,,,,,ĐM để trống — cấu phần tính theo công thức hình học
1980,CỬA KÉO ĐL,,,,,ĐM để trống — cấu phần tính theo công thức hình học
1982,CỬA KÉO ĐL,PHU KIEN CUA UC,,,,ĐM để trống — cấu phần tính theo công thức hình học
1983,CỬA KÉO ĐL,#REF!,,,,ĐM để trống — cấu phần tính theo công thức hình học
2008,CỬA KÉO ĐL,PULY UC 114,,,,ĐM để trống — cấu phần tính theo công thức hình học
2034,CỬA KÉO ĐL,TIỀN CÔNG LẮP ĐẶT,TIỀN CÔNG LẮP ĐẶT,,,ĐM để trống — cấu phần tính theo công thức hình học
2035,CỬA KÉO ĐL,TIỀN CÔNG CẮT LẠI CỬA,TIỀN CÔNG CẮT LẠI CỬA,,,ĐM để trống — cấu phần tính theo công thức hình học
2113,CỬA KÉO ĐL,PHỤ KIỆN MOTOR JG,,,,ĐM để trống — cấu phần tính theo công thức hình học
2114,CỬA KÉO ĐL,CHI PHÍ VẬN CHUYỂN,CPVC,,,ĐM để trống — cấu phần tính theo công thức hình học
2138,CỬA KÉO ĐL,MŨI MÀI HỘP KIM,MŨI MÀI HỘP KIM,CÁI,,ĐM để trống — cấu phần tính theo công thức hình học
2678,LÁ SIÊU TRƯỜNG 1LY_XN-VK,LÁ SIÊU TRƯỜNG 175_XN-VK_9D,NVL-TOLEKEM175_1LY_MSK,M2,,ĐM để trống — cấu phần tính theo công thức hình học
2929,TẨY NHÔM,Mua nguyên vật liệu,,,,ĐM để trống — cấu phần tính theo công thức hình học
2930,TẨY NHÔM,Chi Lương,,,,ĐM để trống — cấu phần tính theo công thức hình học
2931,TẨY NHÔM,Chi thưởng NLĐ,,,,ĐM để trống — cấu phần tính theo công thức hình học
2932,TẨY NHÔM,Chi phí banking,,,,ĐM để trống — cấu phần tính theo công thức hình học
2933,TẨY NHÔM,Chi nộp bảo hiểm,,,,ĐM để trống — cấu phần tính theo công thức hình học
2934,TẨY NHÔM,Chi trả phát hành bảo lãnh ngân hàng,,,,ĐM để trống — cấu phần tính theo công thức hình học
2935,TẨY NHÔM,Chi mua văn phòng phẩm,,,,ĐM để trống — cấu phần tính theo công thức hình học
2936,TẨY NHÔM,Chi trả tiền chuyển phát nhanh,,,,ĐM để trống — cấu phần tính theo công thức hình học
2937,TẨY NHÔM,Chi trả công tác phí cho NLĐ,,,,ĐM để trống — cấu phần tính theo công thức hình học
2938,TẨY NHÔM,"Hoàn trả lại khách hàng do đổi trả, không lấy hàng hoặc chuyển nhầm",,,,ĐM để trống — cấu phần tính theo công thức hình học
2939,TẨY NHÔM,"Chi phí sử dụng Xe hơi, xăng xe, bảo dưỡng, chi phí cầu đường",,,,ĐM để trống — cấu phần tính theo công thức hình học
2940,TẨY NHÔM,Quỹ tiền mặt Kế toán quản lý,,,,ĐM để trống — cấu phần tính theo công thức hình học
2941,TẨY NHÔM,Rút tiền mặt,,,,ĐM để trống — cấu phần tính theo công thức hình học
2942,TẨY NHÔM,"Thuế (VAT, TNDN, nộp ngân sách nhà nước...)",,,,ĐM để trống — cấu phần tính theo công thức hình học
2944,TẨY NHÔM,"Tiền thuê nhà, tiền điện nước",,,,ĐM để trống — cấu phần tính theo công thức hình học
2945,TẨY NHÔM,"Chi phí giao lưu, tiếp khách",,,,ĐM để trống — cấu phần tính theo công thức hình học
2946,TẨY NHÔM,"Chi mua các vật tư, trang thiết bị văn phòng, bảo hộ lao động…",,,,ĐM để trống — cấu phần tính theo công thức hình học
2947,TẨY NHÔM,Chi trả tiền lãi vay,,,,ĐM để trống — cấu phần tính theo công thức hình học
2948,TẨY NHÔM,Các chi phí khác,,,,ĐM để trống — cấu phần tính theo công thức hình học
2949,TẨY NHÔM,Chủ sở hữu rút vốn,,,,ĐM để trống — cấu phần tính theo công thức hình học
6889,TẨY NHÔM,Tiền lãi gửi Ngân hàng,,,,ĐM để trống — cấu phần tính theo công thức hình học
6890,TẨY NHÔM,Tiền thu khác,,,,ĐM để trống — cấu phần tính theo công thức hình học
6891,TẨY NHÔM,Nộp tiền mặt vào tài khoản ngân hàng,,,,ĐM để trống — cấu phần tính theo công thức hình học
6892,TẨY NHÔM,Khoản vay vốn kinh doanh,,,,ĐM để trống — cấu phần tính theo công thức hình học
6901,TẨY NHÔM,Nộp tiền mặt vào tài khoản ngân hàng,,,,ĐM để trống — cấu phần tính theo công thức hình học
6902,TẨY NHÔM,Khoản vay vốn kinh doanh,,,,ĐM để trống — cấu phần tính theo công thức hình học
6903,TẨY NHÔM,Mua nguyên vật liệu,,,,ĐM để trống — cấu phần tính theo công thức hình học
6904,TẨY NHÔM,Chi Lương,,,,ĐM để trống — cấu phần tính theo công thức hình học
6905,TẨY NHÔM,Chi thưởng NLĐ,,,,ĐM để trống — cấu phần tính theo công thức hình học
6906,TẨY NHÔM,Chi phí banking,,,,ĐM để trống — cấu phần tính theo công thức hình học
6907,TẨY NHÔM,Chi nộp bảo hiểm,,,,ĐM để trống — cấu phần tính theo công thức hình học
6908,TẨY NHÔM,Chi trả phát hành bảo lãnh ngân hàng,,,,ĐM để trống — cấu phần tính theo công thức hình học
6909,TẨY NHÔM,Chi mua văn phòng phẩm,,,,ĐM để trống — cấu phần tính theo công thức hình học
6910,TẨY NHÔM,Chi trả tiền chuyển phát nhanh,,,,ĐM để trống — cấu phần tính theo công thức hình học
6911,TẨY NHÔM,Chi trả công tác phí cho NLĐ,,,,ĐM để trống — cấu phần tính theo công thức hình học
6912,TẨY NHÔM,"Hoàn trả lại khách hàng do đổi trả, không lấy hàng hoặc chuyển nhầm",,,,ĐM để trống — cấu phần tính theo công thức hình học
6913,TẨY NHÔM,"Chi phí sử dụng Xe hơi, xăng xe, bảo dưỡng, chi phí cầu đường",,,,ĐM để trống — cấu phần tính theo công thức hình học
6914,TẨY NHÔM,Quỹ tiền mặt Kế toán quản lý,,,,ĐM để trống — cấu phần tính theo công thức hình học
6915,TẨY NHÔM,Rút tiền mặt,,,,ĐM để trống — cấu phần tính theo công thức hình học
6916,TẨY NHÔM,"Thuế (VAT, TNDN, nộp ngân sách nhà nước...)",,,,ĐM để trống — cấu phần tính theo công thức hình học
6917,TẨY NHÔM,"Tiền thuê nhà, tiền điện nước",,,,ĐM để trống — cấu phần tính theo công thức hình học
6918,TẨY NHÔM,"Chi phí giao lưu, tiếp khách",,,,ĐM để trống — cấu phần tính theo công thức hình học
6919,TẨY NHÔM,"Chi mua các vật tư, trang thiết bị văn phòng, bảo hộ lao động…",,,,ĐM để trống — cấu phần tính theo công thức hình học
6920,TẨY NHÔM,Chi trả tiền lãi vay,,,,ĐM để trống — cấu phần tính theo công thức hình học
6921,TẨY NHÔM,Các chi phí khác,,,,ĐM để trống — cấu phần tính theo công thức hình học
9456,TẨY NHÔM,Chi Lương,,,,ĐM để trống — cấu phần tính theo công thức hình học
9457,TẨY NHÔM,Chi thưởng NLĐ,,,,ĐM để trống — cấu phần tính theo công thức hình học
9458,TẨY NHÔM,Chi phí banking,,,,ĐM để trống — cấu phần tính theo công thức hình học
9459,TẨY NHÔM,Chi nộp bảo hiểm,,,,ĐM để trống — cấu phần tính theo công thức hình học
9460,TẨY NHÔM,Chi trả phát hành bảo lãnh ngân hàng,,,,ĐM để trống — cấu phần tính theo công thức hình học
9461,TẨY NHÔM,Chi mua văn phòng phẩm,,,,ĐM để trống — cấu phần tính theo công thức hình học
9462,TẨY NHÔM,Chi trả tiền chuyển phát nhanh,,,,ĐM để trống — cấu phần tính theo công thức hình học
9463,TẨY NHÔM,Chi trả công tác phí cho NLĐ,,,,ĐM để trống — cấu phần tính theo công thức hình học
9464,TẨY NHÔM,"Hoàn trả lại khách hàng do đổi trả, không lấy hàng hoặc chuyển nhầm",,,,ĐM để trống — cấu phần tính theo công thức hình học
9465,TẨY NHÔM,"Chi phí sử dụng Xe hơi, xăng xe, bảo dưỡng, chi phí cầu đường",,,,ĐM để trống — cấu phần tính theo công thức hình học
9466,TẨY NHÔM,Quỹ tiền mặt Kế toán quản lý,,,,ĐM để trống — cấu phần tính theo công thức hình học
9467,TẨY NHÔM,Rút tiền mặt,,,,ĐM để trống — cấu phần tính theo công thức hình học
9468,TẨY NHÔM,"Thuế (VAT, TNDN, nộp ngân sách nhà nước...)",,,,ĐM để trống — cấu phần tính theo công thức hình học
9469,TẨY NHÔM,"Tiền thuê nhà, tiền điện nước",,,,ĐM để trống — cấu phần tính theo công thức hình học
9470,TẨY NHÔM,"Chi phí giao lưu, tiếp khách",,,,ĐM để trống — cấu phần tính theo công thức hình học
9471,TẨY NHÔM,"Chi mua các vật tư, trang thiết bị văn phòng, bảo hộ lao động…",,,,ĐM để trống — cấu phần tính theo công thức hình học
9472,TẨY NHÔM,Chi trả tiền lãi vay,,,,ĐM để trống — cấu phần tính theo công thức hình học
9473,TẨY NHÔM,Các chi phí khác,,,,ĐM để trống — cấu phần tính theo công thức hình học
9474,TẨY NHÔM,Thu tiền từ bán hàng,,,,ĐM để trống — cấu phần tính theo công thức hình học
9475,TẨY NHÔM,Thu hồi công nợ,,,,ĐM để trống — cấu phần tính theo công thức hình học
9476,TẨY NHÔM,Tiền lãi gửi Ngân hàng,,,,ĐM để trống — cấu phần tính theo công thức hình học
9477,TẨY NHÔM,Tiền thu khác,,,,ĐM để trống — cấu phần tính theo công thức hình học
9478,TẨY NHÔM,Nộp tiền mặt vào tài khoản ngân hàng,,,,ĐM để trống — cấu phần tính theo công thức hình học
9479,TẨY NHÔM,Khoản vay vốn kinh doanh,,,,ĐM để trống — cấu phần tính theo công thức hình học
9480,TẨY NHÔM,Tổng cộng,,,,ĐM để trống — cấu phần tính theo công thức hình học
9481,TẨY NHÔM,Tổng Tiền mặt Hiện có (trước khi rút tiền mặt),,,,ĐM để trống — cấu phần tính theo công thức hình học
