row,nhom,stt,ten_vat_tu,ma_vat_tu,ten_thanh_pham,dvt,dinh_muc,gia_ban
7,ĐỨC,1.0,CON LĂN,TP-CON LĂN,CON LĂN,CẶP,1.0,100000.0
8,ĐỨC,,CỤC NHỰA,NVL-CNHUA,CON LĂN,CÁI,2.0,
9,ĐỨC,,BÁT SẮT,NVL-BATFE,CON LĂN,CÁI,2.0,
10,ĐỨC,,BÙ LON 12x12,NVL-BULON12.12,CON LĂN,KG/CON,0.096,
11,ĐỨC,,CON TÁN 12,NVL-CONTAN12,CON LĂN,KG/CON,0.00011,
12,ĐỨC,,BẠC ĐẠN,NVL-BACDAN,CON LĂN,KG/CÁI,0.036,
13,ĐỨC,2.0,PULY 114 LỚN,TP-PULY 114L,PULY 114L,CÁI,1.0,30000.0
14,ĐỨC,3.0,PULY 114 NHỎ,TP-PULY 114N,PULY 114N,CÁI,1.0,22000.0
15,ĐỨC,4.0,PULY 140,TP-PULY 140,PULY 140,CÁI,1.0,33000.0
16,ĐỨC,5.0,PULY 168,TP-PULY 168,PULY 168,CÁI,1.0,43000.0
17,ĐỨC,6.0,CÒI BÁO ĐỘNG,TP-COI,CÒI,CÁI,1.0,70000.0
18,ĐỨC,7.0,HỆ THỐNG TỰ DỪNG,TP-HTTD,HỆ THỐNG TỰ DỪNG,BỘ,1.0,80000.0
19,ĐỨC,8.0,TP-TRỤC 114_1.8LY ,TRỤC 114_1.8LY,TRỤC 114_1.8LY,KG/M,4.4,180000.0
20,ĐỨC,9.0,TP-TRỤC 114_2.1LY,TRỤC 114_2.1LY,TRỤC 114_2.1LY,KG/M,4.7,200000.0
21,ĐỨC,10.0,TP-RHM8,TP-RAYHOP,RAY HỘP TD U76 ,KG/M,1.083,190000.0
22,ĐỨC,,Ron nhựa/lông cạnh ray,RNHUA/LONG-CR,RAY HỘP TD U76,M,,
23,ĐỨC,,Ron nhựa đáy ray,RNHUA-DR,RAY HỘP TD U76,M,,
24,ĐỨC,,Ron inox đáy ray,RNINOX-DR,RAY HỘP TD U76,M,,
25,ĐỨC,11.0,TP RAY ĐƠN TD,TP-TD87A1 GS ,RAY ĐƠN TD U76 ,KG/M,0.6,145000.0
26,ĐỨC,,Ron nhựa/lông cạnh ray,RNHUA/LONG-CR,RAY HỘP TD U76,M,,
27,ĐỨC,,Ron nhựa đáy ray,RNHUA-DR,RAY HỘP TD U76,M,,
28,ĐỨC,,Ron inox đáy ray,RNINOX-DR,RAY HỘP TD U76,M,,
29,ĐỨC,12.0,TP RAY HỘP TD U100,TP-RAY HỘP TD U100,RAY HỘP TD U100,KG/M,1.419,250000.0
30,ĐỨC,,Ron nhựa/lông cạnh ray,RNHUA/LONG-CR,RAY HỘP TD U100,M,,
31,ĐỨC,,Ron nhựa đáy ray,RNHUA-DR,RAY HỘP TD U100,M,,
32,ĐỨC,,Ron inox đáy ray,RNINOX-DR,RAY HỘP TD U100,M,,
33,ĐỨC,13.0,PHỤ THU SƠN RAY MSK,PHUTHU_SONRAY_MSK,PHỤ THU SƠN RAY MSK,M,1.0,15000.0
34,ĐỨC,14.0,ĐỨC AL595 - GS,TD-AL595 GS,ĐỨC AL595 - GS,M2,1.0,1095000.0
35,ĐỨC,,Lá đầu (kg) + Bộ 03 lá đáy (kg),NVL-LD-3LD,ĐỨC AL595 - GS,KG,0,
36,ĐỨC,,Lá ruột (kg) AL595 GS,NVL-AL595-GS,ĐỨC AL595 - GS,KG,0,
37,ĐỨC,,Ron đáy đức,RON-DD,ĐỨC AL595 - GS,KG/M,0.117,
38,ĐỨC,,BỌ 1VIS 503N-71-595,NVL-BO1VIS-503N-71-595,ĐỨC AL595 - GS,KG,0.1179,
39,ĐỨC,,Vis,NVL-VIS,ĐỨC AL595 - GS,KG,0.0204,
40,ĐỨC,,Lông nheo nhỏ,NVL-PHOTLONG4X5,ĐỨC AL595 - GS,M,0.190404,
41,ĐỨC,,Puly đen cuộn cửa,NVL-PULY-DEN,ĐỨC AL595 - GS,CÁI,1.0,
42,,15.0,TP-LÁ ĐẦU,TP-A282,LÁ ĐẦU,M,1.0,170000.0
43,,,Lá đầu (kg) + Bộ 03 lá đáy (kg) ,NVL-LD-3LD,LÁ ĐẦU,KG/M,0.452,
44,,16.0,TP-LÁ YẾM,TP-TD327,LÁ YẾM,M,1.0,46000.0
45,,,Lá đầu (kg) + Bộ 03 lá đáy (kg) ,NVL-LD-3LD,LÁ YẾM,KG/M,0,
46,,17.0,TP-LÁ TRUNG GIAN,TP-TD326,LÁ TRUNG GIAN,M,1.0,80000.0
47,,,Lá đầu (kg) + Bộ 03 lá đáy (kg) ,NVL-LD-3LD,LÁ TRUNG GIAN,KG/M,0,
48,,18.0,TP-LÁ ĐÁY LỚN,TP-TD325,LÁ ĐÁY LỚN,M,1.0,130000.0
49,,,Lá đầu (kg) + Bộ 03 lá đáy (kg) ,NVL-LD-3LD,LÁ ĐÁY LỚN,KG/M,0,
50,BỘ ,19.0,TP-BỘ 3 LÁ ĐÁY,TP-BO3LADAY,BỘ BA LÁ ĐÁY,M,1.0,230000.0
51,BỘ ,,Lá đầu (kg) + Bộ 03 lá đáy (kg) ,NVL-LD-3LD,BỘ BA LÁ ĐÁY,KG/M,0,
52,LÔN,22.0,TP LÔNG NHEO NHỎ ,TP-PHOTLONG4X5X400M,LÔNG NHEO 4X5,M,1.0,2000.0
53,LÔN,23.0,TP LÔNG NHEO LỚN,TP-PHOTLONG5X6X400M,LÔNG NHEO 5X6,M,1.0,2000.0
54,,24.0,TP RON ĐÁY ĐỨC ,RON-DD,RON ĐÁY ĐỨC ,M,1.0,10000.0
55,,,Ron đáy đức,RON-DD,ĐỨC AL595 - GS,KG/M,0.117,
56,RON,25.0,TP RON NHỰA + INOX,RONNHUA_INOX,RON NHỰA + INOX,M,1.0,30000.0
57,RON,,Ron nhựa đáy ray,RNHUA-DR,RON NHỰA + INOX,KG/M,0.101,
58,RON,,Ron inox đáy ray,RNINOX-DR,RON NHỰA + INOX,KG/M,0.124,
59,RON,25.0,TP RON NHỰA ĐÁY RAY,RNHUA-DR,RON NHỰA ĐÁY RAY,M,1.0,20000.0
60,RON,25.0,TP RON INOX ĐÁY RAY,RNINOX-DR,RON INOX ĐÁY RAY,M,1.0,15000.0
61,RON,26.0,TP RON NHỰA/LÔNG CẠNH RAY,RNHUA/LONG-CR,RON NHỰA CẠNH RAY,M,1.0,6000.0
62,RON,27.0,TP RON LÔNG CẠNH RAY,"NVL-PHOTLONG12,5X5X120M",RON LÔNG CẠNH RAY,M,1.0,7000.0
64,ĐỨC,28.0,ĐỨC AL595 - VK,TP-TD-AL595 VK,ĐỨC AL595 - VK,M2,1.0,1095000.0
65,ĐỨC,,Lá đầu (kg) + Bộ 03 lá đáy (kg),NVL-LD-3LD,ĐỨC AL595 - VK,KG/M2,0,
66,ĐỨC,,Lá ruột (kg) AL595 VK,NVL-AL595-VK,ĐỨC AL595 - VK,KG/M2,0,
67,ĐỨC,,Ron đáy đức,RON-DD,ĐỨC AL595 - VK,KG/M,0.117,
68,ĐỨC,,BỌ 1VIS 503N-71-595,NVL-BO1VIS-503N-71-595,ĐỨC AL595 - VK,KG/CON,0.1179,
69,ĐỨC,,Vis,NVL-VIS,ĐỨC AL595 - VK,KG,0.0204,
70,ĐỨC,,Lông nheo nhỏ,NVL-PHOTLONG4X5,ĐỨC AL595 - VK,M,5.1,
71,ĐỨC,,Puly đen cuộn cửa,NVL-PULY-DEN,ĐỨC AL595 - VK,CÁI,0.5,
72,ĐỨC,29.0,ĐỨC AL595 - MSK,TP-TD-AL595 THÔ,ĐỨC AL595 - MSK,M2,1.0,1095000.0
73,ĐỨC,,Lá đầu (kg) + Bộ 03 lá đáy (kg) ,NVL-LD-3LD,ĐỨC AL595 - MSK,KG/M2,0,
74,ĐỨC,,Lá ruột (kg) AL595 MSK,NVL_TDAL595THO,ĐỨC AL595 - MSK,KG/M2,0,
75,ĐỨC,,Ron đáy đức,RON-DD,ĐỨC AL595 - MSK,KG/M,0.117,
76,ĐỨC,,BỌ 1VIS 503N-71-595,NVL-BO1VIS-503N-71-595,ĐỨC AL595 - MSK,KG,0.1179,
77,ĐỨC,,Vis,NVL-VIS,ĐỨC AL595 - MSK,KG,0.0204,
78,ĐỨC,,Lông nheo nhỏ,NVL-PHOTLONG4X5,ĐỨC AL595 - MSK,M,5.1,
79,ĐỨC,,Puly đen cuộn cửa,NVL-PULY-DEN,ĐỨC AL595 - MSK,CÁI,0.5,
80,ĐỨC,30.0,ĐỨC AL70 (2 lớp) - MSK,TP-TD-AL70 THÔ,ĐỨC AL70 (2 LỚP) - MSK,M2,1.0,909000.0
81,ĐỨC,,Lá đầu (kg) + Bộ 03 lá đáy (kg),NVL-LD-3LD-MSK,ĐỨC AL70 (2 LỚP) - MSK,KG/M2,0,
82,ĐỨC,,Lá ruột (kg) AL70 (2 LỚP) MSK,NVL-TDAL70THO,ĐỨC AL70 (2 LỚP) - MSK,KG/M2,0,
83,ĐỨC,,Ron đáy đức,RON-DD,ĐỨC AL70 (2 LỚP) - MSK,KG/M,0.117,
84,ĐỨC,,BỌ 1VIS AL70,NVL-BO1VIS AL70,ĐỨC AL70 (2 LỚP) - MSK,KG,0.00927,
85,ĐỨC,,Vis,NVL-VIS,ĐỨC AL70 (2 LỚP) - MSK,KG,0.0168,
86,ĐỨC,,Puly đen cuộn cửa,NVL-PULY-DEN,ĐỨC AL70 (2 LỚP) - MSK,CÁI,0.5,
87,ĐỨC,31.0,ĐỨC AL70 (2 lớp) - GS,TP-TD-AL70 GS,ĐỨC AL70 (2 LỚP) - GS,M2,1.0,909000.0
88,ĐỨC,,Lá đầu (kg) + Bộ 03 lá đáy (kg),NVL-LD-3LD,ĐỨC AL70 (2 LỚP) - GS,KG/M2,0,
89,ĐỨC,,Lá ruột (kg) AL70 (2 LỚP) GS,NVL-TDAL70GS,ĐỨC AL70 (2 LỚP) - GS,KG/M2,0,
90,ĐỨC,,Ron đáy đức,RON-DD,ĐỨC AL70 (2 LỚP) - GS,KG/M,0.117,
91,ĐỨC,,BỌ 1VIS AL70,NVL-BO1VIS AL70,ĐỨC AL70 (2 LỚP) - GS,KG,0.00927,
92,ĐỨC,,Vis,NVL-VIS,ĐỨC AL70 (2 LỚP) - GS,KG,0.0168,
93,ĐỨC,,Puly đen cuộn cửa,NVL-PULY-DEN,ĐỨC AL70 (2 LỚP) - GS,CÁI,0.5,
94,ĐỨC,32.0,ĐỨC AL70 (2 lớp) - VK,TP-TD-AL70 VK,ĐỨC AL70 (2 LỚP) - VK,M2,1.0,909000.0
95,ĐỨC,,Lá đầu (kg) + Bộ 03 lá đáy (kg),NVL-LD-3LD,ĐỨC AL70 (2 LỚP) - VK,KG/M2,0,
96,ĐỨC,,Lá ruột (kg) AL70 (1 LỚP) VK,NVL-TDAL70VK,ĐỨC AL70 (2 LỚP) - VK,KG/M2,0,
97,ĐỨC,,Ron đáy đức,RON-DD,ĐỨC AL70 (2 LỚP) - VK,KG/M,0.117,
98,ĐỨC,,BỌ 1VIS AL70_2LOP,NVL-BO1VIS AL70_2LOP,ĐỨC AL70 (2 LỚP) - VK,KG,0.00927,
99,ĐỨC,,Vis,NVL-VIS,ĐỨC AL70 (2 LỚP) - VK,KG,0.0168,
100,ĐỨC,,Puly đen cuộn cửa,NVL-PULY-DEN,ĐỨC AL70 (2 LỚP) - VK,CÁI,0.5,
101,ĐỨC,33.0,ĐỨC AL70 (1 lớp) - MSK,TP-AL70-1LOP THÔ,ĐỨC AL70 (1 LỚP) - MSK,M2,1.0,1242000.0
102,ĐỨC,,Lá đầu (kg) + Bộ 03 lá đáy (kg),NVL-LD-3LD,ĐỨC AL70 (1 LỚP) - MSK,KG/M2,0,
103,ĐỨC,,Lá ruột (kg) AL70 (1 LỚP) MSK,NVL-AL701LOPTHO,ĐỨC AL70 (1 LỚP) - MSK,KG/M2,0,
104,ĐỨC,,Ron đáy đức,RON-DD,ĐỨC AL70 (1 LỚP) - MSK,KG/M,0.117,
105,ĐỨC,,BỌ 1VIS AL70_1LOP,NVL-BO1VIS AL70_1LOP,ĐỨC AL70 (1 LỚP) - MSK,KG,0.066,
106,ĐỨC,,Vis,NVL-VIS,ĐỨC AL70 (1 LỚP) - MSK,KG,0.0341,
107,ĐỨC,,Puly đen cuộn cửa,NVL-PULY-DEN,ĐỨC AL70 (1 LỚP) - MSK,CÁI,0.5,
108,ĐỨC,34.0,ĐỨC AL71N - MSK,TP-TD-AL71N THÔ,ĐỨC AL71N - MSK,M2,1.0,1178000.0
109,ĐỨC,,Lá đầu (kg) + Bộ 03 lá đáy (kg),NVL-LD-3LD,ĐỨC AL71N - MSK,KG/M2,0,
110,ĐỨC,,Lá ruột (kg) AL71N MSK,NVL-TD-AL71NTHO,ĐỨC AL71N - MSK,KG/M2,0,
111,ĐỨC,,Ron đáy đức,RON-DD,ĐỨC AL71N - MSK,KG/M,0.117,
112,ĐỨC,,BỌ 1VIS AL71,NVL-BO1VIS AL71,ĐỨC AL71N - MSK,KG,0.1179,
113,ĐỨC,,Vis,NVL-VIS,ĐỨC AL71N - MSK,KG,0.0204,
114,ĐỨC,,Puly đen cuộn cửa,NVL-PULY-DEN,ĐỨC AL71N - MSK,CÁI,0.5,
115,ĐỨC,,Lông nheo nhỏ,NVL-PHOTLONG4X5,ĐỨC AL71N - MSK,M,6.0,
116,ĐỨC,35.0,ĐỨC AL71N - GS,TP-TD-AL71N GS,ĐỨC AL71N - GS,M2,1.0,1178000.0
117,ĐỨC,,Lá đầu (kg) + Bộ 03 lá đáy (kg),NVL-LD-3LD,ĐỨC AL71N - GS,KG/M2,0,
118,ĐỨC,,Lá ruột (kg) AL71N GS,NVL-TD-AL71N GS,ĐỨC AL71N - GS,KG/M2,0,
119,ĐỨC,,Ron đáy đức,RON-DD,ĐỨC AL71N - GS,KG/M,0.117,
120,ĐỨC,,BỌ 1VIS 503N-71-595,NVL-BO1VIS-503N-71-595,ĐỨC AL71N - GS,KG,0.1179,
121,ĐỨC,,Vis,NVL-VIS,ĐỨC AL71N - GS,KG,0.0204,
122,ĐỨC,,Puly đen cuộn cửa,NVL-PULY-DEN,ĐỨC AL71N - GS,CÁI,0.5,
123,ĐỨC,,Lông nheo nhỏ,NVL-PHOTLONG4X5,ĐỨC AL71N - GS,M,5.1,
124,ĐỨC,36.0,ĐỨC AL71N - VK,TP-TD-AL71N VK,ĐỨC AL71N - VK,M2,1.0,1178000.0
125,ĐỨC,,Lá đầu (kg) + Bộ 03 lá đáy (kg),NVL-LD-3LD,ĐỨC AL71N - VK,KG/M2,0,
126,ĐỨC,,Lá ruột (kg) AL71N VK,NVL-TD-AL71N VK,ĐỨC AL71N - VK,KG/M2,0,
127,ĐỨC,,Ron đáy đức,RON-DD,ĐỨC AL71N - VK,KG/M,0.117,
128,ĐỨC,,BỌ 1VIS 503N-71-595,NVL-BO1VIS-503N-71-595,ĐỨC AL71N - VK,KG,0.1179,
129,ĐỨC,,Vis,NVL-VIS,ĐỨC AL71N - VK,KG,0.0204,
130,ĐỨC,,Puly đen cuộn cửa,NVL-PULY-DEN,ĐỨC AL71N - VK,CÁI,0.5,
131,ĐỨC,,Lông nheo nhỏ,NVL-PHOTLONG4X5,ĐỨC AL71N - VK,M,5.1,
132,ĐỨC,37.0,ĐỨC AL503N VK,TP-TD-AL503N26 VK,ĐỨC AL503N - VK,M2,1.0,1295000.0
133,ĐỨC,,Lá đầu (kg) + Bộ 03 lá đáy (kg),NVL-LD-3LD,ĐỨC AL503N - VK,KG/M2,0,
134,ĐỨC,,Lá ruột (kg) AL503N VK,NVL-TD-AL503N26 VK,ĐỨC AL503N - VK,KG/M2,0,
135,ĐỨC,,Ron đáy đức,RON-DD,ĐỨC AL503N - VK,KG/M,0.117,
136,ĐỨC,,BỌ 1VIS 503N-71-595,NVL-BO1VIS-503N-71-595,ĐỨC AL503N - VK,KG,0.1198,
137,ĐỨC,,Vis,NVL-VIS,ĐỨC AL503N - VK,KG,0.022,
138,ĐỨC,,"Puly đen (cái)
",NVL-PULY-DEN,ĐỨC AL503N - VK,CÁI,0.5,
139,ĐỨC,,Lông nheo nhỏ,NVL-PHOTLONG4X5,ĐỨC AL503N - VK,M,5.1,
140,ĐỨC,38.0,ĐỨC AL503N GS,TP-TD-AL503N26 GS,ĐỨC AL503N - GS,M2,1.0,1295000.0
141,ĐỨC,,Lá đầu (kg) + Bộ 03 lá đáy (kg),NVL-LD-3LD,ĐỨC AL503N - GS,KG/M2,0,
142,ĐỨC,,Lá ruột (kg) AL503N GS,NVL-TD-AL503N26 GS,ĐỨC AL503N - GS,KG/M2,0,
143,ĐỨC,,Ron đáy đức,RON-DD,ĐỨC AL503N - GS,KG/M,0.117,
144,ĐỨC,,BỌ 1VIS 503N-71-595,NVL-BO1VIS-503N-71-595,ĐỨC AL503N - GS,KG,0.1198,
145,ĐỨC,,Vis,NVL-VIS,ĐỨC AL503N - GS,KG,0.022,
146,ĐỨC,,Puly đen cuộn cửa,NVL-PULY-DEN,ĐỨC AL503N - GS,CÁI,0.5,
147,ĐỨC,,Lông nheo nhỏ,NVL-PHOTLONG4X5,ĐỨC AL503N - GS,M,5.1,
148,ĐỨC,39.0,ĐỨC AL503N MSK,TP-TD-AL503N26 THO,ĐỨC AL503N - MSK,M2,1.0,1295000.0
149,ĐỨC,,Lá đầu (kg) + Bộ 03 lá đáy (kg),NVL-LD-3LD,ĐỨC AL503N - MSK,KG/M2,0,
150,ĐỨC,,Lá ruột (kg) AL503N MSK,NVL-TD-AL503N26THO,ĐỨC AL503N - MSK,KG/M2,0,
151,ĐỨC,,Ron đáy đức,RON-DD,ĐỨC AL503N - MSK,KG/M,0.117,
152,ĐỨC,,BỌ 1VIS 503N-71-595,NVL-BO1VIS-503N-71-595,ĐỨC AL503N - MSK,KG,0.1198,
153,ĐỨC,,Vis,NVL-VIS,ĐỨC AL503N - MSK,KG,0.022,
154,ĐỨC,,Puly đen cuộn cửa,NVL-PULY-DEN,ĐỨC AL503N - MSK,CÁI,0.5,
155,ĐỨC,,Lông nheo nhỏ,NVL-PHOTLONG4X5,ĐỨC AL503N - MSK,M,5.1,
156,ĐỨC,40.0,ĐỨC AL548N GS,TP-ALD-548N GS,ĐỨC AL548N - MSK,M2,1.0,1390000.0
157,ĐỨC,,Lá đầu (kg) + Bộ 03 lá đáy (kg),NVL-LD-3LD,ĐỨC AL548N - MSK,KG/M2,0,
158,ĐỨC,,Lá ruột (kg) AL548N GS,NVL-TD-AL548N GS,ĐỨC AL548N - MSK,KG/M2,0,
159,ĐỨC,,Ron đáy đức,RON-DD,ĐỨC AL548N - MSK,KG/M,0.117,
160,ĐỨC,,BỌ 2VIS AL50-VIP50-AL548-ST500,NVL-BO2VIS-AL50-VIP50-AL548-ST500,ĐỨC AL548N - MSK,KG,0.116,
161,ĐỨC,,Vis,NVL-VIS,ĐỨC AL548N - MSK,KG,0.0433,
162,ĐỨC,,Puly đen cuộn cửa,NVL-PULY-DEN,ĐỨC AL548N - MSK,CÁI,0.5,
163,ĐỨC,,Lông nheo nhỏ,NVL-PHOTLONG4X5,ĐỨC AL548N - MSK,M,6.2,
164,ĐỨC,41.0,ĐỨC AL548N MSK,TP-ALD-548N THO,ĐỨC AL548N - MSK,M2,1.0,1390000.0
165,ĐỨC,,Lá đầu (kg) + Bộ 03 lá đáy (kg),NVL-LD-3LD,ĐỨC AL548N - MSK,KG/M2,0,
166,ĐỨC,,Lá ruột (kg) AL548N MSK,NVL-TD-AL548NTHO,ĐỨC AL548N - MSK,KG/M2,0,
167,ĐỨC,,Ron đáy đức,RON-DD,ĐỨC AL548N - MSK,KG/M,0.117,
168,ĐỨC,,BỌ 2VIS AL50-VIP50-AL548-ST500,NVL-BO2VIS-AL50-VIP50-AL548-ST500,ĐỨC AL548N - MSK,KG,0.116,
169,ĐỨC,,Vis,NVL-VIS,ĐỨC AL548N - MSK,KG,0.0433,
170,ĐỨC,,Puly đen cuộn cửa,NVL-PULY-DEN,ĐỨC AL548N - MSK,CÁI,0.5,
171,ĐỨC,,Lông nheo nhỏ,NVL-PHOTLONG4X5,ĐỨC AL548N - MSK,M2,6.2,
172,ĐỨC,42.0,ĐỨC AL548N VK,TP-ALD-548N VK,ĐỨC AL548N - VK,M2,1.0,1390000.0
173,ĐỨC,,Lá đầu (kg) + Bộ 03 lá đáy (kg),NVL-LD-3LD,ĐỨC AL548N - VK,KG/M2,0,
174,ĐỨC,,Lá ruột (kg) AL548N VK,NVL-TD-AL548N VK,ĐỨC AL548N - VK,KG/M2,0,
175,ĐỨC,,Ron đáy đức,RON-DD,ĐỨC AL548N - VK,KG/M,0.117,
176,ĐỨC,,BỌ 2VIS AL50-VIP50-AL548-ST500,NVL-BO2VIS-AL50-VIP50-AL548-ST500,ĐỨC AL548N - VK,KG,0.116,
177,ĐỨC,,Vis,NVL-VIS,ĐỨC AL548N - VK,KG,0.0433,
178,ĐỨC,,Puly đen cuộn cửa,NVL-PULY-DEN,ĐỨC AL548N - VK,CÁI,0.5,
179,ĐỨC,,Lông nheo nhỏ,NVL-PHOTLONG4X5,ĐỨC AL548N - VK,M,6.2,
180,ĐỨC,43.0,ĐỨC AL501N VK,TP-TD-AL501N VK,ĐỨC AL501N- VK,M2,1.0,1471000.0
181,ĐỨC,,Lá đầu (kg) + Bộ 03 lá đáy (kg),NVL-LD-3LD,ĐỨC AL501N- VK,KG/M2,0,
182,ĐỨC,,Lá ruột (kg) AL501N VK,NVL-TD-AL501N VK,ĐỨC AL501N- VK,KG/M2,0,
183,ĐỨC,,Ron đáy đức,RON-DD,ĐỨC AL501N- VK,KG/M,0.117,
184,ĐỨC,,BỌ 2VIS 501-552,NVL-BO2VIS-501-552,ĐỨC AL501N- VK,KG,0.11,
185,ĐỨC,,Vis,NVL-VIS,ĐỨC AL501N- VK,KG,0.0409,
186,ĐỨC,,Puly đen cuộn cửa,NVL-PULY-DEN,ĐỨC AL501N- VK,CÁI,0.5,
187,ĐỨC,,Lông nheo nhỏ,NVL-PHOTLONG4X5,ĐỨC AL501N- VK,M,6.8,
188,ĐỨC,44.0,ĐỨC AL501N GS,TP-TD-AL501N GS,ĐỨC AL501N- GS,M2,1.0,1471000.0
189,ĐỨC,,Lá đầu (kg) + Bộ 03 lá đáy (kg),NVL-LD-3LD,ĐỨC AL501N- GS,KG/M2,0,
190,ĐỨC,,Lá ruột (kg) AL501N GS,NVL-TD-AL501N GS,ĐỨC AL501N- GS,KG/M2,0,
191,ĐỨC,,Ron đáy đức,RON-DD,ĐỨC AL501N- GS,KG/M,0.117,
192,ĐỨC,,BỌ 2VIS 501-552,NVL-BO2VIS-501-552,ĐỨC AL501N- GS,KG,0.11,
193,ĐỨC,,Vis,NVL-VIS,ĐỨC AL501N- GS,KG,0.0409,
194,ĐỨC,,Puly đen cuộn cửa,NVL-PULY-DEN,ĐỨC AL501N- GS,CÁI,0.5,
195,ĐỨC,,Lông nheo nhỏ,NVL-PHOTLONG4X5,ĐỨC AL501N- GS,M,6.8,
196,ĐỨC,45.0,ĐỨC AL501N MSK,TP-TD-AL501NTHO,ĐỨC AL501N- MSK,M2,1.0,1471000.0
197,ĐỨC,,Lá đầu (kg) + Bộ 03 lá đáy (kg),NVL-LD-3LD,ĐỨC AL501N- MSK,KG/M2,0,
198,ĐỨC,,Lá ruột (kg) AL501N MSK,NVL-TD-AL501N MSK,ĐỨC AL501N- MSK,KG/M2,0,
199,ĐỨC,,Ron đáy đức,RON-DD,ĐỨC AL501N- MSK,KG/M,0.117,
200,ĐỨC,,BỌ 2VIS 501-552,NVL-BO2VIS-501-552,ĐỨC AL501N- MSK,KG,0.11,
201,ĐỨC,,Vis,NVL-VIS,ĐỨC AL501N- MSK,KG,0.0409,
202,ĐỨC,,Puly đen cuộn cửa,NVL-PULY-DEN,ĐỨC AL501N- MSK,CÁI,0.5,
203,ĐỨC,,Lông nheo nhỏ,NVL-PHOTLONG4X5,ĐỨC AL501N- MSK,M,6.8,
204,ĐỨC,46.0,ĐỨC AL552N VK,TP-ALD-DL552 VK,ĐỨC AL552N- VK,M2,1.0,1666000.0
205,ĐỨC,,Lá đầu (kg) + Bộ 03 lá đáy (kg),NVL-LD-3LD,ĐỨC AL552N- VK,KG/M2,0,
206,ĐỨC,,Lá ruột (kg) AL552 VK,NVL-ALD-DL552 VK,ĐỨC AL552N- VK,KG/M2,0,
207,ĐỨC,,Ron đáy đức,RON-DD,ĐỨC AL552N- VK,KG/M,0.117,
208,ĐỨC,,BỌ 2VIS 501-552,NVL-BO2VIS-501-552,ĐỨC AL552N- VK,KG,0.11,
209,ĐỨC,,Vis,NVL-VIS,ĐỨC AL552N- VK,KG,0.0409,
210,ĐỨC,,Puly đen cuộn cửa,NVL-PULY-DEN,ĐỨC AL552N- VK,CÁI,0.5,
211,ĐỨC,,Lông nheo nhỏ,NVL-PHOTLONG4X5,ĐỨC AL552N- VK,M,6.8,
212,ĐỨC,47.0,ĐỨC AL552N MSK,TP-ALD-DL552 THO,ĐỨC AL552N- MSK,M2,1.0,1666000.0
213,ĐỨC,,Lá đầu (kg) + Bộ 03 lá đáy (kg),NVL-LD-3LD,ĐỨC AL552N- MSK,KG/M2,0,
214,ĐỨC,,Lá ruột (kg) AL552 MSK,NVL-ALD-DL552THO,ĐỨC AL552N- MSK,KG/M2,0,
215,ĐỨC,,Ron đáy đức,RON-DD,ĐỨC AL552N- MSK,KG/M,0.117,
216,ĐỨC,,BỌ 2VIS 501-552,NVL-BO2VIS-501-552,ĐỨC AL552N- MSK,KG,0.11,
217,ĐỨC,,Vis,NVL-VIS,ĐỨC AL552N- MSK,KG,0.0409,
218,ĐỨC,,Puly đen cuộn cửa,NVL-PULY-DEN,ĐỨC AL552N- MSK,CÁI,0.5,
219,ĐỨC,,Lông nheo nhỏ,NVL-PHOTLONG4X5,ĐỨC AL552N- MSK,M,6.8,
220,ĐỨC,48.0,ĐỨC AL552N GS,TP-ALD-DL552 GS,ĐỨC AL552N- GS,M2,1.0,1666000.0
221,ĐỨC,,Lá đầu (kg) + Bộ 03 lá đáy (kg),NVL-LD-3LD,ĐỨC AL552N- GS,KG/M2,0,
222,ĐỨC,,Lá ruột (kg) AL552 GS,NVL-ALD-DL552 GS,ĐỨC AL552N- GS,KG/M2,0,
223,ĐỨC,,Ron đáy đức,RON-DD,ĐỨC AL552N- GS,KG/M,0.117,
224,ĐỨC,,BỌ 2VIS 501-552,NVL-BO2VIS-501-552,ĐỨC AL552N- GS,KG,0.11,
225,ĐỨC,,Vis,NVL-VIS,ĐỨC AL552N- GS,KG,0.0409,
226,ĐỨC,,Puly đen cuộn cửa,NVL-PULY-DEN,ĐỨC AL552N- GS,CÁI,0.5,
227,ĐỨC,,Lông nheo nhỏ,NVL-PHOTLONG4X5,ĐỨC AL552N- GS,M,6.8,
228,ĐỨC,49.0,ĐỨC AL752N GS,TP-TD-AL752N GS,ĐỨC AL752N- GS,M2,1.0,1686000.0
229,ĐỨC,,Lá đầu (kg) + Bộ 03 lá đáy (kg),NVL-LD-3LD,ĐỨC AL752N- GS,KG/M2,0,
230,ĐỨC,,Lá ruột (kg) AL752 GS,NVL-ALD-DL752 GS,ĐỨC AL752N- GS,KG/M2,0,
231,ĐỨC,,Ron đáy đức,RON-DD,ĐỨC AL752N- GS,KG/M,0.117,
232,ĐỨC,,BỌ 2VIS 752-VIPST700,NVL-BO2VIS-752-VIPST700,ĐỨC AL752N- GS,KG,0.1107,
233,ĐỨC,,Vis,NVL-VIS,ĐỨC AL752N- GS,KG,0.0482,
234,ĐỨC,,Puly đen cuộn cửa,NVL-PULY-DEN,ĐỨC AL752N- GS,CÁI,0.5,
235,ĐỨC,,Lông nheo nhỏ,NVL-PHOTLONG4X5,ĐỨC AL752N- GS,M,6.0,
236,ĐỨC,50.0,ĐỨC AL752N VK,TP-TD-AL752N VK,ĐỨC AL752N- VK,M2,1.0,1686000.0
237,ĐỨC,,Lá đầu (kg) + Bộ 03 lá đáy (kg),NVL-LD-3LD,ĐỨC AL752N- VK,KG/M2,0,
238,ĐỨC,,Lá ruột (kg) AL752 VK,NVL-ALD-DL752 VK,ĐỨC AL752N- VK,KG/M2,0,
239,ĐỨC,,Ron đáy đức,RON-DD,ĐỨC AL752N- VK,KG/M,0.117,
240,ĐỨC,,BỌ 2VIS 752-VIPST700,NVL-BO2VIS-752-VIPST700,ĐỨC AL752N- VK,KG,0.1107,
241,ĐỨC,,Vis,NVL-VIS,ĐỨC AL752N- VK,KG,0.0482,
242,ĐỨC,,Puly đen cuộn cửa,NVL-PULY-DEN,ĐỨC AL752N- VK,CÁI,0.5,
243,ĐỨC,,Lông nheo nhỏ,NVL-PHOTLONG4X5,ĐỨC AL752N- VK,M,6.0,
244,ĐỨC,51.0,ĐỨC AL752N MSK,TP-TD-AL752N THO,ĐỨC AL752N- MSK,M2,1.0,1686000.0
245,ĐỨC,,Lá đầu (kg) + Bộ 03 lá đáy (kg),NVL-LD-3LD,ĐỨC AL752N- MSK,KG/M2,0,
246,ĐỨC,,Lá ruột (kg) AL752 MSK,NVL-ALD-DL752THO,ĐỨC AL752N- MSK,KG/M2,0,
247,ĐỨC,,Ron đáy đức,RON-DD,ĐỨC AL752N- MSK,KG/M,0.117,
248,ĐỨC,,BỌ 2VIS 752-VIPST700,NVL-BO2VIS-752-VIPST700,ĐỨC AL752N- MSK,KG,0.1107,
249,ĐỨC,,Vis,NVL-VIS,ĐỨC AL752N- MSK,KG,0.0482,
250,ĐỨC,,Puly đen cuộn cửa,NVL-PULY-DEN,ĐỨC AL752N- MSK,CÁI,0.5,
251,ĐỨC,,Lông nheo nhỏ,NVL-PHOTLONG4X5,ĐỨC AL752N- MSK,M,6.0,
252,ĐỨC,52.0,ĐỨC AL652 MSK,TP-TD-AL652N THO,ĐỨC AL652- MSK,M2,1.0,1548000.0
253,ĐỨC,,Lá đầu (kg) + Bộ 03 lá đáy (kg),NVL-LD-3LD,ĐỨC AL652- MSK,KG/M2,0,
254,ĐỨC,,Lá ruột (kg) AL652 MSK,NVL-ALD-DL652THO,ĐỨC AL652- MSK,KG/M2,0,
255,ĐỨC,,Ron đáy đức,RON-DD,ĐỨC AL652- MSK,KG/M,0.117,
256,ĐỨC,,BỌ 2VIS 548C-501C-AL652,NVL-BO2VIS-548C-501C-AL652,ĐỨC AL652- MSK,KG,0.1168,
257,ĐỨC,,Vis,NVL-VIS,ĐỨC AL652- MSK,KG,0.0482,
258,ĐỨC,,Puly đen cuộn cửa,NVL-PULY-DEN,ĐỨC AL652- MSK,CÁI,0.5,
259,ĐỨC,,Lông nheo nhỏ,NVL-PHOTLONG5X6,ĐỨC AL652- MSK,M,4.6,
260,ĐỨC,53.0,ĐỨC AL652 GS,TP-TD-AL652 GS,"ĐỨC AL652- GS
",M2,1.0,1548000.0
261,ĐỨC,,Lá đầu (kg) + Bộ 03 lá đáy (kg),NVL-LD-3LD,ĐỨC AL652- GS,KG/M2,0,
262,ĐỨC,,Lá ruột (kg) AL652 GS,NVL-ALD-DL652GS,ĐỨC AL652- GS,KG/M2,0,
263,ĐỨC,,Ron đáy đức,RON-DD,ĐỨC AL652- GS,KG/M,0.117,
264,ĐỨC,,BỌ 2VIS 548C-501C-AL652,NVL-BO2VIS-548C-501C-AL652,ĐỨC AL652- GS,KG,0.1168,
265,ĐỨC,,Vis,NVL-VIS,ĐỨC AL652- GS,KG,0.0482,
266,ĐỨC,,Puly đen cuộn cửa,NVL-PULY-DEN,ĐỨC AL652- GS,CÁI,0.5,
267,ĐỨC,,Lông nheo nhỏ,NVL-PHOTLONG5X6,ĐỨC AL652- GS,M,4.6,
268,ĐỨC,54.0,ĐỨC AL652 VK,TP-TD-AL652 VK,ĐỨC AL652- VK,M2,1.0,1548000.0
269,ĐỨC,,Lá đầu (kg) + Bộ 03 lá đáy (kg),NVL-LD-3LD,ĐỨC AL652- VK,KG/M2,0,
270,ĐỨC,,Lá ruột (kg) AL652 VK,NVL-ALD-DL652VK,ĐỨC AL652- VK,KG/M2,0,
271,ĐỨC,,Ron đáy đức,RON-DD,ĐỨC AL652- VK,KG/M,0.117,
272,ĐỨC,,BỌ 2VIS 548C-501C-AL652,NVL-BO2VIS-548C-501C-AL652,ĐỨC AL652- VK,KG,0.1168,
273,ĐỨC,,Vis,NVL-VIS,ĐỨC AL652- VK,KG,0.0482,
274,ĐỨC,,Puly đen cuộn cửa,NVL-PULY-DEN,ĐỨC AL652- VK,CÁI,0.5,
275,ĐỨC,,Lông nheo nhỏ,NVL-PHOTLONG5X6,ĐỨC AL652- VK,M,4.6,
276,ĐỨC,55.0,ĐỨC AL50 MSK,TP-TD-AL50 THO,ĐỨC AL50- MSK,M2,1.0,1815000.0
277,ĐỨC,,Lá đầu (kg) + Bộ 03 lá đáy (kg),NVL-LD-3LD,ĐỨC AL50- MSK,KG/M2,0,
278,ĐỨC,,Lá ruột (kg) AL50 MSK,NVL-ALD-DL50THO,ĐỨC AL50- MSK,KG/M2,0,
279,ĐỨC,,Ron đáy đức,RON-DD,ĐỨC AL50- MSK,KG/M,0.117,
280,ĐỨC,,BỌ 2VIS AL50-VIP50-AL548-ST500,NVL-BO2VIS-AL50-VIP50-AL548-ST500,ĐỨC AL50- MSK,KG,0.116,
281,ĐỨC,,Vis,NVL-VIS,ĐỨC AL50- MSK,KG,0.0433,
282,ĐỨC,,Puly đen cuộn cửa,NVL-PULY-DEN,ĐỨC AL50- MSK,CÁI,0.5,
283,ĐỨC,,Lông nheo nhỏ,NVL-PHOTLONG5X6,ĐỨC AL50- MSK,M,4.6,
284,ĐỨC,56.0,ĐỨC AL50 GS,TP-TD-AL50 GS,ĐỨC AL50- GS,M2,1.0,1815000.0
285,ĐỨC,,Lá đầu (kg) + Bộ 03 lá đáy (kg),NVL-LD-3LD,ĐỨC AL50- GS,KG/M2,0,
286,ĐỨC,,Lá ruột (kg) AL50 GS,NVL-ALD-DL50GS,ĐỨC AL50- GS,KG/M2,0,
287,ĐỨC,,Ron đáy đức,RON-DD,ĐỨC AL50- GS,KG/M,0.117,
288,ĐỨC,,BỌ 2VIS AL50-VIP50-AL548-ST500,NVL-BO2VIS-AL50-VIP50-AL548-ST500,ĐỨC AL50- GS,KG,0.116,
289,ĐỨC,,Vis,NVL-VIS,ĐỨC AL50- GS,KG,0.0433,
290,ĐỨC,,Puly đen cuộn cửa,NVL-PULY-DEN,ĐỨC AL50- GS,CÁI,0.5,
291,ĐỨC,,Lông nheo nhỏ,NVL-PHOTLONG5X6,ĐỨC AL50- GS,M,6.5,
292,ĐỨC,57.0,ĐỨC AL50 VK,TP-TD-AL50 VK,ĐỨC AL50- VK,M2,1.0,1815000.0
293,ĐỨC,,Lá đầu (kg) + Bộ 03 lá đáy (kg),NVL-LD-3LD,ĐỨC AL50- VK,KG/M2,0,
294,ĐỨC,,Lá ruột (kg) AL652 VK,NVL-ALD-DL50VK,ĐỨC AL50- VK,KG/M2,0,
295,ĐỨC,,Ron đáy đức,RON-DD,ĐỨC AL50- VK,KG/M,0.117,
296,ĐỨC,,BỌ 2VIS AL50-VIP50-AL548-ST500,NVL-BO2VIS-AL50-VIP50-AL548-ST500,ĐỨC AL50- VK,KG,0.116,
297,ĐỨC,,Vis,NVL-VIS,ĐỨC AL50- VK,KG,0.0433,
298,ĐỨC,,Puly đen cuộn cửa,NVL-PULY-DEN,ĐỨC AL50- VK,CÁI,0.5,
299,ĐỨC,,Lông nheo nhỏ,NVL-PHOTLONG5X6,ĐỨC AL50- VK,M,6.5,
300,ĐỨC,58.0,ĐỨC AL-VIP50 GS,TP-ALVIP50 GS,ĐỨC AL-VIP50- GS,M2,1.0,1912000.0
301,ĐỨC,,Lá đầu (kg) + Bộ 03 lá đáy (kg),NVL-LD-3LD,ĐỨC AL-VIP50- GS,KG/M2,0,
302,ĐỨC,,Lá ruột (kg) ALVIP50 GS,NVL-VIP50GS,ĐỨC AL-VIP50- GS,KG/M2,0,
303,ĐỨC,,Ron đáy đức,RON-DD,ĐỨC AL-VIP50- GS,KG/M,0.117,
304,ĐỨC,,BỌ 2VIS AL50-VIP50-AL548-ST500,NVL-BO2VIS-AL50-VIP50-AL548-ST500,ĐỨC AL-VIP50- GS,KG,0.116,
305,ĐỨC,,Vis,NVL-VIS,ĐỨC AL-VIP50- GS,KG,0.0433,
306,ĐỨC,,Puly đen cuộn cửa,NVL-PULY-DEN,ĐỨC AL-VIP50- GS,CÁI,0.5,
307,ĐỨC,,Lông nheo nhỏ,NVL-PHOTLONG5X6,ĐỨC AL-VIP50- GS,M,6.5,
308,ĐỨC,59.0,ĐỨC AL-VIP50 MSK,TP-ALVIP50 THO,ĐỨC AL-VIP50- MSK,M2,1.0,1912000.0
309,ĐỨC,,Lá đầu (kg) + Bộ 03 lá đáy (kg),NVL-LD-3LD,ĐỨC AL-VIP50- MSK,KG/M2,0,
310,ĐỨC,,Lá ruột (kg) ALVIP50 MSK,NVL-VIP50THO,ĐỨC AL-VIP50- MSK,KG/M2,0,
311,ĐỨC,,Ron đáy đức,RON-DD,ĐỨC AL-VIP50- MSK,KG/M,0.117,
312,ĐỨC,,BỌ 2VIS AL50-VIP50-AL548-ST500,NVL-BO2VIS-AL50-VIP50-AL548-ST500,ĐỨC AL-VIP50- MSK,KG,0.116,
313,ĐỨC,,Vis,NVL-VIS,ĐỨC AL-VIP50- MSK,KG,0.0433,
314,ĐỨC,,Puly đen cuộn cửa,NVL-PULY-DEN,ĐỨC AL-VIP50- MSK,CÁI,0.5,
315,ĐỨC,,Lông nheo nhỏ,NVL-PHOTLONG5X6,ĐỨC AL-VIP50- MSK,M,6.5,
316,ĐỨC,60.0,ĐỨC AL-VIPST500 MSK,TP-ALVIPST500 THO,ĐỨC AL-VIPST500- MSK,M2,1.0,2268000.0
317,ĐỨC,,Lá đầu (kg) + Bộ 03 lá đáy (kg),NVL-LD-3LD,ĐỨC AL-VIPST500- MSK,KG/M2,0,
318,ĐỨC,,Lá ruột (kg) ALVIPST500 MSK,NVL-VIPST500THO,ĐỨC AL-VIPST500- MSK,KG/M2,0,
319,ĐỨC,,Ron đáy đức,RON-DD,ĐỨC AL-VIPST500- MSK,KG/M,0.117,
320,ĐỨC,,BỌ 2VIS AL50-VIP50-AL548-ST500,NVL-BO2VIS-AL50-VIP50-AL548-ST500,ĐỨC AL-VIPST500- MSK,KG,0.116,
321,ĐỨC,,Vis,NVL-VIS,ĐỨC AL-VIPST500- MSK,KG,0.0433,
322,ĐỨC,,Puly đen cuộn cửa,NVL-PULY-DEN,ĐỨC AL-VIPST500- MSK,CÁI,0.5,
323,ĐỨC,,Lông nheo nhỏ,NVL-PHOTLONG5X6,ĐỨC AL-VIPST500- MSK,M,6.5,
324,ĐỨC,61.0,ĐỨC AL-VIPST700 MSK,TP-ALVIPST700 THO,ĐỨC AL-VIPST700- MSK,M2,1.0,2392000.0
325,ĐỨC,,Lá đầu (kg) + Bộ 03 lá đáy (kg),NVL-LD-3LD,ĐỨC AL-VIPST700- MSK,KG/M2,0,
326,ĐỨC,,Lá ruột (kg) ALVIPST700 MSK,NVL-VIPST700THO,ĐỨC AL-VIPST700- MSK,KG/M2,0,
327,ĐỨC,,Ron đáy đức,RON-DD,ĐỨC AL-VIPST700- MSK,KG/M,0.117,
328,ĐỨC,,BỌ 2VIS 752-VIPST700,NVL-BO2VIS-752-VIPST700,ĐỨC AL-VIPST700- MSK,KG,0.1107,
329,ĐỨC,,Vis,NVL-VIS,ĐỨC AL-VIPST700- MSK,KG,0.0482,
330,ĐỨC,,Puly đen cuộn cửa,NVL-PULY-DEN,ĐỨC AL-VIPST700- MSK,CÁI,0.5,
331,ĐỨC,,Lông nheo nhỏ,NVL-PHOTLONG5X6,ĐỨC AL-VIPST700- MSK,M,6.5,
332,ĐỨC,62.0,TP BỌ 2VIS 752-VIPST700,TP-BO 2VIS 752-VIPST700,BỌ 2VIS 752-VIPST700,CON,1.0,2500.0
333,ĐỨC,,BỌ 2VIS 752-VIPST700,NVL-BO2VIS-752-VIPST700,BỌ 2VIS 752-VIPST700,KG,0.0005,
334,ĐỨC,,Vis,NVL-VIS,BỌ 2VIS 752-VIPST700,KG,0.001125,
335,ĐỨC,63.0,TP BỌ 1 VIS-AL702LOP,TP-BO 1VIS AL702LOP,BỌ 1 VIS-AL702LOP,CON,1.0,1500.0
336,ĐỨC,,BỌ 1VIS AL70,NVL-BO1VIS AL70,BỌ 1 VIS-AL702LOP,KG,0.000662,
337,ĐỨC,,Vis,NVL-VIS,BỌ 1 VIS-AL702LOP,KG,0.0012,
338,ĐỨC,64.0,TP BỌ 1 VIS-AL701LOP,TP-BO 1VIS AL701LOP,BỌ 1 VIS-AL701LOP,CON,1.0,1500.0
339,BỌ ,,BỌ 1VIS AL70_1LOP,NVL-BO1VIS AL70_1LOP,BỌ 1 VIS-AL701LOP,KG,0.0047,
340,BỌ ,,Vis,NVL-VIS,BỌ 1 VIS-AL701LOP,KG,0.00243,
341,ĐỨC,65.0,TP BỌ 1VIS-AL75,TP-BO 1VIS AL75,BỌ 1VIS-AL75,CON,1.0,1500.0
342,ĐỨC,,BỌ 1VIS AL75,NVL-BO1VIS AL75,BỌ 1VIS-AL75,KG,0.0038,
343,ĐỨC,,Vis,NVL-VIS,BỌ 1VIS-AL75,KG,0.0012,
344,ĐỨC,66.0,TP BỌ 2VIS-AL50-VIP50-AL548-ST500,TP-BO 2VIS AL50-VIP50-AL548-ST500,BỌ 2VIS-AL50-VIP50-AL548-ST500,CON,1.0,2500.0
345,ĐỨC,,BỌ 2VIS AL50-VIP50-AL548-ST500,NVL-BO2VIS-AL50-VIP50-AL548-ST500,BỌ 2VIS-AL50-VIP50-AL548-ST500,KG,0.006,
346,ĐỨC,,Vis,NVL-VIS,BỌ 2VIS-AL50-VIP50-AL548-ST500,KG,0.0012,
347,ĐỨC,67.0,TP BỌ 1VIS_AL503C,TP-BO 1VIS AL503C,BỌ 1VIS_AL503C,CON,1.0,1500.0
348,ĐỨC,,BỌ 1VIS-AL503C,NVL-BO1VIS-AL503C,BỌ 1VIS_AL503C,KG,0.01,
349,ĐỨC,,Vis,NVL-VIS,BỌ 1VIS_AL503C,KG,0.004,
350,ĐỨC,68.0,TP BỌ 1VIS 503N-71-595,TP-BO 1VIS 503N-71-595,BỌ 1VIS 503N-71-595,CON,1.0,1500.0
351,ĐỨC,,BỌ 1VIS 503N-71-595,NVL-BO1VIS-503N-71-595,BỌ 1VIS 503N-71-595,KG,0.089,
352,ĐỨC,,Vis,NVL-VIS,BỌ 1VIS 503N-71-595,KG,0.0204,
353,ĐỨC,69.0,TP BỌ 2VIS-501-552,TP-BO 2VIS-501-552,BỌ 2VIS-501-552,CON,1.0,2500.0
354,ĐỨC,,BỌ 2VIS 501-552,NVL-BO2VIS-501-552,BỌ 2VIS-501-552,KG,0.0064,
355,ĐỨC,,Vis,NVL-VIS,BỌ 2VIS-501-552,KG,0.0012,
356,ĐỨC,70.0,TP BỌ 2VIS-652-548C,TP-BO 2VIS-652-548C,BỌ 2VIS-652-548C,CON,1.0,2500.0
357,ĐỨC,,BỌ 2VIS 548C-501C-AL652,NVL-BO2VIS-548C-501C-AL652,BỌ 2VIS-652-548C,KG,0.00584,
358,ĐỨC,,Vis,NVL-VIS,BỌ 2VIS-652-548C,KG,0.0012,
359,ĐỨC,71.0,ĐỨC AL75 MSK,TP-AL75 THO,ĐỨC AL75- MSK,M2,1.0,1403000.0
360,ĐỨC,,Lá đầu (kg) + Bộ 03 lá đáy (kg),NVL-LD-3LD,ĐỨC AL75- MSK,KG/M2,0,
361,ĐỨC,,Lá ruột (kg) AL75 MSK,NVL-AL75THO,ĐỨC AL75- MSK,KG/M2,0,
362,ĐỨC,,Ron đáy đức,RON-DD,ĐỨC AL75- MSK,KG/M,0.117,
363,ĐỨC,,BỌ 1VIS AL75,NVL-BO1VIS AL75,ĐỨC AL75- MSK,KG,0.1169,
364,ĐỨC,,Vis,NVL-VIS,ĐỨC AL75- MSK,KG,0.0362,
365,ĐỨC,,Puly đen cuộn cửa,NVL-PULY-DEN,ĐỨC AL75- MSK,CÁI,0.5,
366,ĐỨC,,Lông nheo nhỏ,NVL-PHOTLONG4X5,ĐỨC AL752N- GS,M,4.6,
367,ĐỨC,72.0,ĐỨC AL75 VK,TP-AL75 VK,ĐỨC AL75- VK,M2,1.0,1403000.0
368,ĐỨC,,Lá đầu (kg) + Bộ 03 lá đáy (kg),NVL-LD-3LD,ĐỨC AL75- VK,KG/M2,0,
369,ĐỨC,,Lá ruột (kg) AL75 VK,NVL-AL75VK,ĐỨC AL75- VK,KG/M2,0,
370,ĐỨC,,Ron đáy đức,RON-DD,ĐỨC AL75- VK,KG/M,0.117,
371,ĐỨC,,BỌ 1VIS AL75,NVL-BO1VIS AL75,ĐỨC AL75- VK,KG,0.1169,
372,ĐỨC,,Vis,NVL-VIS,ĐỨC AL75- VK,KG,0.0362,
373,ĐỨC,,Puly đen cuộn cửa,NVL-PULY-DEN,ĐỨC AL75- VK,CÁI,0.5,
374,ĐỨC,,Lông nheo nhỏ,NVL-PHOTLONG4X5,ĐỨC AL75- VK,M,4.6,
375,ĐỨC,73.0,ĐỨC AL75 GS,TP-AL75 GS,ĐỨC AL75- GS,M2,1.0,1403000.0
376,ĐỨC,,Lá đầu (kg) + Bộ 03 lá đáy (kg),NVL-LD-3LD,ĐỨC AL75- GS,KG/M2,0,
377,ĐỨC,,Lá ruột (kg) AL75 GS,NVL-AL75 GS ,ĐỨC AL75- GS,KG/M2,0,
378,ĐỨC,,Ron đáy đức,RON-DD,ĐỨC AL75- GS,KG/M,0.117,
379,ĐỨC,,BỌ 1VIS AL75,NVL-BO1VIS AL75,ĐỨC AL75- GS,KG,0.1169,
380,ĐỨC,,Vis,NVL-VIS,ĐỨC AL75- GS,KG,0.0362,
381,ĐỨC,,Puly đen cuộn cửa,NVL-PULY-DEN,ĐỨC AL75- GS,CÁI,0.5,
382,ĐỨC,,Lông nheo nhỏ,NVL-PHOTLONG4X5,ĐỨC AL75- GS,M,4.6,
383,MOTOR,74.0,MOTOR TANKER 400KG,TP-MT-TANKER400KG,MOTOR TANKER 400KG,BỘ,1.0,1750000.0
384,MOTOR,,TANKER_Thân 400KG,TP-Tanker-Than400kg,MOTOR TANKER 400KG,cái,1.0,
385,MOTOR,,TANKER_ALUMAX_LẮC 33,TP-Tanker-Alumax-Lac33,MOTOR TANKER 400KG,cái,0.0,
386,MOTOR,,PHỤ THU-TANKER_ALUMAX_LẮC 36,TP-Tanker-Alumax-Lac36,TP-Tanker-Alumax-Lac36,cái,0.0,50000.0
387,MOTOR,,TANKER_ALUMAX_HopDK,TP-Tanker-Alumax-HDK,MOTOR TANKER 400KG,cái,1.0,
388,MOTOR,,TANKER_ALUMAX_TayDK,TP-Tanker-Alumax_TayDK,MOTOR TANKER 400KG,cái,2.0,
389,MOTOR,,TANKER_Phimamtuongcoday,TP-TANKER_PATCD,MOTOR TANKER 400KG,Bộ,1.0,
390,MOTOR,75.0,TANKER_ALUMAX_LẮC 33,TP-Tanker-Alumax-Lac33,LẮC TANKER_ALUMAX 33,cái,1.0,450000.0
391,LẮC TANKER_ALUMAX 36,76.0,TANKER_ALUMAX_LẮC 36,TP-Tanker-Alumax-Lac36,LẮC TANKER_ALUMAX 36,cái,1.0,500000.0
392,MOTOR,77.0,TP-TANKER_LẮC 800&1000KG,TP-Tanker-Lac800&1000KG,LẮC TANKER_800-1000KG,cái,1.0,600000.0
393,MOTOR,78.0,TP-YHLD_LẮC YHLD300&500KG,TP-LacYHLD300&500KG,LẮC YH 300_500KG,cái,1.0,650000.0
394,MOTOR,79.0,TP-YHLD_ LẮC YHLD800&1000KG,TP-LacYHLD800&1000KG,LẮC YH 800_1000KG,cái,1.0,750000.0
395,MOTOR,80.0,TP-YHLD_BỘ ĐIỀU KHIỂN,TP-YHLD-BDK,BỘ ĐIỀU KHIỂN YHLD,Bộ,1.0,
396,MOTOR,,YHLD_HopDK,TP-YHLD-HDK,BỘ ĐIỀU KHIỂN YHLD,cái,1.0,
397,MOTOR,,YHLD_TayDK,TP-YHLD_TayDK,BỘ ĐIỀU KHIỂN YHLD,cái,2.0,
398,,80.0,TP-YHLD_HỘP ĐIỀU KHIỂN,TP-YHLD-HDK,HỘP ĐIỀU KHIỂN YHLD,,,
399,,81.0,TP-YHLD-TAY ĐIỀU KHIỂN,TP-YHLD_TayDK,YHLD TAY ĐIỀU KHIỂN,,,180000.0
400,MOTOR,80.0,NHÔNG MOTOR TANKER,NVL_Tanker-nhong,NHÔNG MOTOR TANKER,cái,1.0,70000.0
401,MOTOR,81.0,LÔNG ĐỀN,NVL_Longden,LÔNG ĐỀN,cái,1.0,50000.0
402,MOTOR,82.0,HOA KHẾ (3 CHẤU),NVL_Hoakhe,HOA KHẾ (3 CHẤU),cái,1.0,50000.0
403,MOTOR,83.0,CỐT,NVL_Cot,CỐT,cây,1.0,80000.0
404,MOTOR,84.0,BẠC ĐẠN + NẮP CHỤP,NVL_Napchup+Bacdan,BẠC ĐẠN + NẮP CHỤP,Bộ,1.0,100000.0
405,MOTOR,85.0,TANKER_ALUMAX_ KHÔNG LẮC,TRU-TP_KHONGLAC_TANKER-ALUMAX,TANKER_ALUMAX KHÔNG LẮC 33,Bộ,1.0,-350000.0
406,MOTOR,86.0,TANKER_ALUMAX_ KHÔNG BỘ ĐIỀU KHIỂN,TRU-TP_KHONGBDK_TANKER-ALUMAX,TANKER_ALUMAX KHÔNG BỘ ĐIỀU KHIỂN,Bộ,1.0,-100000.0
407,MOTOR,,TANKER_ALUMAX_HopDK,TP-Tanker-Alumax-HDK,TANKER_ALUMAX_KHÔNG BỘ ĐIỀU KHIỂN,cái,1.0,
408,,,TANKER_ALUMAX_TayDK,TP-Tanker-Alumax_TayDK,TANKER_ALUMAX_KHÔNG BỘ ĐIỀU KHIỂN,cái,2.0,
409,MOTOR,87.0,TANKER_ALUMAX_KHÔNG BỘ ĐIỀU KHIỂN+KHÔNG LẮC,TRU-TP_KHONGBDK_TANKER-ALUMAX,"TANKER_ALUMAX KHÔNG BỘ ĐIỀU KHIỂN,KHÔNG LẮC",Bộ,1.0,-500000.0
410,MOTOR,,TANKER_ALUMAX_HopDK,TP-Tanker-Alumax-HDK,TANKER_ALUMAX_KHÔNG BỘ ĐIỀU KHIỂN+KHÔNG LẮC,cái,1.0,
411,MOTOR,,TANKER_ALUMAX_TayDK,TP-Tanker-Alumax_TayDK,TANKER_ALUMAX_KHÔNG BỘ ĐIỀU KHIỂN+KHÔNG LẮC,cái,2.0,
412,MOTOR,,TANKER_ALUMAX_KHÔNG LẮC 33,TRU-TP_KHONGLAC_TANKER-ALUMAX,TANKER_ALUMAX_KHÔNG BỘ ĐIỀU KHIỂN+KHÔNG LẮC,cái,1.0,
413,MOTOR,88.0,BỘ ĐIỀU KHIỂN TANKER_ALUMAX,TP-BDK-TANKER-ALUMAX,BỘ ĐIỀU KHIỂN TANKER_ALUMAX,BỘ,1.0,270000.0
414,MOTOR,,TANKER_ALUMAX_HopDK,TP-Tanker-Alumax-HDK,BỘ ĐIỀU KHIỂN TANKER_ALUMAX,cái,1.0,
415,MOTOR,,TANKER_ALUMAX_TayDK,TP-Tanker-Alumax_TayDK,BỘ ĐIỀU KHIỂN TANKER_ALUMAX,cái,2.0,
416,MOTOR,89.0,MOTOR YHLD 300KG,TP-MT-YHLD300KG,MOTOR YHLD 300KG,BỘ,1.0,2750000.0
417,MOTOR,,YHLD_Thân 300KG,TP-YHLD-Than300kg,MOTOR YHLD 300KG,cái,1.0,
418,MOTOR,,YHLD_LacYHLD300&500KG,TP-LacYHLD300&500KG,MOTOR YHLD 300KG,cái,1.0,
419,MOTOR,,YHLD_HopDK,TP-YHLD-HDK,MOTOR YHLD 300KG,cái,1.0,
420,MOTOR,,YHLD_TayDK,TP-YHLD_TayDK,MOTOR YHLD 300KG,cái,2.0,
421,MOTOR,,YHLD_Phimamtuongcoday,TP_YHLD_PATCD,MOTOR YHLD 300KG,cái,1.0,
422,MOTOR,90.0,MOTOR YHLD 500KG,TP-MT-YHLD500KG,MOTOR YHLD 500KG,BỘ,1.0,2850000.0
423,MOTOR,,YHLD_Thân 500KG,TP-YHLD-Than500kg,MOTOR YHLD 500KG,cái,1.0,
424,MOTOR,,YHLD_LacYHLD300&500KG,TP-LacYHLD300&500KG,MOTOR YHLD 500KG,cái,1.0,
425,MOTOR,,YHLD_HopDK,TP-YHLD-HDK,MOTOR YHLD 500KG,cái,1.0,
426,MOTOR,,YHLD_TayDK,TP-YHLD_TayDK,MOTOR YHLD 500KG,cái,2.0,
427,MOTOR,,YHLD_Phimamtuongcoday,TP_YHLD_PATCD,MOTOR YHLD 500KG,cái,1.0,
428,MOTOR,92.0,YHLD_KHÔNG LẮC,TRU-TP_KHONGLAC_YHLD,YHLD_KHÔNG LẮC,cái,1.0,-300000.0
429,MOTOR,93.0,YHLD_KHÔNG BỘ ĐIỀU KHIỂN,TRU-TP_KHONGBDK_TANKER-ALUMAX,YHLD KHÔNG BỘ ĐIỀU KHIỂN,Bộ,1.0,-150000.0
430,MOTOR,,YHLD_HopDK,TP-YHLD-HDK,YHLD KHÔNG BỘ ĐIỀU KHIỂN,cái,1.0,
431,MOTOR,,YHLD_TayDK,TP-YHLD_TayDK,YHLD KHÔNG BỘ ĐIỀU KHIỂN,cái,2.0,
432,MOTOR,94.0,YHLD_KHÔNG BỘ ĐIỀU KHIỂN+KHÔNG LẮC,TRU-TP_KHONGBDK_KHONGLAC_YHLD,"YHLD KHÔNG BỘ ĐIỀU KHIỂN,KHÔNG LẮC",Bộ,1.0,-600000.0
433,MOTOR,,YHLD_HopDK,TP-YHLD-HDK,"YHLD KHÔNG BỘ ĐIỀU KHIỂN,KHÔNG LẮC",cái,1.0,
434,MOTOR,,YHLD_TayDK,TP-YHLD_TayDK,"YHLD KHÔNG BỘ ĐIỀU KHIỂN,KHÔNG LẮC",cái,2.0,
435,MOTOR,,YHLD_KHÔNG LẮC,TRU-TP_KHONGLAC_YHLD,"YHLD KHÔNG BỘ ĐIỀU KHIỂN,KHÔNG LẮC",cái,1.0,
436,MOTOR,95.0,MOTOR YHLD 800KG,TP-MT-YHLD800KG,MOTOR YHLD 800KG,BỘ,1.0,5900000.0
437,MOTOR,,YHLD_Thân 800KG,TP-YHLD-Than800kg,MOTOR YHLD 800KG,cái,1.0,
438,MOTOR,,YHLD_LacYHLD800&1000KG,TP-LacYHLD800&1000KG,MOTOR YHLD 800KG,cái,1.0,
439,MOTOR,,YHLD_HopDK,TP-YHLD-HDK,MOTOR YHLD 800KG,cái,1.0,
440,MOTOR,,YHLD_TayDK,TP-YHLD_TayDK,MOTOR YHLD 800KG,cái,2.0,
441,MOTOR,,YHLD_Phimamtuongcoday,TP_YHLD_PATCD,MOTOR YHLD 800KG,cái,1.0,
442,MOTOR,96.0,MOTOR YHLD 1000KG,TP-MT-YHLD1000KG,MOTOR YHLD 1000KG,BỘ,1.0,7000000.0
443,MOTOR,,YHLD_Thân 1000KG,TP-YHLD-Than1000kg,MOTOR YHLD 1000KG,cái,1.0,
444,MOTOR,,YHLD_LacYHLD800&1000KG,TP-LacYHLD800&1000KG,MOTOR YHLD 1000KG,cái,1.0,
445,MOTOR,,YHLD_HopDK,TP-YHLD-HDK,MOTOR YHLD 1000KG,cái,1.0,
446,MOTOR,,YHLD_TayDK,TP-YHLD_TayDK,MOTOR YHLD 1000KG,cái,2.0,
447,MOTOR,,YHLD_Phimamtuongcoday,TP_YHLD_PATCD,MOTOR YHLD 1000KG,cái,1.0,
448,MOTOR,97.0,MOTOR JG 300KG,TP-MT-JG300KG,MOTOR JG 300KG,BỘ,1.0,3650000.0
449,MOTOR,,JG_Thân 300KG,TP-JG-Than300kg,MOTOR JG 300KG,cái,1.0,
450,MOTOR,,JG_LacJG33,TP-LacJG33,MOTOR JG 300KG,cái,1.0,
451,MOTOR,,JG_HopDK,TP-JG-HDK,MOTOR JG 300KG,cái,1.0,
452,MOTOR,,JG_TayDK,TP-JG_TayDK,MOTOR JG 300KG,cái,2.0,
453,MOTOR,,JG_Phimamtuongcoday,TP_JG_PATCD,MOTOR JG 300KG,cái,1.0,
454,MOTOR,98.0,MOTOR JG 400KG,TP-MT-JG400KG,MOTOR JG 400KG,BỘ,1.0,4150000.0
455,MOTOR,,JG_Thân 400KG,TP-JG-Than400kg,MOTOR JG 400KG,cái,1.0,
456,MOTOR,,JG_LacJG400-500-600KG,TP-LacJG400-500-600KG,MOTOR JG 400KG,cái,1.0,
457,MOTOR,,JG_HopDK,TP-JG-HDK,MOTOR JG 400KG,cái,1.0,
458,MOTOR,,JG_TayDK,TP-JG_TayDK,MOTOR JG 400KG,cái,2.0,
459,MOTOR,,JG_Phimamtuongcoday,TP_JG_PATCD,MOTOR JG 400KG,cái,1.0,
460,MOTOR,99.0,MOTOR JG 500KG,TP-MT-JG500KG,MOTOR JG 500KG,BỘ,1.0,4200000.0
461,MOTOR,,JG_Thân 500KG,TP-JG-Than500kg,MOTOR JG 500KG,cái,1.0,
462,MOTOR,,JG_LacJG400-500-600KG,TP-LacJG400-500-600KG,MOTOR JG 500KG,cái,1.0,
463,MOTOR,,JG_HopDK,TP-JG-HDK,MOTOR JG 500KG,cái,1.0,
464,MOTOR,,JG_TayDK,TP-JG_TayDK,MOTOR JG 500KG,cái,2.0,
465,MOTOR,,JG_Phimamtuongcoday,TP_JG_PATCD,MOTOR JG 500KG,cái,1.0,
466,MOTOR,100.0,MOTOR JG 600KG,TP-MT-JG600KG,MOTOR JG 600KG,BỘ,1.0,4300000.0
467,MOTOR,,JG_Thân 600KG,TP-JG-Than600kg,MOTOR JG 600KG,cái,1.0,
468,MOTOR,,JG_LacJG400-500-600KG,TP-LacJG400-500-600KG,MOTOR JG 600KG,cái,1.0,
469,MOTOR,,JG_HopDK,TP-JG-HDK,MOTOR JG 600KG,cái,1.0,
470,MOTOR,,JG_TayDK,TP-JG_TayDK,MOTOR JG 600KG,cái,2.0,
471,MOTOR,,JG_Phimamtuongcoday,TP_JG_PATCD,MOTOR JG 600KG,cái,1.0,
472,MOTOR,101.0,MOTOR JG 800KG,TP-MT-JG800KG,MOTOR JG 800KG,BỘ,1.0,5250000.0
473,MOTOR,,JG_Thân 800KG,TP-JG-Than800kg,MOTOR JG 800KG,cái,1.0,
474,MOTOR,,JG_LacJG800KG,TP-LacJG800KG,MOTOR JG 800KG,cái,1.0,
475,MOTOR,,JG_HopDK,TP-JG-HDK,MOTOR JG 800KG,cái,1.0,
476,MOTOR,,JG_TayDK,TP-JG_TayDK,MOTOR JG 800KG,cái,2.0,
477,MOTOR,,JG_Phimamtuongcoday,TP_JG_PATCD,MOTOR JG 800KG,cái,1.0,
478,MOTOR,102.0,MOTOR JG 1000KG,TP-MT-JG1000KG,MOTOR JG 1000KG,BỘ,1.0,7650000.0
479,MOTOR,,JG_Thân 1000KG,TP-JG-Than1000kg,MOTOR JG 1000KG,cái,1.0,
480,MOTOR,,JG_LacJG1000-1500KG,TP-LacJG1000-1500KG,MOTOR JG 1000KG,cái,1.0,
481,MOTOR,,JG_HopDK,TP-JG-HDK,MOTOR JG 1000KG,cái,1.0,
482,MOTOR,,JG_TayDK,TP-JG_TayDK,MOTOR JG 1000KG,cái,2.0,
483,MOTOR,,JG_Phimamtuongcoday,TP_JG_PATCD,MOTOR JG 1000KG,cái,1.0,
484,MOTOR,,JG_Bacdannhao,TP-JG-BDN,JG_Bacdannhao,BỘ,1.0,100000.0
485,MOTOR,103.0,MOTOR JG 1500KG,TP-MT-JG1500KG,MOTOR JG 1500KG,BỘ,1.0,8050000.0
486,MOTOR,,JG_Thân 1500KG,TP-JG-Than1500kg,MOTOR JG 1500KG,cái,1.0,
487,MOTOR,,JG_LacJG1000-1500KG,TP-LacJG1000-1500KG,MOTOR JG 1500KG,cái,1.0,
488,MOTOR,,JG_HopDK,TP-JG-HDK,MOTOR JG 1500KG,cái,1.0,
489,MOTOR,,JG_TayDK,TP-JG_TayDK,MOTOR JG 1500KG,cái,2.0,
490,MOTOR,,JG_Phimamtuongcoday,TP_JG_PATCD,MOTOR JG 1500KG,cái,1.0,
491,MOTOR,,JG_Bacdannhao,TP-JG-BDN,JG_Bacdannhao,BỘ,1.0,100000.0
492,MOTOR,104.0,MOTOR TANKER 600KG,TP-MT-TANKER600KG,MOTOR TANKER 600KG,BỘ,1.0,1850000.0
493,MOTOR,,TANKER_Thân 600KG,TP-Tanker-Than600kg,MOTOR TANKER 600KG,cái,1.0,
494,MOTOR,,TANKER_ALUMAX_LẮC 33,TP-Tanker-Alumax-Lac33,MOTOR TANKER 600KG,cái,0.0,
495,MOTOR,,PHỤ THU-TANKER_ALUMAX_LẮC 36,TP-Tanker-Alumax-Lac36,TP-Tanker-Alumax-Lac36,cái,0.0,50000.0
496,MOTOR,,TANKER_ALUMAX_HopDK,TP-Tanker-Alumax-HDK,MOTOR TANKER 600KG,cái,1.0,
497,MOTOR,,TANKER_ALUMAX_TayDK,TP-Tanker-Alumax_TayDK,MOTOR TANKER 600KG,cái,2.0,
498,MOTOR,,TANKER_Phimamtuongcoday,TP-TANKER_PATCD,MOTOR TANKER 600KG,Bộ,1.0,
499,MOTOR,105.0,MOTOR TANKER 800KG,TP-MT-TANKE800KG,MOTOR TANKER 800KG,BỘ,1.0,3700000.0
500,MOTOR,,TANKER_Thân 800KG,TP-Tanker-Than800kg,MOTOR TANKER 800KG,cái,1.0,
501,MOTOR,,TANKER_Lac800&1000KG,TP-Tanker-Lac800&1000KG,MOTOR TANKER 800KG,cái,1.0,
502,MOTOR,,TANKER_ALUMAX_HopDK,TP-Tanker-Alumax-HDK,MOTOR TANKER 800KG,cái,1.0,
503,MOTOR,,TANKER_ALUMAX_TayDK,TP-Tanker-Alumax_TayDK,MOTOR TANKER 800KG,cái,2.0,
504,MOTOR,,TANKER_Phimamtuongcoday,TP-TANKER_PATCD,MOTOR TANKER 800KG,Bộ,1.0,
505,MOTOR,106.0,MOTOR TANKER1000KG,TP-MT-TANKER1000KG,MOTOR TANKER 1000KG,BỘ,1.0,3900000.0
506,MOTOR,,TANKER_Thân 1000KG,TP-Tanker-Than1000kg,MOTOR TANKER 1000KG,cái,1.0,
507,MOTOR,,TANKER_Lac800&1000KG,TP-Tanker-Lac800&1000KG,MOTOR TANKER 1000KG,cái,1.0,
508,MOTOR,,TANKER_ALUMAX_HopDK,TP-Tanker-Alumax-HDK,MOTOR TANKER 1000KG,cái,1.0,
509,MOTOR,,TANKER_ALUMAX_TayDK,TP-Tanker-Alumax_TayDK,MOTOR TANKER 1000KG,cái,2.0,
510,MOTOR,,TANKER_Phimamtuongcoday,TP-TANKER_PATCD,MOTOR TANKER 1000KG,Bộ,1.0,
511,,107.0,LẮC PHỤ 33-1 LỔ,TP-LACPHU33_1LO,LẮC PHỤ 33-1 LỔ,CÁI,1.0,65000.0
512,,108.0,LẮC PHỤ 36-1 LỔ,TP-LACPHU36_1LO,LẮC PHỤ 36-1 LỔ,CÁI,1.0,70000.0
513,,109.0,LẮC PHỤ 33-3 LỔ (ĐÀI LOAN),TP-LACPHU33_3LO,LẮC PHỤ 33-3 LỔ (ĐÀI LOAN),CÁI,1.0,65000.0
514,,110.0,LẮC PHỤ 36-3 LỔ (ĐÀI LOAN),TP-LACPHU36_3LO,LẮC PHỤ 36-3 LỔ (ĐÀI LOAN),CÁI,1.0,70000.0
515,,111.0,BỘ ĐIỀU KHIỂN ĐIỆN THOẠI MULLER,TP-BDKDT_MULLER,BỘ ĐIỀU KHIỂN ĐIỆN THOẠI MULLER,BỘ,1.0,750000.0
516,,,HỘP ĐIỀU KHIỂN MULLER,TP-HDK_MULLER,BỘ ĐIỀU KHIỂN ĐIỆN THOẠI MULLER,BỘ,1.0,
517,,,TP - TAY ĐIỀU KHIỂN MULLER,TP-TDK_MULLER,BỘ ĐIỀU KHIỂN ĐIỆN THOẠI MULLER,CÁI,2.0,
518,,112.0,TP - TAY ĐIỀU KHIỂN MULLER,TP-TDK_MULLER,TAY ĐIỀU KHIỂN ĐIỆN THOẠI MULLER,CÁI,1.0,280000.0
519,,113.0,GỐI GANG,TP-GOIGANG,GỐI GANG,CẶP,1.0,90000.0
520,,,GỐI GANG,TP-GOIGANG,GỐI GANG,CÁI,2.0,
521,ĐÀI LOAN,114.0,BẮN BƯỚM SẮT ĐÀI LOAN,TP-BUOMSAT-DL,BẮN BƯỚM SẮT ĐÀI LOAN,M2,1.0,30000.0
522,ĐÀI LOAN,,BẮN BƯỚM SẮT ĐÀI LOAN,NVL-BUOMSAT-DL,BẮN BƯỚM SẮT ĐÀI LOAN,KG/M cao,0.235,
523,,114.0,BẮN BƯỚM SẮT SIÊU TRƯỜNG,TP-BUOMSAT-ST,BẮN BƯỚM SẮT SIÊU TRƯỜNG,M2,1.0,30000.0
524,,,BẮN BƯỚM SẮT SIÊU TRƯỜNG,NVL-BUOMSAT-ST,BẮN BƯỚM SẮT SIÊU TRƯỜNG,KG/M cao,0.311,
525,ĐÀI LOAN,115.0,BẮN BƯỚM INOX,TP-BUOMINOX,BẮN BƯỚM INOX,M2,1.0,60000.0
526,ÚC,116.0,HH LÒ XO 46V,NVL-LX-5.5 X 70 X 46V,HH LÒ XO 46V,KG,1.7,45000.0
527,ÚC,117.0,HH LÒ XO 50V,NVL-LX-5.5 x 70 x 50V,HH LÒ XO 50V,KG,1.9,45000.0
528,ÚC,118.0,HH LÒ XO 53V,NVL-LV-6.0 x 70 x 53V,HH LÒ XO 53V,KG,2.4,45000.0
529,ÚC,119.0,HH LÒ XO 63V,NVL-LV-6.5 x 80 x 63V,HH LÒ XO 63V,KG,3.8,45000.0
530,ÚC,120.0,HH LÒ XO 68V,NVL-LV-6.5 x 80 x 68V,HH LÒ XO 68V,KG,4.2,45000.0
531,ÚC,121.0,HH LÒ XO 65V,NVL-LV-7.0 x 90 x 65V,HH LÒ XO 65V,KG,5.1,45000.0
532,ÚC,122.0,HH LÒ XO 73V,NVL-LV-7.0 x 90 x 73V,HH LÒ XO 73V,KG,5.8,45000.0
533,ÚC,123.0,HH LÒ XO 83V,NVL-LV-7.0 x 90 x 83V,HH LÒ XO 83V,KG,6.7,45000.0
534,,124.0,HH RAY NHÔM ÚC,TP-RAYNHOMUC,RAY NHÔM ÚC,M,1.0,195000.0
535,,125.0,HH PULY UC 34,NVL-PULYUC34,PULY ÚC 34,CÁI,1.0,36000.0
536,,126.0,HH PULY 114,NVL-PULYUC114,PULY ÚC 114,CÁI,1.0,38000.0
537,,127.0,HH SẮT VUÔNG 3X6M,NVL-3X6M,SẮT VUÔNG 3X6M,M,1.0,25000.0
538,MOTOR,128.0,TANKER_ALUMAX_HopDK,TP-Tanker-Alumax-HDK,HỘP ĐK TANKER_ALUMAX,CÁI,1.0,150000.0
539,MOTOR,129.0,TANKER_ALUMAX_BỘ ĐIỀU KHIỂN,TP-TANKER_ALUMAX_BODK,BỘ ĐK TANKER_ALUMAX,BỘ,1.0,270000.0
540,MOTOR,,TANKER_ALUMAX_TayDK,TP-Tanker-Alumax_TayDK,BỘ ĐK TANKER_ALUMAX,cái,2.0,
541,MOTOR,,TANKER_ALUMAX_HopDK,TP-Tanker-Alumax-HDK,BỘ ĐK TANKER_ALUMAX,cái,1.0,
542,MOTOR,130.0,TANKER_ALUMAX_TayDK,TP-Tanker-Alumax_TayDK,TAY ĐIỀU KHIỂN TANKER,cái,1.0,120000.0
543,MOTOR,131.0,PHÍM ÂM TƯỜNG CÓ DÂY,TP_PAT_CODAY,PHÍM ÂM TƯỜNG CÓ DÂY,BỘ,1.0,150000.0
544,MOTOR,,PHÍM ÂM TƯỜNG KHÔNG DÂY,TP_PAT_KHONGDAY,PHÍM ÂM TƯỜNG CÓ DÂY,Bộ,1.0,
545,MOTOR,,Daydien_phimamtuongcoday,NVL_Daydien_PATCD,PHÍM ÂM TƯỜNG CÓ DÂY,m,2.0,
546,MOTOR,132.0,TP PHÍM ÂM TƯỜNG KHÔNG DÂY,TP-PAT_KHONGDAY,PHÍM ÂM TƯỜNG KHÔNG DÂY,cái,1.0,80000.0
547,MOTOR,133.0,MOTOR ALUMAX 400KG,TP-MT-ALUMAX400KG,MOTOR ALUMAX 400KG,BỘ,1.0,2200000.0
548,MOTOR,,ALUMAX_Thân 400KG,TP-Alumax-Than400kg,MOTOR ALUMAX 400KG,cái,1.0,
549,MOTOR,,TANKER_ALUMAX_Lac33,TP-Tanker-Alumax-Lac33,MOTOR ALUMAX 400KG,cái,1.0,
550,MOTOR,,PHỤ THU-TANKER_ALUMAX_LẮC 36,TP-Tanker-Alumax-Lac36,TP-Tanker-Alumax-Lac36,cái,1.0,50000.0
551,MOTOR,,TANKER_ALUMAX_HopDK,TP-Tanker-Alumax-HDK,MOTOR ALUMAX 400KG,cái,1.0,
552,MOTOR,,TANKER_ALUMAX_TayDK,TP-Tanker-Alumax_TayDK,MOTOR ALUMAX 400KG,cái,2.0,
553,MOTOR,,ALUMAX_Phimamtuongcoday,TP-ALUMAX_PATCD,MOTOR ALUMAX 400KG,Bộ,1.0,
554,MOTOR,134.0,MOTOR ALUMAX 600KG,TP-MT-ALUMAX600KG,MOTOR ALUMAX 600KG,BỘ,1.0,2300000.0
555,MOTOR,,ALUMAX_Thân 600KG,TP-Alumax-Than600kg,MOTOR ALUMAX 600KG,cái,1.0,
556,MOTOR,,TANKER_ALUMAX_Lac33,TP-Tanker-Alumax-Lac33,MOTOR ALUMAX 600KG,cái,,
557,MOTOR,,PHỤ THU-TANKER_ALUMAX_LẮC 36,TP-Tanker-Alumax-Lac36,TP-Tanker-Alumax-Lac36,cái,,50000.0
558,MOTOR,,TANKER_ALUMAX_HopDK,TP-Tanker-Alumax-HDK,MOTOR ALUMAX 600KG,cái,1.0,
559,MOTOR,,TANKER_ALUMAX_TayDK,TP-Tanker-Alumax_TayDK,MOTOR ALUMAX 600KG,cái,2.0,
560,MOTOR,,ALUMAX_Phimamtuongcoday,TP-ALUMAX_PATCD,MOTOR ALUMAX 600KG,Bộ,1.0,
561,,135.0,Bình lưu điện Alumax E800i,TP_UPS-E800i,Bình lưu điện Alumax E800i,CÁI,1.0,1800000.0
562,,136.0,Bình lưu điện Alumax E1000i,TP_UPS-E1000i,Bình lưu điện Alumax E1000i,CÁI,1.0,2700000.0
563,,137.0,Bình lưu điện YH1000,TP_UPS-YH1000,Bình lưu điện YH1000,CÁI,1.0,1800000.0
564,,138.0,Bình lưu điện YH2000,TP_UPS-YH2000,Bình lưu điện YH2000,CÁI,1.0,2700000.0
565,MOTOR,139.0,JG_TayDK,TP-JG_TayDK,JG_TAY ĐIỀU KHIỂN,CÁI,1.0,190000.0
566,MOTOR,140.0,JG_BỘ ĐIỀU KHIỂN,JG_BODK,JG_BỘ ĐIỀU KHIỂN,CÁI,1.0,460000.0
567,MOTOR,,JG_HopDK,TP-JG-HDK,JG_BỘ ĐIỀU KHIỂN,CÁI,1.0,
568,MOTOR,,JG_TayDK,TP-JG_TayDK,JG_BỘ ĐIỀU KHIỂN,CÁI,2.0,
569,MOTOR,141.0,JG_KHÔNG LẮC,TRU-TP_KHONGLAC_JG,JG_KHÔNG LẮC,CÁI,1.0,-350000.0
570,MOTOR,142.0,JG_KHÔNG BỘ ĐIỀU KHIỂN,TRU-TP_KHONGBDK_JG,JG_KHÔNG BỘ ĐIỀU KHIỂN,Bộ,1.0,-150000.0
571,MOTOR,,JG_HopDK,TP-JG-HDK,JG_KHÔNG BỘ ĐIỀU KHIỂN,CÁI,1.0,
572,MOTOR,,JG_TayDK,TP-JG_TayDK,JG_KHÔNG BỘ ĐIỀU KHIỂN,CÁI,2.0,
573,MOTOR,143.0,JG_KHÔNG BỘ ĐIỀU KHIỂN+KHÔNG LẮC,TRU-TP_KHONGBDK_KHONGLAC_JG,JG_KHÔNG BỘ ĐIỀU KHIỂN+KHÔNG LẮC,Bộ,1.0,-500000.0
574,MOTOR,,JG_HopDK,TP-JG-HDK,JG_KHÔNG BỘ ĐIỀU KHIỂN+KHÔNG LẮC,CÁI,1.0,
575,MOTOR,,JG_TayDK,TP-JG_TayDK,JG_KHÔNG BỘ ĐIỀU KHIỂN+KHÔNG LẮC,CÁI,2.0,
576,MOTOR,,JG_KHÔNG LẮC,TRU-TP_KHONGLAC_JG,JG_KHÔNG BỘ ĐIỀU KHIỂN+KHÔNG LẮC,CÁI,1.0,
577,MOTOR,144.0,NẮP NHÌN,TP-NAPNHIN,NẮP NHÌN,CÁI,1.0,170000.0
578,MOTOR,145.0,GỐI SẮT,NVL-GOIFE,GỐI SẮT,CÁI,2.0,65000.0
579,MOTOR,146.0,GIÁ T,NVL-GIAT,GIÁ T,CẶP,1.0,120000.0
580,MOTOR,147.0,TP-BOSTEC_PHÍM ÂM TƯỜNG,TP-MTT-BOSTEC-PAT,BOSTEC_PHÍM ÂM TƯỜNG,CÁI,1.0,250000.0
581,MOTOR,148.0,TP-BOSTEC_TAYDK,TP-MTT-BOSTEC-TAYDK,BOSTEC TAY ĐIỀU KHIỂN,CÁI,2.0,270000.0
582,MOTOR,149.0,TP-BOSTEC_BỘ ĐIỀU KHIỂN,TP_BOSTEC_BODIEUKHIEN,BOSTEC BỘ ĐIỀU KHIỂN,CÁI,1.0,1850000.0
583,MOTOR,,BOSTEC_HỘP ĐK,TP-MTT_BOSTEC-HOPDK,BOSTEC BỘ ĐIỀU KHIỂN,CÁI,1.0,
584,MOTOR,,BOSTEC_TAYDK,TP-MTT-BOSTEC-TAYDK,BOSTEC BỘ ĐIỀU KHIỂN,CÁI,2.0,
585,MOTOR,150.0,TP-CHTAIWAN_PHÍM ÂM TƯỜNG,TP-MTT-CHTAIWAN-PAT,CHTAIWAN-PHÍM ÂM TƯỜNG,CÁI,1.0,600000.0
586,MOTOR,151.0,TP-CHTAIWAN_TAYDK,TP-MTT-CHTAIWAN-TAYDK,CHTAIWAN-TAY ĐIỀU KHIỂN,CÁI,1.0,320000.0
587,MOTOR,152.0,TP-CHTAIWAN_BỘ ĐIỀU KHIỂN,TP_CHTAIWAN_BODIEUKHIEN,CHTAIWAN BỘ ĐIỀU KHIỂN,CÁI,1.0,2400000.0
588,MOTOR,,CHTAIWAN_HỘP ĐK,TP-MTT_CHTAIWAN-HOPDK,CHTAIWAN BỘ ĐIỀU KHIỂN,CÁI,1.0,
589,MOTOR,,CHTAIWAN_TAYDK,TP-MTT-CHTAIWAN-TAYDK,CHTAIWAN BỘ ĐIỀU KHIỂN,CÁI,2.0,
590,MOTOR,153.0,TP-MTT BOSTEC ĐÔI - PHẢI ,TP-MTT_BOSTEC-DOI(P),MTT BOSTEC ĐÔI - PHẢI ,BỘ,1.0,3800000.0
591,MOTOR,,BOSTEC_THÂN ĐÔI_PHẢI,TP-MTT_BOSTEC-DOI_THAN(P),MTT BOSTEC ĐÔI - PHẢI ,CÁI,1.0,
592,MOTOR,,BOSTEC_HỘP ĐK,TP-MTT_BOSTEC-HOPDK,MTT BOSTEC ĐÔI - PHẢI ,CÁI,1.0,
593,MOTOR,,BOSTEC_TAYDK,TP-MTT-BOSTEC-TAYDK,MTT BOSTEC ĐÔI - PHẢI ,CÁI,2.0,
594,MOTOR,,BOSTEC_PHÍM ÂM TƯỜNG,TP-MTT-BOSTEC-PAT,MTT BOSTEC ĐÔI - PHẢI ,CÁI,1.0,
595,MOTOR,154.0,TP-MTT BOSTEC ĐÔI - TRÁI ,TP-MTT_BOSTEC-DOI(T),MTT BOSTEC ĐÔI - TRÁI,BỘ,1.0,3800000.0
596,MOTOR,,BOSTEC_THÂN ĐÔI_TRÁI,TP-MTT_BOSTEC-DOI_THAN(T),MTT BOSTEC ĐÔI - TRÁI,CÁI,1.0,
597,MOTOR,,BOSTEC_HỘP ĐK,TP-MTT_BOSTEC-HOPDK,MTT BOSTEC ĐÔI - TRÁI,CÁI,1.0,
598,MOTOR,,BOSTEC_TAYDK,TP-MTT-BOSTEC-TAYDK,MTT BOSTEC ĐÔI - TRÁI,CÁI,2.0,
599,MOTOR,,BOSTEC_PHÍM ÂM TƯỜNG,TP-MTT-BOSTEC-PAT,MTT BOSTEC ĐÔI - TRÁI,CÁI,1.0,
600,MOTOR,155.0,TP-MTT BOSTEC ĐƠN - PHẢI ,TP-MTT_BOSTEC-DON(P),MTT BOSTEC ĐƠN - PHẢI ,BỘ,1.0,3300000.0
601,MOTOR,,BOSTEC_THÂN ĐƠN_PHẢI,TP-MTT_BOSTEC-DON_THAN(P),MTT BOSTEC ĐƠN - PHẢI ,CÁI,1.0,
602,MOTOR,,BOSTEC_HỘP ĐK,TP-MTT_BOSTEC-HOPDK,MTT BOSTEC ĐƠN - PHẢI ,CÁI,1.0,
603,MOTOR,,BOSTEC_TAYDK,TP-MTT-BOSTEC-TAYDK,MTT BOSTEC ĐƠN - PHẢI ,CÁI,2.0,
604,MOTOR,,BOSTEC_PHÍM ÂM TƯỜNG,TP-MTT-BOSTEC-PAT,MTT BOSTEC ĐƠN - PHẢI ,CÁI,1.0,
605,MOTOR,156.0,TP-MTT BOSTEC ĐƠN - TRÁI,TP-MTT_BOSTEC-DON(T),MTT BOSTEC ĐƠN - TRÁI ,BỘ,1.0,3300000.0
606,MOTOR,,BOSTEC_THÂN ĐƠN_TRÁI,TP-MTT_BOSTEC-DON_THAN(T),MTT BOSTEC ĐƠN - TRÁI ,CÁI,1.0,
607,MOTOR,,BOSTEC_HỘP ĐK,TP-MTT_BOSTEC-HOPDK,MTT BOSTEC ĐƠN - TRÁI ,CÁI,1.0,
608,MOTOR,,BOSTEC_TAYDK,TP-MTT-BOSTEC-TAYDK,MTT BOSTEC ĐƠN - TRÁI ,CÁI,2.0,
609,MOTOR,,BOSTEC_PHÍM ÂM TƯỜNG,TP-MTT-BOSTEC-PAT,MTT BOSTEC ĐƠN - TRÁI ,CÁI,1.0,
610,MOTOR,157.0,TP-MTT CH TAIWAN ĐÔI - TRÁI ,TP-MTT_CHTAIWAN-DOI(T),MTT CHTAIWAN ĐÔI - TRÁI,BỘ,1.0,5300000.0
611,MOTOR,,CHTAIWAN_THÂN ĐÔI_TRÁI,TP-MTT_CHTAIWAN-DOI(T),MTT CHTAIWAN ĐÔI - TRÁI,CÁI,1.0,
612,MOTOR,,CHTAIWAN_HỘP ĐK,TP-MTT_CHTAIWAN-HOPDK,MTT CHTAIWAN ĐÔI - TRÁI,CÁI,1.0,
613,MOTOR,,CHTAIWAN_TAYDK,TP-MTT-CHTAIWAN-TAYDK,MTT CHTAIWAN ĐÔI - TRÁI,CÁI,2.0,
614,MOTOR,,CHTAIWAN_PHÍM ÂM TƯỜNG,TP-MTT-CHTAIWAN-PAT,MTT CHTAIWAN ĐÔI - TRÁI,CÁI,1.0,
615,MOTOR,158.0,TP-MTT CH TAIWAN ĐÔI - PHẢI,TP-MTT_CHTAIWAN-DOI(P),MTT CHTAIWAN ĐÔI - PHẢI,BỘ,1.0,5300000.0
616,MOTOR,,CHTAIWAN_THÂN ĐÔI_PHẢI,TP-MTT_CHTAIWAN-DOI(P),MTT CHTAIWAN ĐÔI - PHẢI,CÁI,1.0,
617,MOTOR,,CHTAIWAN_HỘP ĐK,TP-MTT_CHTAIWAN-HOPDK,MTT CHTAIWAN ĐÔI - PHẢI,CÁI,1.0,
618,MOTOR,,CHTAIWAN_TAYDK,TP-MTT-CHTAIWAN-TAYDK,MTT CHTAIWAN ĐÔI - PHẢI,CÁI,2.0,
619,MOTOR,,CHTAIWAN_PHÍM ÂM TƯỜNG,TP-MTT-CHTAIWAN-PAT,MTT CHTAIWAN ĐÔI - PHẢI,CÁI,1.0,
620,MOTOR,159.0,TP-MTT CH TAIWAN ĐƠN - PHẢI,TP-MTT_CHTAIWAN-DON(P),MTT CHTAIWAN ĐƠN - PHẢI,BỘ,1.0,4950000.0
621,MOTOR,,CHTAIWAN_THÂN ĐƠN_PHẢI,TP-MTT_CHTAIWAN-DON(P),MTT CHTAIWAN ĐƠN - PHẢI,CÁI,1.0,
622,MOTOR,,CHTAIWAN_HỘP ĐK,TP-MTT_CHTAIWAN-HOPDK,MTT CHTAIWAN ĐƠN - PHẢI,CÁI,1.0,
623,MOTOR,,CHTAIWAN_TAYDK,TP-MTT-CHTAIWAN-TAYDK,MTT CHTAIWAN ĐƠN - PHẢI,CÁI,2.0,
624,MOTOR,,CHTAIWAN_PHÍM ÂM TƯỜNG,TP-MTT-CHTAIWAN-PAT,MTT CHTAIWAN ĐƠN - PHẢI,CÁI,1.0,
625,MOTOR,160.0,TP-MTT CH TAIWAN ĐƠN - TRÁI,TP-MTT_CHTAIWAN-DON(T),MTT CHTAIWAN ĐƠN - TRÁI,BỘ,1.0,4950000.0
626,MOTOR,,CHTAIWAN_THÂN ĐƠN_TRÁI,TP-MTT_CHTAIWAN-DON(T),MTT CHTAIWAN ĐƠN - TRÁI,CÁI,1.0,
627,MOTOR,,CHTAIWAN_HỘP ĐK,TP-MTT_CHTAIWAN-HOPDK,MTT CHTAIWAN ĐƠN - TRÁI,CÁI,1.0,
628,MOTOR,,CHTAIWAN_TAYDK,TP-MTT-CHTAIWAN-TAYDK,MTT CHTAIWAN ĐƠN - TRÁI,CÁI,2.0,
629,MOTOR,,CHTAIWAN_PHÍM ÂM TƯỜNG,TP-MTT-CHTAIWAN-PAT,MTT CHTAIWAN ĐƠN - TRÁI,CÁI,1.0,
630,MOTOR,161.0,TP-MOTOR YHTAIWAN CH 300KG,TP-MT-YHTAIWAN CH 300KG,MOTOR YHTAIWAN CH 300KG,BỘ,1.0,6350000.0
631,MOTOR,,YHTAIWAN_Thân 300KG,TP-YHTaiwan-Than300KG,MOTOR YHTAIWAN CH 300KG,cái,1.0,
632,MOTOR,,YHTAIWAN_LacYHTW300-400-500KG,TP-YHTaiwan-LaYHTW300-400-500KG,MOTOR YHTAIWAN CH 300KG,cái,1.0,
633,MOTOR,,YHTAIWAN_HopDK,TP-YHTaiwan-HDK,MOTOR YHTAIWAN CH 300KG,cái,1.0,
634,MOTOR,,YHTAIWAN_TayDK,TP-YHTaiwan-TayDK,MOTOR YHTAIWAN CH 300KG,cái,2.0,
635,MOTOR,,YHTAIWAN_Phimamtuongcoday,TP-YHTaiwan-PATCD,MOTOR YHTAIWAN CH 300KG,Bộ,1.0,
636,MOTOR,162.0,TP-MOTOR YHTAIWAN CH 500KG,TP-MT-YHTAIWAN CH 500KG,MOTOR YHTAIWAN CH 500KG,BỘ,1.0,7900000.0
637,MOTOR,,YHTAIWAN_Thân 500KG,TP-YHTaiwan-Than500KG,MOTOR YHTAIWAN CH 500KG,cái,1.0,
638,MOTOR,,YHTAIWAN_LacYHTW300-400-500KG,TP-YHTaiwan-LaYHTW300-400-500KG,MOTOR YHTAIWAN CH 500KG,cái,1.0,
639,MOTOR,,YHTAIWAN_HopDK,TP-YHTaiwan-HDK,MOTOR YHTAIWAN CH 500KG,cái,1.0,
640,MOTOR,,YHTAIWAN_TayDK,TP-YHTaiwan-TayDK,MOTOR YHTAIWAN CH 500KG,cái,2.0,
641,MOTOR,,YHTAIWAN_Phimamtuongcoday,TP-YHTaiwan-PATCD,MOTOR YHTAIWAN CH 500KG,Bộ,1.0,
642,MOTOR,163.0,TP-MOTOR YHTAIWAN CH 400KG,TP-MT-YHTAIWAN CH 400KG,MOTOR YHTAIWAN CH 400KG,BỘ,1.0,7000000.0
643,MOTOR,,YHTAIWAN_Thân 400KG,TP-YHTaiwan-Than400KG,MOTOR YHTAIWAN CH 400KG,cái,1.0,
644,MOTOR,,YHTAIWAN_LacYHTW300-400-500KG,TP-YHTaiwan-LaYHTW300-400-500KG,MOTOR YHTAIWAN CH 400KG,cái,1.0,
645,MOTOR,,YHTAIWAN_HopDK,TP-YHTaiwan-HDK,MOTOR YHTAIWAN CH 400KG,cái,1.0,
646,MOTOR,,YHTAIWAN_TayDK,TP-YHTaiwan-TayDK,MOTOR YHTAIWAN CH 400KG,cái,2.0,
647,MOTOR,,YHTAIWAN_Phimamtuongcoday,TP-YHTaiwan-PATCD,MOTOR YHTAIWAN CH 400KG,Bộ,1.0,
648,MOTOR,164.0,TP-MOTOR YHTAIWAN CH 600KG,TP-MT-YHTAIWAN CH 600KG,MOTOR YHTAIWAN CH 600KG,BỘ,1.0,11900000.0
649,MOTOR,,YHTAIWAN_Thân 600KG,TP-YHTaiwan-Than600KG,MOTOR YHTAIWAN CH 600KG,cái,1.0,
650,MOTOR,,YHTAIWAN_LacYHTW600-700-800KG,TP-YHTaiwan-LaYHTW600-700-800KG,MOTOR YHTAIWAN CH 600KG,cái,1.0,
651,MOTOR,,YHTAIWAN_HopDK,TP-YHTaiwan-HDK,MOTOR YHTAIWAN CH 600KG,cái,1.0,
652,MOTOR,,YHTAIWAN_TayDK,TP-YHTaiwan-TayDK,MOTOR YHTAIWAN CH 600KG,cái,2.0,
653,MOTOR,,YHTAIWAN_Phimamtuongcoday,TP-YHTaiwan-PATCD,MOTOR YHTAIWAN CH 600KG,Bộ,1.0,
654,MOTOR,165.0,TP-MOTOR YHTAIWAN CH 700KG,TP-MT-YHTAIWAN CH 700KG,MOTOR YHTAIWAN CH 700KG,BỘ,1.0,12900000.0
655,MOTOR,,YHTAIWAN_Thân 700KG,TP-YHTaiwan-Than700KG,MOTOR YHTAIWAN CH 700KG,cái,1.0,
656,MOTOR,,YHTAIWAN_LacYHTW600-700-800KG,TP-YHTaiwan-LaYHTW600-700-800KG,MOTOR YHTAIWAN CH 700KG,cái,1.0,
657,MOTOR,,YHTAIWAN_HopDK,TP-YHTaiwan-HDK,MOTOR YHTAIWAN CH 700KG,cái,1.0,
658,MOTOR,,YHTAIWAN_TayDK,TP-YHTaiwan-TayDK,MOTOR YHTAIWAN CH 700KG,cái,2.0,
659,MOTOR,,YHTAIWAN_Phimamtuongcoday,TP-YHTaiwan-PATCD,MOTOR YHTAIWAN CH 700KG,Bộ,1.0,
660,MOTOR,166.0,TP-MOTOR YHTAIWAN CH 800KG,TP-MT-YHTAIWAN CH 800KG,MOTOR YHTAIWAN CH 800KG,BỘ,1.0,13600000.0
661,MOTOR,,YHTAIWAN_Thân 800KG,TP-YHTaiwan-Than800KG,MOTOR YHTAIWAN CH 800KG,cái,1.0,
662,MOTOR,,YHTAIWAN_LacYHTW600-700-800KG,TP-YHTaiwan-LaYHTW600-700-800KG,MOTOR YHTAIWAN CH 800KG,cái,1.0,
663,MOTOR,,YHTAIWAN_HopDK,TP-YHTaiwan-HDK,MOTOR YHTAIWAN CH 800KG,cái,1.0,
664,MOTOR,,YHTAIWAN_TayDK,TP-YHTaiwan-TayDK,MOTOR YHTAIWAN CH 800KG,cái,2.0,
665,MOTOR,,YHTAIWAN_Phimamtuongcoday,TP-YHTaiwan-PATCD,MOTOR YHTAIWAN CH 800KG,Bộ,1.0,
666,MOTOR,167.0,TP-MOTOR YHTAIWAN CH 1000KG,TP-MT-YHTAIWAN CH 1000KG,MOTOR YHTAIWAN CH 1000KG,BỘ,1.0,13600000.0
667,MOTOR,,YHTAIWAN_Thân 1000KG,TP-YHTaiwan-Than1000KG,MOTOR YHTAIWAN CH 1000KG,cái,1.0,
668,MOTOR,,YHTAIWAN_LacYHTW1000-1200KG,TP-YHTaiwan-LaYHTW1000-1200KG,MOTOR YHTAIWAN CH 1000KG,cái,1.0,
669,MOTOR,,YHTAIWAN_HopDK,TP-YHTaiwan-HDK,MOTOR YHTAIWAN CH 1000KG,cái,1.0,
670,MOTOR,,YHTAIWAN_TayDK,TP-YHTaiwan-TayDK,MOTOR YHTAIWAN CH 1000KG,cái,2.0,
671,MOTOR,,YHTAIWAN_Phimamtuongcoday,TP-YHTaiwan-PATCD,MOTOR YHTAIWAN CH 1000KG,Bộ,1.0,
672,MOTOR,168.0,TP-YHTAIWAN_BỘ ĐIỀU KHIỂN,TP-YHTaiwan-BODK,YHTAIWAN_BỘ ĐIỀU KHIỂN,Bộ,1.0,1050000.0
673,MOTOR,,YHTAIWAN_HopDK,TP-YHTaiwan-HDK,YHTAIWAN_BỘ ĐIỀU KHIỂN,cái,1.0,
674,MOTOR,,YHTAIWAN_TayDK,TP-YHTaiwan-TayDK,YHTAIWAN_BỘ ĐIỀU KHIỂN,cái,2.0,
675,MOTOR,169.0,TP-YHTAIWAN_TayDK,TP-YHTaiwan-TayDK,YHTAIWAN_TAY ĐIỀU KHIỂN,cái,1.0,350000.0
676,,170.0,XỐP ( TẤM NHỎ - 45cm),NVL-XOP-N45,XỐP NHỎ,TẤM,1.0,18000.0
677,,171.0,XỐP ( TẤM NHỎ - 90cm),NVL-XOP-N90,XỐP LỚN,TẤM,1.0,24000.0
678,,172.0,CÙM HÃM NHỰA,NVL-CHNHUA,VÒNG NHỰA HÃM TRỤC ,KG,1.0,75000.0
679,ÚC,173.0,TP-TRỤC 34,NVL-TRUC34,TRỤC PHI 34,M,1.0,150000.0
680,ÚC,,TRỤC 34,NVL-TRUC34,TRỤC PHI 34,KG/M,1.7,
681,,174.0,TP-TRỤC 90,NVL-TRUC90,TRỤC PHI 90,M,1.0,120000.0
682,ÚC,175.0,TP-CÂY KÉO CỬA INOX,"NVL-INOX, NVL-NHUA, NVL-MOC",CÂY KÉO CỬA INOX,CÂY,1.0,150000.0
683,ÚC,,CÂY KÉO CỬA (INOX + NHỰA+MÓC),"NVL-INOX, NVL-NHUA, NVL-MOC",CÂY KÉO CỬA INOX,KG/M,0.268,
684,ÚC,176.0,TP-THANH ĐÁY ÚC_KTD,NVL-VDAY-TDU-KTD,THANH ĐÁY ÚC_KTD,KG,1.0,118000.0
685,ÚC,,V ĐÁY (THANH ĐÁY ÚC),NVL-VDAY-TDU,CỬA ÚC KT 4D XN-VK,KG/M,0.6,
686,ÚC,178.0,TP-RON ĐÁY ÚC,RONDAYUC,RON ĐÁY ÚC,M,,10000.0
687,ÚC,,RON ĐÁY ÚC,RONDAYUC,RON ĐÁY ÚC,KG/M ngang,0.0077,
688,ÚC,179.0,CỬA ÚC KT 4D XN-VK,TP-UC KT 4D XN-VK,CỬA ÚC KT 4D XN-VK,M2,1.0,365000.0
689,,,LÁ TÔN 4D XN-VK,NVL-TON3.8D-XN-VK,CỬA ÚC KT 4D XN-VK,KG/M2,3.6,
690,ÚC,,GIÁ T,NVL-GIAT,CỬA ÚC KT 4D XN-VK,CẶP,1.0,
691,ÚC,,PULY GAI,NVL-PULYGAI,CỬA ÚC KT 4D XN-VK,KG/M2,0.126,
692,ÚC,,V ĐÁY (THANH ĐÁY ÚC),NVL-VDAY-TDU,CỬA ÚC KT 4D XN-VK,KG/M,0.6,
693,ÚC,,RON ĐÁY ÚC,NVL-RONDAYUC,CỬA ÚC KT 4D XN-VK,KG/M ngang,0.0077,xem lại
694,ÚC,,RAY SẮT (KHÔNG RON) U70,NVL-TOLE1.2x190-KRON,CỬA ÚC KT 4D XN-VK,KG/M,1.78,
695,ÚC,,XỐP ( TẤM NHỎ - 45cm),NVL-XOP-N45,CỬA ÚC KT 4D XN-VK,TẤM,,
696,ÚC,,TRỤC 34,NVL-TRUC34,CỬA ÚC KT 4D XN-VK,KG/M,1.7,
697,ÚC,,PULY UC 34 ,NVL-PULYUC34,CỬA ÚC KT 4D XN-VK,CÁI,,
698,ÚC,,LÒ XO 46V,NVL-LX-5.5 x 70 x 46V,CỬA ÚC KT 4D XN-VK,CÁI,,
699,ÚC,,LÒ XO 50V,NVL-LX-5.5 x 70 x 50V,CỬA ÚC KT 4D XN-VK,CÁI,,
700,ÚC,,LÒ XO 53V,NVL-LV-6.0 x 70 x 53V,CỬA ÚC KT 4D XN-VK,CÁI,,
701,ÚC,,LÒ XO 63V,NVL-LV-6.5 x 80 x 63V,CỬA ÚC KT 4D XN-VK,CÁI,2.0,
702,ÚC,,LÒ XO 68V,NVL-LV-6.5 x 80 x 68V,CỬA ÚC KT 4D XN-VK,CÁI,,
703,ÚC,,LÒ XO 65V,NVL-LV-7.0 x 90 x 65V,CỬA ÚC KT 4D XN-VK,CÁI,,
704,ÚC,,LÒ XO 73V,NVL-LV-7.0 x 90 x 73V,CỬA ÚC KT 4D XN-VK,CÁI,,
705,ÚC,,LÒ XO 83V,NVL-LV-7.0 x 90 x 83V,CỬA ÚC KT 4D XN-VK,CÁI,,
706,,,LÒ XO 62V,,,,,
707,ÚC,,CÙM HÃM NHỰA,NVL-CHNHUA,CỬA ÚC KT 4D XN-VK,CÁI,2.0,
708,ÚC,,VAI HÃM XO,NVL-VAIHAMXO,CỬA ÚC KT 4D XN-VK,CÁI,,2.0
709,ÚC,,CÂY KÉO CỬA (INOX + NHỰA+MÓC),"NVL-INOX, NVL-NHUA, NVL-MOC",CỬA ÚC KT 4D XN-VK,CÂY,1.0,
710,ÚC,,GỐI SẮT,NVL-GOIFE,CỬA ÚC KT 4D XN-VK,CÁI,2.0,
711,ÚC,,BÁT KHÓA ÂM NỀN,NVL-BKAN,CỬA ÚC KT 4D XN-VK,KG/CẶP,0.1925,
712,ÚC,,VIS ĐẦU DÙ BẮN LÔ,NVL-VISDD-BANLO,CỬA ÚC KT 4D XN-VK,CON,0.0032,
713,ÚC,,VIS BẮN LÔ 2P,NVL-VIS-BANLO2P,CỬA ÚC KT 4D XN-VK,CON,0.0021,
714,ÚC,180.0,CỬA ÚC MTN 4D XN-VK,TP-UC MTN 4D XN-VK,CỬA ÚC MTN 4D XN-VK,M2,1.0,345000.0
715,ÚC,,LÁ TÔN 4D XN-VK,NVL-TON3.8D-GU KU,CỬA ÚC MTN 4D XN-VK,KG/M2,3.6,
716,ÚC,,V ĐÁY (THANH ĐÁY ÚC),NVL-VDAY-TDU,CỬA ÚC MTN 4D XN-VK,KG/M,0.6,
717,ÚC,,RON ĐÁY ÚC,NVL-RONDAYUC,CỬA ÚC MTN 4D XN-VK,KG/M ngang,0.0077,
718,ÚC,,SẮT VUÔNG 3X6M,NVL-3X6M,CỬA ÚC MTN 4D XN-VK,M,1.0,
719,ÚC,,RAY SẮT (KHÔNG RON) U70,NVL-TOLE1.2x190-KRON,CỬA ÚC MTN 4D XN-VK,KG/M,1.78,
720,ÚC,,XỐP ( TẤM NHỎ - 45cm),NVL-XOP-N45,CỬA ÚC MTN 4D XN-VK,TẤM,1.0,
721,ÚC,,TRỤC114_1.8LY,TRUC114_1.8LY,CỬA ÚC MTN 4D XN-VK,KG/M,1.7,
722,ÚC,,PULY 114,NVL-PULYUC114,CỬA ÚC MTN 4D XN-VK,CÁI,,
723,ÚC,,BÁT KHÓA ÂM NỀN,NVL-BKAN,CỬA ÚC MTN 4D XN-VK,KG/CẶP,0.1925,
724,ÚC,,VIS ĐẦU DÙ BẮN LÔ,NVL-VISDD-BANLO,CỬA ÚC MTN 4D XN-VK,CON,0.0032,
725,ÚC,,VIS BẮN LÔ 2P,NVL-VIS-BANLO2P,CỬA ÚC MTN 4D XN-VK,CON,0.0021,
726,ÚC,181.0,TP KHÓA NGANG,TP-KN,KHÓA NGANG,BỘ,1.0,250000.0
727,ÚC,,NVL Ổ KHÓA,NVL-OKHOA,KHÓA NGANG,BỘ,1.0,
728,ÚC,,TI INOX,NVL-TIINOX,KHÓA NGANG,KG/M,0.11,
729,ÚC,182.0,TP Ổ KHÓA ,NVL-OKHOA,Ổ KHÓA NGANG,BỘ,1.0,100000.0
730,ÚC,183.0,TP TI INOX,NVL-TIINOX,TI KHÓA NGANG,KG/M,0.11,150000.0
731,ÚC,184.0,TP BÁT KHÓA ÂM NỀN,TP-BKAN,BÁT KHÓA ÂM NỀN,BỘ/4 CẶP,1.0,88000
732,ÚC,,BÁT KHÓA ÂM NỀN,NVL-BKAN,BÁT KHÓA ÂM NỀN,KG/CẶP,0.1925,
733,ÚC,185.0,CỬA ÚC KT 4.6D XN-VK,TP-UC KT 4.6D XN-VK,CỬA ÚC KT 4.6D XN-VK,M2,1.0,395000.0
734,ÚC,,LÁ TÔN 4.6D XN-VK,NVL-TOLE0.42x598-XN-VK,CỬA ÚC KT 4.6D XN-VK,KG/M2,4.4,
735,ÚC,,GIÁ T,NVL-GIAT,CỬA ÚC KT 4.6D XN-VK,CẶP,1.0,
736,ÚC,,PULY GAI,NVL-PULYGAI,CỬA ÚC KT 4.6D XN-VK,KG/M2,0.126,
737,ÚC,,V ĐÁY (THANH ĐÁY ÚC),NVL-VDAY-TDU,CỬA ÚC KT 4.6D XN-VK,KG/M,0.6,
738,ÚC,,RON ĐÁY ÚC,NVL-RONDAYUC,CỬA ÚC KT 4.6D XN-VK,KG/M ngang,0.0077,
739,ÚC,,RAY SẮT (KHÔNG RON) U70,NVL-TOLE1.2x190-KRON,CỬA ÚC KT 4.6D XN-VK,KG/M,1.78,
740,ÚC,,XỐP ( TẤM NHỎ - 45cm),NVL-XOP-N45,CỬA ÚC KT 4.6D XN-VK,TẤM,1.0,
741,ÚC,,TRỤC 34,NVL-TRUC34,CỬA ÚC KT 4.6D XN-VK,KG/M,1.7,
742,ÚC,,PULY UC 34 ,NVL-PULYUC34,CỬA ÚC KT 4.6D XN-VK,CÁI,1.0,
743,ÚC,,LÒ XO 46V,NVL-LX-5.5 x 70 x 46V,CỬA ÚC KT 4.6D XN-VK,CÁI,1.0,
744,ÚC,,LÒ XO 50V,NVL-LX-5.5 x 70 x 50V,CỬA ÚC KT 4.6D XN-VK,CÁI,1.0,
745,ÚC,,LÒ XO 53V,NVL-LV-6.0 x 70 x 53V,CỬA ÚC KT 4.6D XN-VK,CÁI,1.0,
746,ÚC,,LÒ XO 63V,NVL-LV-6.5 x 80 x 63V,CỬA ÚC KT 4.6D XN-VK,CÁI,1.0,
747,ÚC,,LÒ XO 68V,NVL-LV-6.5 x 80 x 68V,CỬA ÚC KT 4.6D XN-VK,CÁI,1.0,
748,ÚC,,LÒ XO 65V,NVL-LV-7.0 x 90 x 65V,CỬA ÚC KT 4.6D XN-VK,CÁI,1.0,
749,ÚC,,LÒ XO 73V,NVL-LV-7.0 x 90 x 73V,CỬA ÚC KT 4.6D XN-VK,CÁI,1.0,
750,ÚC,,LÒ XO 83V,NVL-LV-7.0 x 90 x 83V,CỬA ÚC KT 4.6D XN-VK,CÁI,1.0,
751,ÚC,,CÙM HÃM NHỰA,NVL-CHNHUA,CỬA ÚC KT 4.6D XN-VK,CÁI,2.0,
752,ÚC,,VAI HÃM XO,NVL-VAIHAMXO,CỬA ÚC KT 4.6D XN-VK,CÁI,3.0,
753,ÚC,,CÂY KÉO CỬA (INOX + NHỰA+MÓC),"NVL-INOX, NVL-NHUA, NVL-MOC",CỬA ÚC KT 4.6D XN-VK,KG/M,0.268,
754,ÚC,,GỐI SẮT,NVL-GOIFE,CỬA ÚC KT 4.6D XN-VK,CÁI,2.0,
755,ÚC,,BÁT KHÓA ÂM NỀN,NVL-BKAN,CỬA ÚC KT 4.6D XN-VK,KG/CẶP,0.1925,
756,ÚC,,VIS ĐẦU DÙ BẮN LÔ,NVL-VISDD-BANLO,CỬA ÚC KT 4.6D XN-VK,CON,0.0032,
757,ÚC,,VIS BẮN LÔ 2P,NVL-VIS-BANLO2P,CỬA ÚC KT 4.6D XN-VK,CON,0.0021,
758,ÚC,186.0,CỬA ÚC KT 4.6D XR-CAFE,TP-UC KT 4.6D XR-CF,CỬA ÚC KT 4.6D XR-CAFE,M2,1.0,395000.0
759,ÚC,,LÁ TÔN 4.6D XR-CF,NVL-TOLE0.42x598-XR-CF,CỬA ÚC KT 4.6D XR-CAFE,KG/M2,4.4,
760,ÚC,,GIÁ T,NVL-GIAT,CỬA ÚC KT 4.6D XR-CAFE,CẶP,1.0,
761,ÚC,,PULY GAI,NVL-PULYGAI,CỬA ÚC KT 4.6D XR-CAFE,KG/M2,0.126,
762,ÚC,,V ĐÁY (THANH ĐÁY ÚC),NVL-VDAY-TDU,CỬA ÚC KT 4.6D XR-CAFE,KG/M,0.6,
763,ÚC,,RON ĐÁY ÚC,NVL-RONDAYUC,CỬA ÚC KT 4.6D XR-CAFE,KG/M ngang,0.0077,
764,ÚC,,RAY SẮT (KHÔNG RON) U70,NVL-TOLE1.2x190-KRON,CỬA ÚC KT 4.6D XR-CAFE,KG/M,1.78,
765,ÚC,,XỐP ( TẤM NHỎ - 45cm),NVL-XOP-N45,CỬA ÚC KT 4.6D XR-CAFE,TẤM,1.0,
766,ÚC,,TRỤC 34,NVL-TRUC34,CỬA ÚC KT 4.6D XR-CAFE,KG/M,1.7,
767,ÚC,,PULY UC 34,NVL-PULYUC34,CỬA ÚC KT 4.6D XR-CAFE,CÁI,,
768,ÚC,,LÒ XO 46V,NVL-LX-5.5 x 70 x 46V,CỬA ÚC KT 4.6D XR-CAFE,CÁI,1.0,
769,ÚC,,LÒ XO 50V,NVL-LX-5.5 x 70 x 50V,CỬA ÚC KT 4.6D XR-CAFE,CÁI,,
770,ÚC,,LÒ XO 53V,NVL-LV-6.0 x 70 x 53V,CỬA ÚC KT 4.6D XR-CAFE,CÁI,2.0,
771,ÚC,,LÒ XO 63V,NVL-LV-6.5 x 80 x 63V,CỬA ÚC KT 4.6D XR-CAFE,CÁI,,
772,ÚC,,LÒ XO 68V,NVL-LV-6.5 x 80 x 68V,CỬA ÚC KT 4.6D XR-CAFE,CÁI,,
773,ÚC,,LÒ XO 65V,NVL-LV-7.0 x 90 x 65V,CỬA ÚC KT 4.6D XR-CAFE,CÁI,,
774,ÚC,,LÒ XO 73V,NVL-LV-7.0 x 90 x 73V,CỬA ÚC KT 4.6D XR-CAFE,CÁI,,
775,ÚC,,LÒ XO 83V,NVL-LV-7.0 x 90 x 83V,CỬA ÚC KT 4.6D XR-CAFE,CÁI,,
776,ÚC,,CÙM HÃM NHỰA,NVL-CHNHUA,CỬA ÚC KT 4.6D XR-CAFE,CÁI,2.0,
777,ÚC,,VAI HÃM XO,NVL-VAIHAMXO,CỬA ÚC KT 4.6D XR-CAFE,CÁI,3.0,
778,ÚC,,CÂY KÉO CỬA (INOX + NHỰA+MÓC),"NVL-INOX, NVL-NHUA, NVL-MOC",CỬA ÚC KT 4.6D XR-CAFE,KG/M,0.268,
779,ÚC,,GỐI SẮT,NVL-GOIFE,CỬA ÚC KT 4.6D XR-CAFE,CÁI,2.0,
780,ÚC,,BÁT KHÓA ÂM NỀN,NVL-BKAN,CỬA ÚC KT 4.6D XR-CAFE,KG/CẶP,0.1925,
781,ÚC,,VIS ĐẦU DÙ BẮN LÔ,NVL-VISDD-BANLO,CỬA ÚC KT 4.6D XR-CAFE,CON,0.0032,
782,ÚC,,VIS BẮN LÔ 2P,NVL-VIS-BANLO2P,CỬA ÚC KT 4.6D XR-CAFE,CON,0.0021,
783,ÚC,187.0,CỬA ÚC KT 4.6D TR-XLC,TP-UC KT 4.6D TRẮNG-XLC,CỬA ÚC KT 4.6D TR-XLC,M2,1.0,395000.0
784,ÚC,,LÁ TÔN 4.6D TR-XLC,NVL-TOLE0.42x598-TR-XLC,CỬA ÚC KT 4.6D TR-XLC,KG/M2,4.4,
785,ÚC,,GIÁ T,NVL-GIAT,CỬA ÚC KT 4.6D TR-XLC,CẶP,1.0,
786,ÚC,,PULY GAI,NVL-PULYGAI,CỬA ÚC KT 4.6D TR-XLC,KG/M2,0.126,
787,ÚC,,V ĐÁY (THANH ĐÁY ÚC),NVL-VDAY-TDU,CỬA ÚC KT 4.6D TR-XLC,KG/M,0.6,
788,ÚC,,RON ĐÁY ÚC,NVL-RONDAYUC,CỬA ÚC KT 4.6D TR-XLC,KG/M ngang,0.0077,
789,ÚC,,RAY SẮT (KHÔNG RON) U70,NVL-TOLE1.2x190-KRON,CỬA ÚC KT 4.6D TR-XLC,KG/M,1.78,
790,ÚC,,XỐP ( TẤM NHỎ - 45cm),NVL-XOP-N45,CỬA ÚC KT 4.6D TR-XLC,TẤM,1.0,
791,ÚC,,TRỤC 34,NVL-TRUC34,CỬA ÚC KT 4.6D TR-XLC,KG/M,1.7,
792,ÚC,,PULY UC 34,NVL-PULYUC34,CỬA ÚC KT 4.6D TR-XLC,CÁI,,
793,ÚC,,LÒ XO 46V,NVL-LX-5.5 x 70 x 46V,CỬA ÚC KT 4.6D TR-XLC,CÁI,1.0,
794,ÚC,,LÒ XO 50V,NVL-LX-5.5 x 70 x 50V,CỬA ÚC KT 4.6D TR-XLC,CÁI,,
795,ÚC,,LÒ XO 53V,NVL-LV-6.0 x 70 x 53V,CỬA ÚC KT 4.6D TR-XLC,CÁI,2.0,
796,ÚC,,LÒ XO 63V,NVL-LV-6.5 x 80 x 63V,CỬA ÚC KT 4.6D TR-XLC,CÁI,,
797,ÚC,,LÒ XO 68V,NVL-LV-6.5 x 80 x 68V,CỬA ÚC KT 4.6D TR-XLC,CÁI,,
798,ÚC,,LÒ XO 65V,NVL-LV-7.0 x 90 x 65V,CỬA ÚC KT 4.6D TR-XLC,CÁI,,
799,ÚC,,LÒ XO 73V,NVL-LV-7.0 x 90 x 73V,CỬA ÚC KT 4.6D TR-XLC,CÁI,,
800,,,LÒ XO 83V,NVL-LV-7.0 x 90 x 83V,CỬA ÚC KT 4.6D TR-XLC,CÁI,,
801,ÚC,,CÙM HÃM NHỰA,NVL-CHNHUA,CỬA ÚC KT 4.6D TR-XLC,CÁI,2.0,
802,ÚC,,VAI HÃM XO,NVL-VAIHAMXO,CỬA ÚC KT 4.6D TR-XLC,CÁI,3.0,
803,ÚC,,CÂY KÉO CỬA (INOX + NHỰA+MÓC),"NVL-INOX, NVL-NHUA, NVL-MOC",CỬA ÚC KT 4.6D TR-XLC,KG/M,0.268,
804,ÚC,,GỐI SẮT,NVL-GOIFE,CỬA ÚC KT 4.6D TR-XLC,CÁI,2.0,
805,ÚC,,BÁT KHÓA ÂM NỀN,NVL-BKAN,CỬA ÚC KT 4.6D TR-XLC,KG/CẶP,0.1925,
806,ÚC,,VIS ĐẦU DÙ BẮN LÔ,NVL-VISDD-BANLO,CỬA ÚC KT 4.6D TR-XLC,CON,0.0032,
807,ÚC,,VIS BẮN LÔ 2P,NVL-VIS-BANLO2P,CỬA ÚC KT 4.6D TR-XLC,CON,0.0021,
808,ÚC,188.0,CỬA ÚC KT 4.6D KU-GU,TP-UC KT 4.6D KU-GU,CỬA ÚC KT 4.6D KU-GU,M2,1.0,395000.0
809,ÚC,,LÁ TÔN 4.6D KU-GU,NVL-TOLE0.42x598-KU-GU,CỬA ÚC KT 4.6D KU-GU,KG/M2,4.4,
810,ÚC,,GIÁ T,NVL-GIAT,CỬA ÚC KT 4.6D KU-GU,CẶP,1.0,
811,ÚC,,PULY GAI,NVL-PULYGAI,CỬA ÚC KT 4.6D KU-GU,KG/M2,0.126,
812,ÚC,,V ĐÁY (THANH ĐÁY ÚC),NVL-VDAY-TDU,CỬA ÚC KT 4.6D KU-GU,KG/M,0.6,
813,ÚC,,RON ĐÁY ÚC,NVL-RONDAYUC,CỬA ÚC KT 4.6D KU-GU,KG/M ngang,0.0077,
814,ÚC,,RAY SẮT (KHÔNG RON) U70,NVL-TOLE1.2x190-KRON,CỬA ÚC KT 4.6D KU-GU,KG/M,1.78,
815,ÚC,,XỐP ( TẤM NHỎ - 45cm),NVL-XOP-N45,CỬA ÚC KT 4.6D KU-GU,TẤM,1.0,
816,ÚC,,TRỤC 34,NVL-TRUC34,CỬA ÚC KT 4.6D KU-GU,KG/M,1.7,
817,ÚC,,PULY UC 34,NVL-PULYUC34,CỬA ÚC KT 4.6D KU-GU,CÁI,,
818,,,LÒ XO 46V,NVL-LX-5.5 x 70 x 46V,CỬA ÚC KT 4.6D KU-GU,,,
819,ÚC,,LÒ XO 50V,NVL-LX-5.5 x 70 x 50V,CỬA ÚC KT 4.6D KU-GU,CÁI,1.0,
820,ÚC,,LÒ XO 53V,NVL-LV-6.0 x 70 x 53V,CỬA ÚC KT 4.6D KU-GU,CÁI,,
821,ÚC,,LÒ XO 63V,NVL-LV-6.5 x 80 x 63V,CỬA ÚC KT 4.6D KU-GU,CÁI,2.0,
822,ÚC,,LÒ XO 68V,NVL-LV-6.5 x 80 x 68V,CỬA ÚC KT 4.6D KU-GU,CÁI,,
823,ÚC,,LÒ XO 65V,NVL-LV-7.0 x 90 x 65V,CỬA ÚC KT 4.6D KU-GU,CÁI,,
824,ÚC,,LÒ XO 73V,NVL-LV-7.0 x 90 x 73V,CỬA ÚC KT 4.6D KU-GU,CÁI,,
825,ÚC,,LÒ XO 83V,NVL-LV-7.0 x 90 x 83V,CỬA ÚC KT 4.6D KU-GU,CÁI,,
826,ÚC,,CÙM HÃM NHỰA,NVL-CHNHUA,CỬA ÚC KT 4.6D KU-GU,CÁI,2.0,
827,ÚC,,VAI HÃM XO,NVL-VAIHAMXO,CỬA ÚC KT 4.6D KU-GU,CÁI,3.0,
828,ÚC,,CÂY KÉO CỬA (INOX + NHỰA+MÓC),"NVL-INOX, NVL-NHUA, NVL-MOC",CỬA ÚC KT 4.6D KU-GU,KG/M,0.268,
829,ÚC,,GỐI SẮT,NVL-GOIFE,CỬA ÚC KT 4.6D KU-GU,CÁI,2.0,
830,ÚC,,BÁT KHÓA ÂM NỀN,NVL-BKAN,CỬA ÚC KT 4.6D KU-GU,KG/CẶP,0.1925,
831,ÚC,,VIS ĐẦU DÙ BẮN LÔ,NVL-VISDD-BANLO,CỬA ÚC KT 4.6D KU-GU,CON,0.0032,
832,ÚC,,VIS BẮN LÔ 2P,NVL-VIS-BANLO2P,CỬA ÚC KT 4.6D KU-GU,CON,0.0021,
833,ÚC,189.0,CỬA ÚC KT 5.5D KU-GU,TP-UC KT 5.5D KU-GU,CỬA ÚC KT 5.5D KU-GU,M2,1.0,425000.0
834,ÚC,,LÁ TÔN 5.2D KU-GU,NVL-TOLE0.48x598-KU-GU,CỬA ÚC KT 5.5D KU-GU,KG/M2,5.7,
835,ÚC,,GIÁ T,NVL-GIAT,CỬA ÚC KT 5.5D KU-GU,CẶP,1.0,
836,ÚC,,PULY GAI,NVL-PULYGAI,CỬA ÚC KT 5.5D KU-GU,KG/M2,0.126,
837,ÚC,,V ĐÁY (THANH ĐÁY ÚC),NVL-VDAY-TDU,CỬA ÚC KT 5.5D KU-GU,KG/M,0.6,
838,ÚC,,RON ĐÁY ÚC,NVL-RONDAYUC,CỬA ÚC KT 5.5D KU-GU,KG/M ngang,0.0077,
839,ÚC,,RAY SẮT (KHÔNG RON) U70,NVL-TOLE1.2x190-KRON,CỬA ÚC KT 5.5D KU-GU,KG/M,1.78,
840,ÚC,,XỐP ( TẤM NHỎ - 45cm),NVL-XOP-N45,CỬA ÚC KT 5.5D KU-GU,TẤM,1.0,
841,ÚC,,TRỤC 34,NVL-TRUC34,CỬA ÚC KT 5.5D KU-GU,KG/M,1.7,
842,ÚC,,PULY UC 34,NVL-PULYUC34,CỬA ÚC KT 5.5D KU-GU,CÁI,,
843,ÚC,,LÒ XO 46V,NVL-LX-5.5 x 70 x 46V,CỬA ÚC KT 5.5D KU-GU,CÁI,1.0,
844,ÚC,,LÒ XO 50V,NVL-LX-5.5 x 70 x 50V,CỬA ÚC KT 5.5D KU-GU,CÁI,,
845,ÚC,,LÒ XO 53V,NVL-LV-6.0 x 70 x 53V,CỬA ÚC KT 5.5D KU-GU,CÁI,2.0,
846,ÚC,,LÒ XO 63V,NVL-LV-6.5 x 80 x 63V,CỬA ÚC KT 5.5D KU-GU,CÁI,,
847,ÚC,,LÒ XO 68V,NVL-LV-6.5 x 80 x 68V,CỬA ÚC KT 5.5D KU-GU,CÁI,,
848,ÚC,,LÒ XO 65V,NVL-LV-7.0 x 90 x 65V,CỬA ÚC KT 5.5D KU-GU,CÁI,,
849,ÚC,,LÒ XO 73V,NVL-LV-7.0 x 90 x 73V,CỬA ÚC KT 5.5D KU-GU,CÁI,,
850,ÚC,,LÒ XO 83V,NVL-LV-7.0 x 90 x 83V,CỬA ÚC KT 5.5D KU-GU,CÁI,,
851,ÚC,,CÙM HÃM NHỰA,NVL-CHNHUA,CỬA ÚC KT 5.5D KU-GU,CÁI,2.0,
852,ÚC,,VAI HÃM XO,NVL-VAIHAMXO,CỬA ÚC KT 5.5D KU-GU,CÁI,3.0,
853,ÚC,,CÂY KÉO CỬA (INOX + NHỰA+MÓC),"NVL-INOX, NVL-NHUA, NVL-MOC",CỬA ÚC KT 5.5D KU-GU,KG/M,0.268,
854,ÚC,,GỐI SẮT,NVL-GOIFE,CỬA ÚC KT 5.5D KU-GU,CÁI,2.0,
855,ÚC,,BÁT KHÓA ÂM NỀN,NVL-BKAN,CỬA ÚC KT 5.5D KU-GU,KG/CẶP,0.1925,
856,ÚC,,VIS ĐẦU DÙ BẮN LÔ,NVL-VISDD-BANLO,CỬA ÚC KT 5.5D KU-GU,CON,0.0032,
857,ÚC,,VIS BẮN LÔ 2P,NVL-VIS-BANLO2P,CỬA ÚC KT 5.5D KU-GU,CON,0.0021,
858,ÚC,190.0,CỬA ÚC KT 5.5D TR-XLC,TP-UC KT 5.5D TR-XLC,CỬA ÚC KT 5.5D TR-XLC,M2,1.0,425000.0
859,ÚC,,LÁ TÔN 5.2D TR-XLC,NVL-TOLE0.42x598-TR-XLC,CỬA ÚC KT 5.5D TR-XLC,KG/M2,4.4,
860,ÚC,,GIÁ T,NVL-GIAT,CỬA ÚC KT 5.5D TR-XLC,CẶP,1.0,
861,ÚC,,PULY GAI,NVL-PULYGAI,CỬA ÚC KT 5.5D TR-XLC,KG/M2,0.126,
862,ÚC,,V ĐÁY (THANH ĐÁY ÚC),NVL-VDAY-TDU,CỬA ÚC KT 5.5D TR-XLC,KG/M,0.6,
863,ÚC,,RON ĐÁY ÚC,NVL-RONDAYUC,CỬA ÚC KT 5.5D TR-XLC,KG/M ngang,0.0077,
864,ÚC,,RAY SẮT (KHÔNG RON) U70,NVL-TOLE1.2x190-KRON,CỬA ÚC KT 5.5D TR-XLC,KG/M,1.78,
865,ÚC,,XỐP ( TẤM NHỎ - 45cm),NVL-XOP-N45,CỬA ÚC KT 5.5D TR-XLC,TẤM,1.0,
866,ÚC,,TRỤC 34,NVL-TRUC34,CỬA ÚC KT 5.5D TR-XLC,KG/M,1.7,
867,ÚC,,PULY UC 34,NVL-PULYUC34,CỬA ÚC KT 5.5D TR-XLC,CÁI,,
868,ÚC,,LÒ XO 46V,NVL-LX-5.5 x 70 x 46V,CỬA ÚC KT 5.5D TR-XLC,CÁI,1.0,
869,ÚC,,LÒ XO 50V,NVL-LX-5.5 x 70 x 50V,CỬA ÚC KT 5.5D TR-XLC,CÁI,,
870,ÚC,,LÒ XO 53V,NVL-LV-6.0 x 70 x 53V,CỬA ÚC KT 5.5D TR-XLC,CÁI,2.0,
871,,,LÒ XO 63V,NVL-LV-6.5 x 80 x 63V,CỬA ÚC KT 5.5D TR-XLC,CÁI,,
872,ÚC,,LÒ XO 68V,NVL-LV-6.5 x 80 x 68V,CỬA ÚC KT 5.5D TR-XLC,CÁI,,
873,ÚC,,LÒ XO 65V,NVL-LV-7.0 x 90 x 65V,CỬA ÚC KT 5.5D TR-XLC,CÁI,,
874,ÚC,,LÒ XO 73V,NVL-LV-7.0 x 90 x 73V,CỬA ÚC KT 5.5D TR-XLC,CÁI,,
875,ÚC,,LÒ XO 83V,NVL-LV-7.0 x 90 x 83V,CỬA ÚC KT 5.5D TR-XLC,CÁI,,
876,ÚC,,CÙM HÃM NHỰA,NVL-CHNHUA,CỬA ÚC KT 5.5D TR-XLC,CÁI,2.0,
877,ÚC,,VAI HÃM XO,NVL-VAIHAMXO,CỬA ÚC KT 5.5D TR-XLC,CÁI,3.0,
878,ÚC,,CÂY KÉO CỬA (INOX + NHỰA+MÓC),"NVL-INOX, NVL-NHUA, NVL-MOC",CỬA ÚC KT 5.5D TR-XLC,KG/M,0.268,
879,ÚC,,GỐI SẮT,NVL-GOIFE,CỬA ÚC KT 5.5D TR-XLC,CÁI,2.0,
880,ÚC,,BÁT KHÓA ÂM NỀN,NVL-BKAN,CỬA ÚC KT 5.5D TR-XLC,KG/CẶP,0.1925,
881,ÚC,,VIS ĐẦU DÙ BẮN LÔ,NVL-VISDD-BANLO,CỬA ÚC KT 5.5D TR-XLC,CON,0.0032,
882,ÚC,,VIS BẮN LÔ 2P,NVL-VIS-BANLO2P,CỬA ÚC KT 5.5D TR-XLC,CON,0.0021,
883,ÚC,191.0,CỬA ÚC KT 5.5D XN-VK,TP-UC KT 5.5D XN-VK,CỬA ÚC KT 5.5D XN-VK,M2,1.0,425000.0
884,ÚC,,LÁ TÔN 4.6D XN-VK,NVL-TOLE0.42x598-XN-VK,CỬA ÚC KT 5.5D XN-VK,KG/M2,4.4,
885,ÚC,,GIÁ T,NVL-GIAT,CỬA ÚC KT 5.5D XN-VK,CẶP,1.0,
886,ÚC,,PULY GAI,NVL-PULYGAI,CỬA ÚC KT 5.5D XN-VK,KG/M2,0.126,
887,ÚC,,V ĐÁY (THANH ĐÁY ÚC),NVL-VDAY-TDU,CỬA ÚC KT 5.5D XN-VK,KG/M,0.6,
888,ÚC,,RON ĐÁY ÚC,NVL-RONDAYUC,CỬA ÚC KT 5.5D XN-VK,KG/M ngang,0.0077,
889,ÚC,,RAY SẮT (KHÔNG RON) U70,NVL-TOLE1.2x190-KRON,CỬA ÚC KT 5.5D XN-VK,KG/M,1.78,
890,ÚC,,XỐP ( TẤM NHỎ - 45cm),NVL-XOP-N45,CỬA ÚC KT 5.5D XN-VK,TẤM,1.0,
891,ÚC,,TRỤC 34,NVL-TRUC34,CỬA ÚC KT 5.5D XN-VK,KG/M,1.7,
892,ÚC,,PULY UC 34,NVL-PULYUC34,CỬA ÚC KT 5.5D XN-VK,CÁI,,
893,ÚC,,LÒ XO 46V,NVL-LX-5.5 x 70 x 46V,CỬA ÚC KT 5.5D XN-VK,CÁI,,
894,ÚC,,LÒ XO 50V,NVL-LX-5.5 x 70 x 50V,CỬA ÚC KT 5.5D XN-VK,CÁI,1.0,
895,ÚC,,LÒ XO 53V,NVL-LV-6.0 x 70 x 53V,CỬA ÚC KT 5.5D XN-VK,CÁI,,
896,ÚC,,LÒ XO 63V,NVL-LV-6.5 x 80 x 63V,CỬA ÚC KT 5.5D XN-VK,CÁI,2.0,
897,ÚC,,LÒ XO 68V,NVL-LV-6.5 x 80 x 68V,CỬA ÚC KT 5.5D XN-VK,CÁI,,
898,ÚC,,LÒ XO 65V,NVL-LV-7.0 x 90 x 65V,CỬA ÚC KT 5.5D XN-VK,CÁI,,
899,ÚC,,LÒ XO 73V,NVL-LV-7.0 x 90 x 73V,CỬA ÚC KT 5.5D XN-VK,CÁI,,
900,ÚC,,LÒ XO 83V,NVL-LV-7.0 x 90 x 83V,CỬA ÚC KT 5.5D XN-VK,CÁI,,
901,ÚC,,CÙM HÃM NHỰA,NVL-CHNHUA,CỬA ÚC KT 5.5D XN-VK,CÁI,2.0,
902,ÚC,,VAI HÃM XO,NVL-VAIHAMXO,CỬA ÚC KT 5.5D XN-VK,CÁI,3.0,
903,ÚC,,CÂY KÉO CỬA (INOX + NHỰA+MÓC),"NVL-INOX, NVL-NHUA, NVL-MOC",CỬA ÚC KT 5.5D XN-VK,KG/M,0.268,
904,ÚC,,GỐI SẮT,NVL-GOIFE,CỬA ÚC KT 5.5D XN-VK,CÁI,2.0,
905,ÚC,,BÁT KHÓA ÂM NỀN,NVL-BKAN,CỬA ÚC KT 5.5D XN-VK,KG/CẶP,0.1925,
906,ÚC,,VIS ĐẦU DÙ BẮN LÔ,NVL-VISDD-BANLO,CỬA ÚC KT 5.5D XN-VK,CON,0.0032,
907,ÚC,,VIS BẮN LÔ 2P,NVL-VIS-BANLO2P,CỬA ÚC KT 5.5D XN-VK,CON,0.0021,
908,ÚC,192.0,CỬA ÚC KT 5.5D XR-CAFE,TP-UC KT 5.5D XR-CF,CỬA ÚC KT 5.5D XR-CF,M2,1.0,425000.0
909,ÚC,,LÁ TÔN 4.6D XR-CF,NVL-TOLE0.42x598-XR-CF,CỬA ÚC KT 5.5D XR-CF,KG/M2,4.4,
910,ÚC,,GIÁ T,NVL-GIAT,CỬA ÚC KT 5.5D XR-CF,CẶP,1.0,
911,ÚC,,PULY GAI,NVL-PULYGAI,CỬA ÚC KT 5.5D XR-CF,KG/M2,0.126,
912,ÚC,,V ĐÁY (THANH ĐÁY ÚC),NVL-VDAY-TDU,CỬA ÚC KT 5.5D XR-CF,KG/M,0.6,
913,ÚC,,RON ĐÁY ÚC,NVL-RONDAYUC,CỬA ÚC KT 5.5D XR-CF,KG/M ngang,0.0077,
914,ÚC,,RAY SẮT (KHÔNG RON) U70,NVL-TOLE1.2x190-KRON,CỬA ÚC KT 5.5D XR-CF,KG/M,1.78,
915,ÚC,,XỐP ( TẤM NHỎ - 45cm),NVL-XOP-N45,CỬA ÚC KT 5.5D XR-CF,TẤM,1.0,
916,ÚC,,TRỤC 34,NVL-TRUC34,CỬA ÚC KT 5.5D XR-CF,KG/M,1.7,
917,ÚC,,PULY UC 34,NVL-PULYUC34,CỬA ÚC KT 5.5D XR-CF,CÁI,,
918,ÚC,,LÒ XO 46V,NVL-LX-5.5 x 70 x 46V,CỬA ÚC KT 5.5D XR-CF,CÁI,1.0,
919,ÚC,,LÒ XO 50V,NVL-LX-5.5 x 70 x 50V,CỬA ÚC KT 5.5D XR-CF,CÁI,,
920,ÚC,,LÒ XO 53V,NVL-LV-6.0 x 70 x 53V,CỬA ÚC KT 5.5D XR-CF,CÁI,2.0,
921,ÚC,,LÒ XO 63V,NVL-LV-6.5 x 80 x 63V,CỬA ÚC KT 5.5D XR-CF,CÁI,,
922,ÚC,,LÒ XO 68V,NVL-LV-6.5 x 80 x 68V,CỬA ÚC KT 5.5D XR-CF,CÁI,,
923,ÚC,,LÒ XO 65V,NVL-LV-7.0 x 90 x 65V,CỬA ÚC KT 5.5D XR-CF,CÁI,,
924,,,LÒ XO 73V,NVL-LV-7.0 x 90 x 73V,CỬA ÚC KT 5.5D XR-CF,CÁI,,
925,ÚC,,LÒ XO 83V,NVL-LV-7.0 x 90 x 83V,CỬA ÚC KT 5.5D XR-CF,CÁI,,
926,ÚC,,CÙM HÃM NHỰA,NVL-CHNHUA,CỬA ÚC KT 5.5D XR-CF,CÁI,2.0,
927,ÚC,,VAI HÃM XO,NVL-VAIHAMXO,CỬA ÚC KT 5.5D XR-CF,CÁI,3.0,
928,ÚC,,CÂY KÉO CỬA (INOX + NHỰA+MÓC),"NVL-INOX, NVL-NHUA, NVL-MOC",CỬA ÚC KT 5.5D XR-CF,KG/M,0.268,
929,ÚC,,GỐI SẮT,NVL-GOIFE,CỬA ÚC KT 5.5D XR-CF,CÁI,2.0,
930,ÚC,,BÁT KHÓA ÂM NỀN,NVL-BKAN,CỬA ÚC KT 5.5D XR-CF,KG/CẶP,0.1925,
931,ÚC,,VIS ĐẦU DÙ BẮN LÔ,NVL-VISDD-BANLO,CỬA ÚC KT 5.5D XR-CF,CON,0.0032,
932,ÚC,,VIS BẮN LÔ 2P,NVL-VIS-BANLO2P,CỬA ÚC KT 5.5D XR-CF,CON,0.0021,
933,ÚC,193.0,CỬA ÚC MTN 4.6D XN-VK,TP-UC MTN 4.6D XN-VK,CỬA ÚC MTN 4.6D XN-VK,M2,1.0,375000.0
934,ÚC,,LÁ TÔN 4.6D XN-VK,NVL-TOLE0.42x598-XN-VK,CỬA ÚC MTN 4.6D XN-VK,KG/M2,4.4,
935,ÚC,,V ĐÁY (THANH ĐÁY ÚC),NVL-VDAY-TDU,CỬA ÚC MTN 4.6D XN-VK,KG/M,0.6,
936,ÚC,,RON ĐÁY ÚC,NVL-RONDAYUC,CỬA ÚC MTN 4.6D XN-VK,KG/M ngang,0.0077,
937,ÚC,,SẮT VUÔNG 3X6M,NVL-3X6M,CỬA ÚC MTN 4.6D XN-VK,M,1.0,
938,ÚC,,RAY SẮT (KHÔNG RON) U70,NVL-TOLE1.2x190-KRON,CỬA ÚC MTN 4.6D XN-VK,KG/M,1.78,
939,ÚC,,XỐP ( TẤM NHỎ - 45cm),NVL-XOP-N45,CỬA ÚC MTN 4.6D XN-VK,TẤM,14.0,
940,ÚC,,TRỤC114_1.8LY,NVL-TRUC114_1.8LY,CỬA ÚC MTN 4.6D XN-VK,KG/M,1.7,
941,ÚC,,PULY 114,NVL-PULYUC114,CỬA ÚC MTN 4.6D XN-VK,CÁI,,
942,ÚC,,BÁT KHÓA ÂM NỀN,NVL-BKAN,CỬA ÚC MTN 4.6D XN-VK,KG/CẶP,0.1925,
943,ÚC,,VIS ĐẦU DÙ BẮN LÔ,NVL-VISDD-BANLO,CỬA ÚC MTN 4.6D XN-VK,CON,0.0032,
944,ÚC,194.0,CỬA ÚC MTN 4.6D XR-CF,TP-UC MTN 4.6D XR-CF,CỬA ÚC MTN 4.6D XR-CF,M2,1.0,375000.0
945,ÚC,,LÁ TÔN 4.6D XR-CF,NVL-TOLE0.42x598-XR-CF,CỬA ÚC KT 4.6D XR-CF,KG/M2,4.4,
946,ÚC,,V ĐÁY (THANH ĐÁY ÚC),NVL-VDAY-TDU,CỬA ÚC KT 4.6D XR-CF,KG/M,0.6,
947,ÚC,,RON ĐÁY ÚC,NVL-RONDAYUC,CỬA ÚC KT 4.6D XR-CF,KG/M ngang,0.0077,
948,ÚC,,SẮT VUÔNG 3X6M,NVL-3X6M,CỬA ÚC KT 4.6D XR-CF,M,1.0,
949,ÚC,,RAY SẮT (KHÔNG RON) U70,NVL-TOLE1.2x190-KRON,CỬA ÚC KT 4.6D XR-CF,KG/M,1.78,
950,ÚC,,XỐP ( TẤM NHỎ - 45cm),NVL-XOP-N45,CỬA ÚC KT 4.6D XR-CF,TẤM,14.0,
951,ÚC,,TRỤC114_1.8LY,NVL-TRUC114_1.8LY,CỬA ÚC KT 4.6D XR-CF,KG/M,1.7,
952,ÚC,,PULY 114,NVL-PULYUC114,CỬA ÚC KT 4.6D XR-CF,CÁI,,
953,ÚC,,BÁT KHÓA ÂM NỀN,NVL-BKAN,CỬA ÚC KT 4.6D XR-CF,KG/CẶP,0.1925,
954,ÚC,,VIS ĐẦU DÙ BẮN LÔ,NVL-VISDD-BANLO,CỬA ÚC KT 4.6D XR-CF,CON,0.0032,
955,ÚC,195.0,CỬA ÚC MTN 4.6D TR-XLC,TP-UC MTN 4.6D TR-XLC,CỬA ÚC MTN 4.6D TR-XLC,M2,1.0,375000.0
956,ÚC,,LÁ TÔN 4.6D TR-XLC,NVL-TOLE0.42x598-TR-XLC,CỬA ÚC MTN 4.6D TR-XLC,KG/M2,4.4,
957,ÚC,,V ĐÁY (THANH ĐÁY ÚC),NVL-VDAY-TDU,CỬA ÚC MTN 4.6D TR-XLC,KG/M,0.6,
958,ÚC,,RON ĐÁY ÚC,NVL-RONDAYUC,CỬA ÚC MTN 4.6D TR-XLC,KG/M ngang,0.0077,
959,ÚC,,SẮT VUÔNG 3X6M,NVL-3X6M,CỬA ÚC MTN 4.6D TR-XLC,M,1.0,
960,ÚC,,RAY SẮT (KHÔNG RON) U70,NVL-TOLE1.2x190-KRON,CỬA ÚC MTN 4.6D TR-XLC,KG/M,1.78,
961,ÚC,,XỐP ( TẤM NHỎ - 45cm),NVL-XOP-N45,CỬA ÚC MTN 4.6D TR-XLC,TẤM,14.0,
962,ÚC,,TRỤC114_1.8LY,NVL-TRUC114_1.8LY,CỬA ÚC MTN 4.6D TR-XLC,KG/M,1.7,
963,ÚC,,PULY 114,NVL-PULYUC114,CỬA ÚC MTN 4.6D TR-XLC,CÁI,,
964,ÚC,,BÁT KHÓA ÂM NỀN,NVL-BKAN,CỬA ÚC MTN 4.6D TR-XLC,KG/CẶP,0.1925,
965,ÚC,,VIS ĐẦU DÙ BẮN LÔ,NVL-VISDD-BANLO,CỬA ÚC MTN 4.6D TR-XLC,CON,0.0032,
966,ÚC,196.0,CỬA ÚC MTN 4.6D GU-KU,TP-UC MTN 4.6D GU-KU,CỬA ÚC MTN 4.6D GU-KU,M2,1.0,375000.0
967,ÚC,,LÁ TÔN 4.6D KU-GU,NVL-TOLE0.42x598-KU-GU,CỬA ÚC MTN 4.6D GU-KU,KG/M2,4.4,
968,ÚC,,V ĐÁY (THANH ĐÁY ÚC),NVL-VDAY-TDU,CỬA ÚC MTN 4.6D GU-KU,KG/M,0.6,
969,ÚC,,RON ĐÁY ÚC,NVL-RONDAYUC,CỬA ÚC MTN 4.6D GU-KU,KG/M ngang,0.0077,
970,,,SẮT VUÔNG 3X6M,NVL-3X6M,CỬA ÚC MTN 4.6D GU-KU,M,1.0,
971,ÚC,,RAY SẮT (KHÔNG RON) U70,NVL-TOLE1.2x190-KRON,CỬA ÚC MTN 4.6D GU-KU,KG/M,1.78,
972,ÚC,,XỐP ( TẤM NHỎ - 45cm),NVL-XOP-N45,CỬA ÚC MTN 4.6D GU-KU,TẤM,14.0,
973,ÚC,,TRỤC114_1.8LY,NVL-TRUC114_1.8LY,CỬA ÚC MTN 4.6D GU-KU,KG/M,1.7,
974,ÚC,,PULY 114,NVL-PULYUC114,CỬA ÚC MTN 4.6D GU-KU,CÁI,,
975,ÚC,,BÁT KHÓA ÂM NỀN,NVL-BKAN,CỬA ÚC MTN 4.6D GU-KU,KG/CẶP,0.1925,
976,ÚC,,VIS ĐẦU DÙ BẮN LÔ,NVL-VISDD-BANLO,CỬA ÚC MTN 4.6D GU-KU,CON,0.0032,
977,ÚC,197.0,CỬA ÚC MTN 5.5D XN-VK,TP-UC MTN 5.5D XN-VK,CỬA ÚC MTN 5.5D XN-VK,M2,1.0,405000.0
978,ÚC,,LÁ TÔN 4.6D XN-VK,NVL-TOLE0.42x598-XN-VK,CỬA ÚC MTN 5.5D XN-VK,KG/M2,4.4,
979,ÚC,,V ĐÁY (THANH ĐÁY ÚC),NVL-VDAY-TDU,CỬA ÚC MTN 5.5D XN-VK,KG/M,0.6,
980,ÚC,,RON ĐÁY ÚC,NVL-RONDAYUC,CỬA ÚC MTN 5.5D XN-VK,KG/M ngang,0.0077,
981,ÚC,,SẮT VUÔNG 3X6M,NVL-3X6M,CỬA ÚC MTN 5.5D XN-VK,M,1.0,
982,ÚC,,RAY SẮT (KHÔNG RON) U70,NVL-TOLE1.2x190-KRON,CỬA ÚC MTN 5.5D XN-VK,KG/M,1.78,
983,ÚC,,XỐP ( TẤM NHỎ - 45cm),NVL-XOP-N45,CỬA ÚC MTN 5.5D XN-VK,TẤM,14.0,
984,ÚC,,TRỤC114_1.8LY,NVL-TRUC114_1.8LY,CỬA ÚC MTN 5.5D XN-VK,KG/M,1.7,
985,ÚC,,PULY 114,NVL-PULYUC114,CỬA ÚC MTN 5.5D XN-VK,CÁI,,
986,ÚC,,BÁT KHÓA ÂM NỀN,NVL-BKAN,CỬA ÚC MTN 5.5D XN-VK,KG/CẶP,0.1925,
987,ÚC,,VIS ĐẦU DÙ BẮN LÔ,NVL-VISDD-BANLO,CỬA ÚC MTN 5.5D XN-VK,CON,0.0032,
988,ÚC,198.0,CỬA ÚC MTN 5.5D XR-CF,TP-UC MTN 5.5D XR-CF,CỬA ÚC MTN 5.5D XR-CF,M2,1.0,405000.0
989,ÚC,,LÁ TÔN 4.6D XR-CF,NVL-TOLE0.42x598-XR-CF,CỬA ÚC MTN 5.5D XR-CF,KG/M2,4.4,
990,ÚC,,V ĐÁY (THANH ĐÁY ÚC),NVL-VDAY-TDU,CỬA ÚC MTN 5.5D XR-CF,KG/M,0.6,
991,ÚC,,RON ĐÁY ÚC,NVL-RONDAYUC,CỬA ÚC MTN 5.5D XR-CF,KG/M ngang,0.0077,
992,,,SẮT VUÔNG 3X6M,NVL-3X6M,CỬA ÚC MTN 5.5D XR-CF,M,1.0,
993,ÚC,,RAY SẮT (KHÔNG RON) U70,NVL-TOLE1.2x190-KRON,CỬA ÚC MTN 5.5D XR-CF,KG/M,1.78,
994,ÚC,,XỐP ( TẤM NHỎ - 45cm),NVL-XOP-N45,CỬA ÚC MTN 5.5D XR-CF,TẤM,14.0,
995,ÚC,,TRỤC114_1.8LY,NVL-TRUC114_1.8LY,CỬA ÚC MTN 5.5D XR-CF,KG/M,1.7,
996,ÚC,,PULY 114,NVL-PULYUC114,CỬA ÚC MTN 5.5D XR-CF,CÁI,,
997,ÚC,,BÁT KHÓA ÂM NỀN,NVL-BKAN,CỬA ÚC MTN 5.5D XR-CF,KG/CẶP,0.1925,
998,ÚC,,VIS ĐẦU DÙ BẮN LÔ,NVL-VISDD-BANLO,CỬA ÚC MTN 5.5D XR-CF,CON,0.0032,
999,ÚC,199.0,CỬA ÚC MTN 5.5D TR-XLC,TP-UC MTN 5.5D TR-XLC,CỬA ÚC MTN 5.5D TR-XLC,M2,1.0,405000.0
1000,ÚC,,LÁ TÔN 4.6D TR-XLC,NVL-TOLE0.42x598-TR-XLC,CỬA ÚC MTN 5.5D TR-XLC,KG/M2,4.4,
1001,ÚC,,V ĐÁY (THANH ĐÁY ÚC),NVL-VDAY-TDU,CỬA ÚC MTN 5.5D TR-XLC,KG/M,0.6,
1002,ÚC,,RON ĐÁY ÚC,NVL-RONDAYUC,CỬA ÚC MTN 5.5D TR-XLC,KG/M ngang,0.0077,
1003,ÚC,,SẮT VUÔNG 3X6M,NVL-3X6M,CỬA ÚC MTN 5.5D TR-XLC,M,1.0,
1004,ÚC,,RAY SẮT (KHÔNG RON) U70,NVL-TOLE1.2x190-KRON,CỬA ÚC MTN 5.5D TR-XLC,KG/M,1.78,
1005,ÚC,,XỐP ( TẤM NHỎ - 45cm),NVL-XOP-N45,CỬA ÚC MTN 5.5D TR-XLC,TẤM,14.0,
1006,ÚC,,TRỤC114_1.8LY,NVL-TRUC114_1.8LY,CỬA ÚC MTN 5.5D TR-XLC,KG/M,1.7,
1007,ÚC,,PULY 114,NVL-PULYUC114,CỬA ÚC MTN 5.5D TR-XLC,CÁI,,
1008,ÚC,,BÁT KHÓA ÂM NỀN,NVL-BKAN,CỬA ÚC MTN 5.5D TR-XLC,KG/CẶP,0.1925,
1009,ÚC,,VIS ĐẦU DÙ BẮN LÔ,NVL-VISDD-BANLO,CỬA ÚC MTN 5.5D TR-XLC,CON,0.0032,
1010,ÚC,200.0,CỬA ÚC MTN 5.5D GU-KU,TP-UC MTN 5.5D GU-KU,CỬA ÚC MTN 5.5D GU-KU,M2,1.0,405000.0
1011,ÚC,,LÁ TÔN 5.2D KU-GU,NVL-TOLE0.48x598-KU-GU,CỬA ÚC MTN 5.5D GU-KU,KG/M2,4.4,
1012,ÚC,,V ĐÁY (THANH ĐÁY ÚC),NVL-VDAY-TDU,CỬA ÚC MTN 5.5D GU-KU,KG/M,0.6,
1013,ÚC,,RON ĐÁY ÚC,NVL-RONDAYUC,CỬA ÚC MTN 5.5D GU-KU,KG/M ngang,0.0077,
1014,ÚC,,SẮT VUÔNG 3X6M,NVL-3X6M,CỬA ÚC MTN 5.5D GU-KU,M,1.0,
1015,ÚC,,RAY SẮT (KHÔNG RON) U70,NVL-TOLE1.2x190-KRON,CỬA ÚC MTN 5.5D GU-KU,KG/M,1.78,
1016,ÚC,,XỐP ( TẤM NHỎ - 45cm),NVL-XOP-N45,CỬA ÚC MTN 5.5D GU-KU,TẤM,14.0,
1017,ÚC,,TRỤC114_1.8LY,NVL-TRUC114_1.8LY,CỬA ÚC MTN 5.5D GU-KU,KG/M,1.7,
1018,ÚC,,PULY 114,NVL-PULYUC114,CỬA ÚC MTN 5.5D GU-KU,CÁI,,
1019,ÚC,,BÁT KHÓA ÂM NỀN,NVL-BKAN,CỬA ÚC MTN 5.5D GU-KU,KG/CẶP,0.1925,
1020,ÚC,,VIS ĐẦU DÙ BẮN LÔ,NVL-VISDD-BANLO,CỬA ÚC MTN 5.5D GU-KU,CON,0.0032,
1021,ÚC,201.0,CỬA ÚC MTN 6D STĐ MSK,TP-UC MTN 6D STD MSK,CỬA ÚC MTN STD 6D MSK,M2,1.0,465000.0
1022,ÚC,,LÁ TÔN 4.6D XN-VK,NVL-TOLE0.42x598-XN-VK,CỬA ÚC MTN STD 6D MSK,KG/M2,5.6,
1023,ÚC,,V ĐÁY (THANH ĐÁY ÚC),NVL-VDAY-TDU,CỬA ÚC MTN STD 6D MSK,KG/M,0.6,
1024,ÚC,,RON ĐÁY ÚC,NVL-RONDAYUC,CỬA ÚC MTN STD 6D MSK,KG/M ngang,0.0077,
1025,ÚC,,SẮT VUÔNG 3X6M,NVL-3X6M,CỬA ÚC MTN STD 6D MSK,M,1.0,
1026,ÚC,,RAY SẮT (KHÔNG RON) U70,NVL-TOLE1.2x190-KRON,CỬA ÚC MTN STD 6D MSK,KG/M,1.78,
1027,ÚC,,XỐP ( TẤM NHỎ - 45cm),NVL-XOP-N45,CỬA ÚC MTN STD 6D MSK,TẤM,14.0,
1028,ÚC,,TRỤC114_1.8LY,NVL-TRUC114_1.8LY,CỬA ÚC MTN STD 6D MSK,KG/M,1.7,
1029,ÚC,,PULY 114,NVL-PULYUC114,CỬA ÚC MTN STD 6D MSK,CÁI,,
1030,ÚC,,BÁT KHÓA ÂM NỀN,NVL-BKAN,CỬA ÚC MTN STD 6D MSK,KG/CẶP,0.1925,
1031,ÚC,,VIS ĐẦU DÙ BẮN LÔ,NVL-VISDD-BANLO,CỬA ÚC MTN STD 6D MSK,CON,0.0032,
1032,ÚC,202.0,CỬA ÚC KT 6D STĐ MSK,TP-UC KT 6D STĐ MSK,CỬA ÚC KT 6D STĐ MSK,M2,1.0,465000.0
1033,ÚC,,LÁ TÔN 4.6D XN-VK,NVL-TOLE0.42x598-XN-VK,CỬA ÚC KT 6D STĐ MSK,KG/M2,5.6,
1034,ÚC,,GIÁ T,NVL-GIAT,CỬA ÚC KT 6D STĐ MSK,CẶP,1.0,
1035,ÚC,,PULY GAI,NVL-PULYGAI,CỬA ÚC KT 6D STĐ MSK,KG/M2,0.126,
1036,ÚC,,V ĐÁY (THANH ĐÁY ÚC),NVL-VDAY-TDU,CỬA ÚC KT 6D STĐ MSK,KG/M,0.6,
1037,ÚC,,RON ĐÁY ÚC,NVL-RONDAYUC,CỬA ÚC KT 6D STĐ MSK,KG/M ngang,0.0077,
1038,ÚC,,RAY SẮT (KHÔNG RON) U70,NVL-TOLE1.2x190-KRON,CỬA ÚC KT 6D STĐ MSK,KG/M,1.78,
1039,ÚC,,XỐP ( TẤM NHỎ - 45cm),NVL-XOP-N45,CỬA ÚC KT 6D STĐ MSK,TẤM,1.0,
1040,ÚC,,TRỤC 34,NVL-TRUC34,CỬA ÚC KT 6D STĐ MSK,KG/M,1.7,
1041,ÚC,,PULY UC 34,NVL-PULYUC34,CỬA ÚC KT 6D STĐ MSK,CÁI,,
1042,ÚC,,LÒ XO 46V,NVL-LX-5.5 x 70 x 46V,CỬA ÚC KT 6D STĐ MSK,CÁI,1.0,
1043,ÚC,,LÒ XO 50V,NVL-LX-5.5 x 70 x 50V,CỬA ÚC KT 6D STĐ MSK,CÁI,,
1044,ÚC,,LÒ XO 53V,NVL-LV-6.0 x 70 x 53V,CỬA ÚC KT 6D STĐ MSK,CÁI,2.0,
1045,ÚC,,LÒ XO 63V,NVL-LV-6.5 x 80 x 63V,CỬA ÚC KT 6D STĐ MSK,CÁI,,
1046,,,LÒ XO 68V,NVL-LV-6.5 x 80 x 68V,CỬA ÚC KT 6D STĐ MSK,CÁI,,
1047,ÚC,,LÒ XO 65V,NVL-LV-7.0 x 90 x 65V,CỬA ÚC KT 6D STĐ MSK,CÁI,,
1048,ÚC,,LÒ XO 73V,NVL-LV-7.0 x 90 x 73V,CỬA ÚC KT 6D STĐ MSK,CÁI,,
1049,ÚC,,LÒ XO 83V,NVL-LV-7.0 x 90 x 83V,CỬA ÚC KT 6D STĐ MSK,CÁI,,
1050,ÚC,,CÙM HÃM NHỰA,NVL-CHNHUA,CỬA ÚC KT 6D STĐ MSK,CÁI,2.0,
1051,ÚC,,VAI HÃM XO,NVL-VAIHAMXO,CỬA ÚC KT 6D STĐ MSK,CÁI,3.0,
1052,ÚC,,CÂY KÉO CỬA (INOX + NHỰA+MÓC),"NVL-INOX, NVL-NHUA, NVL-MOC",CỬA ÚC KT 6D STĐ MSK,KG/M,0.268,
1053,ÚC,,GỐI SẮT,NVL-GOIFE,CỬA ÚC KT 6D STĐ MSK,CÁI,2.0,
1054,ÚC,,BÁT KHÓA ÂM NỀN,NVL-BKAN,CỬA ÚC KT 6D STĐ MSK,KG/CẶP,0.1925,
1055,ÚC,,VIS ĐẦU DÙ BẮN LÔ,NVL-VISDD-BANLO,CỬA ÚC KT 6D STĐ MSK,CON,0.0032,
1056,ÚC,,VIS BẮN LÔ 2P,NVL-VIS-BANLO2P,CỬA ÚC KT 6D STĐ MSK,CON,0.0021,
1057,ĐỨC,203.0,CỬA ĐỨC KÉO TAY AL70 (2 LỚP) ,TP-DUC-KT AL70 (2 LỚP) STĐ MSK,CỬA ĐỨC KÉO TAY AL70 (2 LỚP) ,M2,1.0,890000.0
1058,ĐỨC,,LÁ TÔN 4.6D KU-GU,NVL-TOLE0.42x598-KU-GU,CỬA ĐỨC KÉO TAY AL70 (2 LỚP) ,KG/M2,5.6,
1059,ĐỨC,,Lá ruột (kg) AL70 (2 LỚP) MSK,NVL-TDAL70THO,CỬA ĐỨC KÉO TAY AL70 (2 LỚP) ,KG/M2,0,
1060,ĐỨC,,Lá đầu (kg) + Bộ 03 lá đáy (kg),NVL-LD-3LD,CỬA ĐỨC KÉO TAY AL70 (2 LỚP) ,KG/M2,0,
1061,ĐỨC,,GIÁ T,NVL-GIAT,CỬA ĐỨC KÉO TAY AL70 (2 LỚP) ,CẶP,1.0,
1062,ĐỨC,,Ron đáy đức (kg),NVL-RON-DD,CỬA ĐỨC KÉO TAY AL70 (2 LỚP) ,KG/M,0.117,
1063,ĐỨC,,BỌ 1VIS AL70_2LOP,NVL-BO1VIS AL70_2LOP,CỬA ĐỨC KÉO TAY AL70 (2 LỚP) ,KG/M2,0.00927,
1064,ĐỨC,,Vis,NVL-VIS,CỬA ĐỨC KÉO TAY AL70 (2 LỚP) ,KG/M2,0.0168,
1065,ĐỨC,,XỐP ( TẤM NHỎ - 45cm),NVL-XOP-N45,CỬA ĐỨC KÉO TAY AL70 (2 LỚP) ,TẤM,1.0,
1066,ĐỨC,,TRỤC 34,NVL-TRUC34,CỬA ĐỨC KÉO TAY AL70 (2 LỚP) ,KG/M,1.7,
1067,ĐỨC,,PULY UC 34,NVL-PULYUC34,CỬA ĐỨC KÉO TAY AL70 (2 LỚP) ,CÁI,,
1068,ĐỨC,,LÒ XO 46V,NVL-LX-5.5 x 70 x 46V,CỬA ĐỨC KÉO TAY AL70 (2 LỚP) ,CÁI,1.0,
1069,ĐỨC,,LÒ XO 50V,NVL-LX-5.5 x 70 x 50V,CỬA ĐỨC KÉO TAY AL70 (2 LỚP) ,CÁI,,
1070,ĐỨC,,LÒ XO 53V,NVL-LV-6.0 x 70 x 53V,CỬA ĐỨC KÉO TAY AL70 (2 LỚP) ,CÁI,2.0,
1071,ĐỨC,,LÒ XO 63V,NVL-LV-6.5 x 80 x 63V,CỬA ĐỨC KÉO TAY AL70 (2 LỚP) ,CÁI,,
1072,ĐỨC,,LÒ XO 68V,NVL-LV-6.5 x 80 x 68V,CỬA ĐỨC KÉO TAY AL70 (2 LỚP) ,CÁI,,
1073,ĐỨC,,LÒ XO 65V,NVL-LV-7.0 x 90 x 65V,CỬA ĐỨC KÉO TAY AL70 (2 LỚP) ,CÁI,,
1074,ĐỨC,,LÒ XO 73V,NVL-LV-7.0 x 90 x 73V,CỬA ĐỨC KÉO TAY AL70 (2 LỚP) ,CÁI,,
1075,ĐỨC,,LÒ XO 83V,NVL-LV-7.0 x 90 x 83V,CỬA ĐỨC KÉO TAY AL70 (2 LỚP) ,CÁI,2.0,
1076,ĐỨC,,VAI HÃM XO,NVL-VAIHAMXO,CỬA ĐỨC KÉO TAY AL70 (2 LỚP) ,CÁI,3.0,
1077,ĐỨC,,CÂY KÉO CỬA (INOX + NHỰA+MÓC),"NVL-INOX, NVL-NHUA, NVL-MOC",CỬA ĐỨC KÉO TAY AL70 (2 LỚP) ,KG/M,0.268,
1078,ĐỨC,,GỐI SẮT,NVL-GOIFE,CỬA ĐỨC KÉO TAY AL70 (2 LỚP) ,CÁI,2.0,
1079,ĐỨC,,BÁT KHÓA ÂM NỀN,NVL-BKAN,CỬA ĐỨC KÉO TAY AL70 (2 LỚP) ,KG/CẶP,0.1925,
1080,ĐỨC,,VIS ĐẦU DÙ BẮN LÔ,NVL-VISDD-BANLO,CỬA ĐỨC KÉO TAY AL70 (2 LỚP) ,CON,0.0032,
1081,ĐỨC,,VIS BẮN LÔ 2P,NVL-VIS-BANLO2P,CỬA ĐỨC KÉO TAY AL70 (2 LỚP) ,CON,0.0021,
1082,ĐỨC,204.0,CỬA ĐỨC KÉO TAY AL70 (1 LỚP) ,TP-DUC-KT AL70 STĐ MSK,CỬA ĐỨC KÉO TAY AL70 (1 LỚP) ,M2,1.0,890000.0
1083,ĐỨC,,LÁ TÔN 4.6D KU-GU,NVL-TOLE0.42x598-KU-GU,CỬA ĐỨC KÉO TAY AL70 (1 LỚP) ,KG/M2,5.6,
1084,ĐỨC,,Lá ruột (kg) AL70 (1 LỚP) MSK,NVL-AL701LOPTHO,CỬA ĐỨC KÉO TAY AL70 (1 LỚP) ,KG/M2,0,
1085,ĐỨC,,Lá đầu (kg) + Bộ 03 lá đáy (kg),NVL-LD-3LD,CỬA ĐỨC KÉO TAY AL70 (1 LỚP) ,KG/M2,0,
1086,ĐỨC,,GIÁ T - CỬA ĐỨC KÉO TAY AL70 (1 LỚP) ,NVL-GIAT,CỬA ĐỨC KÉO TAY AL70 (1 LỚP) ,CẶP,1.0,
1087,ĐỨC,,Ron đáy đức (kg) - CỬA ĐỨC KÉO TAY AL70 (1 LỚP) ,NVL-RON-DD,CỬA ĐỨC KÉO TAY AL70 (1 LỚP) ,KG/M,0.117,
1088,ĐỨC,,BỌ 1VIS AL70_1LOP - CỬA ĐỨC KÉO TAY AL70 (1 LỚP) ,NVL-BO1VIS AL70_1LOP,CỬA ĐỨC KÉO TAY AL70 (1 LỚP) ,KG,0.066,
1089,ĐỨC,,Vis - CỬA ĐỨC KÉO TAY AL70 (1 LỚP) ,NVL-VIS,CỬA ĐỨC KÉO TAY AL70 (1 LỚP) ,KG,0.0341,
1090,ĐỨC,,XỐP ( TẤM NHỎ - 45cm) - CỬA ĐỨC KÉO TAY AL70 (1 LỚP) ,NVL-XOP-N45,CỬA ĐỨC KÉO TAY AL70 (1 LỚP) ,TẤM,1.0,
1091,ĐỨC,,TRỤC 34 ,NVL-TRUC34,CỬA ĐỨC KÉO TAY AL70 (1 LỚP) ,KG/M,1.7,
1092,ĐỨC,,PULY UC 34 ,NVL-PULYUC34,CỬA ĐỨC KÉO TAY AL70 (1 LỚP) ,CÁI,,
1093,ĐỨC,,LÒ XO 46V,NVL-LX-5.5 x 70 x 46V,CỬA ĐỨC KÉO TAY AL70 (1 LỚP) ,CÁI,1.0,
1094,ĐỨC,,LÒ XO 50V,NVL-LX-5.5 x 70 x 50V,CỬA ĐỨC KÉO TAY AL70 (1 LỚP) ,CÁI,,
1095,ĐỨC,,LÒ XO 53V,NVL-LV-6.0 x 70 x 53V,CỬA ĐỨC KÉO TAY AL70 (1 LỚP) ,CÁI,2.0,
1096,ĐỨC,,LÒ XO 63V,NVL-LV-6.5 x 80 x 63V,CỬA ĐỨC KÉO TAY AL70 (1 LỚP) ,CÁI,,
1097,ĐỨC,,LÒ XO 68V,NVL-LV-6.5 x 80 x 68V,CỬA ĐỨC KÉO TAY AL70 (1 LỚP) ,CÁI,,
1098,ĐỨC,,LÒ XO 65V,NVL-LV-7.0 x 90 x 65V,CỬA ĐỨC KÉO TAY AL70 (1 LỚP) ,CÁI,,
1099,ĐỨC,,LÒ XO 73V,NVL-LV-7.0 x 90 x 73V,CỬA ĐỨC KÉO TAY AL70 (1 LỚP) ,CÁI,,
1100,ĐỨC,,LÒ XO 83V,NVL-LV-7.0 x 90 x 83V,CỬA ĐỨC KÉO TAY AL70 (1 LỚP) ,CÁI,2.0,
1101,ĐỨC,,VAI HÃM XO - CỬA ĐỨC KÉO TAY AL70 (1 LỚP) ,NVL-VAIHAMXO,CỬA ĐỨC KÉO TAY AL70 (1 LỚP) ,CÁI,3.0,
1102,ĐỨC,,CÂY KÉO CỬA (INOX + NHỰA+MÓC) - CỬA ĐỨC KÉO TAY AL70 (1 LỚP) ,"NVL-INOX, NVL-NHUA, NVL-MOC",CỬA ĐỨC KÉO TAY AL70 (1 LỚP) ,KG/M,0.268,
1103,ĐỨC,,GỐI SẮT - CỬA ĐỨC KÉO TAY AL70 (1 LỚP) ,NVL-GOIFE,CỬA ĐỨC KÉO TAY AL70 (1 LỚP) ,CÁI,2.0,
1104,ĐỨC,,BÁT KHÓA ÂM NỀN - CỬA ĐỨC KÉO TAY AL70 (1 LỚP) ,NVL-BKAN,CỬA ĐỨC KÉO TAY AL70 (1 LỚP) ,KG/CẶP,0.1925,
1105,ĐỨC,,VIS ĐẦU DÙ BẮN LÔ - CỬA ĐỨC KÉO TAY AL70 (1 LỚP) ,NVL-VISDD-BANLO,CỬA ĐỨC KÉO TAY AL70 (1 LỚP) ,CON,16.0,
1106,ĐỨC,,VIS BẮN LÔ 2P - CỬA ĐỨC KÉO TAY AL70 (1 LỚP) ,NVL-VIS-BANLO2P,CỬA ĐỨC KÉO TAY AL70 (1 LỚP) ,CON,44.0,
1107,LƯỚI MV,205.0,CỬA LƯỚI MẮT VÕNG STĐ - Trọn bộ,TP-LUOI-MV-STD - TRONBO,CỬA LƯỚI MẮT VÕNG STĐ-Trọn bộ,M2,1.0,590000.0
1108,LƯỚI MV,,LƯỚI MV STĐ,NVL-LUOIMV_STD,CỬA LƯỚI MẮT VÕNG STĐ-Trọn bộ,KG/M,0.35,
1109,LƯỚI MV,,BỌ MẮT VÕNG VÕNG,NVL-BOMV,CỬA LƯỚI MẮT VÕNG STĐ-Trọn bộ,m2,64.0,
1110,LƯỚI MV,,LÁ ĐÀI LOAN STĐ 8D,NVL-TOLEKEM124_6D,CỬA LƯỚI MẮT VÕNG STĐ-Trọn bộ,M2,0.077,tính lại
1111,LƯỚI MV,,LÁ ĐÀI LOAN STĐ 1LY,NVL-TOLEKEM124_8D,CỬA LƯỚI MẮT VÕNG STĐ-Trọn bộ,M2,0.077,tính lại
1112,LƯỚI MV,,LÁ YẾM,NVL-TOLEKEM70_8D-YEMMV,CỬA LƯỚI MẮT VÕNG STĐ-Trọn bộ,m,0.03,
1113,LƯỚI MV,,BÁT (DÙNG BẮT VÀO LÁ YẾM),NVL-BATMV,CỬA LƯỚI MẮT VÕNG STĐ-Trọn bộ,m,7.0,
1114,LƯỚI MV,,ĐINH TÁN,NVL-DINHTANMV,CỬA LƯỚI MẮT VÕNG STĐ-Trọn bộ,M NGANG,0.0015,
1115,LƯỚI MV,,CON TÁN,NVL-CONTANMV,CỬA LƯỚI MẮT VÕNG STĐ-Trọn bộ,M NGANG,0.0008,
1116,LƯỚI MV,,V4_KẼM,NVL-V4-KEM_TOLE75_STD,CỬA LƯỚI MẮT VÕNG STĐ-Trọn bộ,KG,1.312,
1117,LƯỚI MV,,Chi phí STD_V4,CPSTD_V4,CỬA LƯỚI MẮT VÕNG STĐ-Trọn bộ,M,,
1118,LƯỚI MV,,Chi phí STD_LƯỚI,CPSTD_LUOI,CỬA LƯỚI MẮT VÕNG STĐ-Trọn bộ,M2,,
1119,LƯỚI MV,,Chi phí STD_LÁ,CPSTD_LADL,CỬA LƯỚI MẮT VÕNG STĐ-Trọn bộ,M2,,
1120,LƯỚI MV,,TRỤC114_1.8LY,NVL-TRUC114_1.8LY,CỬA LƯỚI MẮT VÕNG STĐ-Trọn bộ,KG/M,4.4,
1121,LƯỚI MV,,NVL-BẮN BƯỚM SẮT,TP-BUOMSAT,BẮN BƯỚM SẮT,KG/M2,0.14,30000.0
1122,LƯỚI MV,,BẮN BƯỚM (INOX),TP-BUOMINOX,BẮN BƯỚM INOX,M2,1.0,60000.0
1123,,,RONNHUAVANGCANHAY_RSU70,RONNHUAVANGCANHAY_RSU70,CỬA LƯỚI MẮT VÕNG STĐ-Trọn bộ,KG/M,0.135,
1124,LƯỚI MV,,RAY SẮT (CÓ RON) U70,NVL-TOLE1.2x190-CORON,CỬA LƯỚI MẮT VÕNG STĐ-Trọn bộ,KG/M,1.78,
1125,,206.0,TP TRỤC 140,TP-TRUC140,TRỤC 140,M,1.0,180000.0
1126,,,TRỤC140_2.4LY,NVL-TRUC114_2.4LY,TRỤC 140,KG/M,12.8,
1127,,207.0,TP TRỤC 168,TP-TRUC168,TRỤC 168,M,1.0,500000.0
1128,,,TRỤC168_5LY,NVL-TRUC168_5LY,TRỤC 168,KG/M,15.6,
1129,,208.0,TP RAY SẮT U70 (KHÔNG RON),NVL-TOLE1.2x190-KRON,RAY SẮT U70 (KHÔNG RON),M,1.0,70000.0
1130,,,RAY SẮT (KHÔNG RON) U70,NVL-TOLE1.2x190-KRON,RAY SẮT U70 (KHÔNG RON),KG/M,1.78,
1131,,209.0,TP RAY SẮT U100-1.2ly (KHÔNG RON),NVL-TOLE1.4x270x1.2ly-KRON,RAY SẮT U100-1.2ly (KHÔNG RON),M,1.0,90000.0
1132,,,RAY SẮT (KHÔNG RON) - 10P_1.2ly,NVL-TOLE1.4x270x1.2ly-KRON,RAY SẮT U100-1.2ly (KHÔNG RON),KG/M,2.55,
1133,,210.0,TP RAY SẮT U100-1.2ly (CÓ RON),NVL-TOLE1.4x270x1.2ly-CRON,RAY SẮT U100-1.2ly (CÓ RON),M,1.0,95000.0
1134,,,RAY SẮT (CÓ RON) - 10P_1.2ly,NVL-TOLE1.4x270x1.2ly-CRON,RAY SẮT U100-1.2ly (CÓ RON),KG/M,2.55,
1135,,,RONNHUAVANGCANHAY_RSU100,RONNHUAVANGCẢNHAY_RSU100,RAY SẮT U100-1.4ly (CÓ RON),KG/M,0.1425,
1136,,211.0,TP RAY SẮT U100-1.4ly (KHÔNG RON),NVL-TOLE1.4x270x1.4ly-KRON,RAY SẮT U100-1.4ly (KHÔNG RON),M,1.0,105000.0
1137,,,RAY SẮT (KHÔNG RON) - 10P_1.4ly,NVL-TOLE1.4x270x1.4ly-KRON,RAY SẮT U100-1.4ly (KHÔNG RON),KG/M,2.55,
1138,,212.0,TP RAY SẮT U100-1.4ly (CÓ RON),NVL-TOLE1.4x270x1.4ly-CRON,RAY SẮT U100-1.4ly (CÓ RON),M,1.0,110000.0
1139,,,RAY SẮT (CÓ RON) - 10P_1.4ly,NVL-TOLE1.4x270x1.4ly-CRON,RAY SẮT U100-1.4ly (CÓ RON),KG/M,2.55,
1140,,,RONNHUAVANGCANHAY_RSU100,RONNHUAVANGCẢNHAY_RSU100,RAY SẮT U100-1.4ly (CÓ RON),KG/M,0.1425,
1141,,213.0,TP RAY SẮT U100-1.4ly (CÓ RON+TỰ DỪNG),NVL-TOLE1.4x270x1.4ly-CRON+TD,RAY SẮT U100-1.4ly (CÓ RON+TỰ DỪNG),M,1.0,135000.0
1142,,,RAY SẮT (CÓ RON+TỰ DỪNG) - 10P_1.4ly,NVL-TOLE1.4x270x1.4ly-CRON+TD,RAY SẮT U100-1.4ly (CÓ RON+TỰ DỪNG),KG/M,2.55,
1143,,,RONNHUAVANGCẢNHAY_RSU100,RONNHUAVANGCẢNHAY_RSU100,RAY SẮT U100-1.4ly (CÓ RON+TỰ DỪNG),KG/M,0.1425,
1144,,,Ron nhựa đáy ray,NVL-RNHUA-DR,RAY SẮT U100-1.4ly (CÓ RON+TỰ DỪNG),KG/M,0.263,
1145,,,Ron inox đáy ray,NVL-RNINOX-DR,RAY SẮT U100-1.4ly (CÓ RON+TỰ DỪNG),KG/M,0.124,
1146,,214.0,TP RAY SẮT U70 (CÓ RON),TP-RS7P (CÓ RON) ,RAY SẮT U70 (CÓ RON),M,1.0,75000.0
1147,,,RAY SẮT (CÓ RON) U70,NVL-TOLE1.2x190-CORON,RAY SẮT U70 (CÓ RON),KG/M,1.78,
1148,,,RONNHUAVANGCANHAY_RSU70,RONNHUAVANGCANHAY_RSU70,RAY SẮT U70 (CÓ RON),KG/M,0.135,
1149,LƯỚI MV,215.0,TP CỬA LƯỚI MẮT VÕNG STĐ - Tách món,TP-LUOI-MV-STD - TM,CỬA LƯỚI MẮT VÕNG STĐ - TÁCH MÓN,M2,1.0,450000.0
1150,LƯỚI MV,,LƯỚI MV STĐ,NVL-LUOIMV_STD,CỬA LƯỚI MV STĐ - TÁCH MÓN,KG/M2,0.35,
1151,LƯỚI MV,,BỌ MẮT VÕNG VÕNG,NVL-BOMV,CỬA LƯỚI MV STĐ - TÁCH MÓN,bọ,64.0,
1152,LƯỚI MV,,LÁ YẾM,NVL-TOLEKEM70_8D-YEMMV,CỬA LƯỚI MV STĐ - TÁCH MÓN,M,,
1153,LƯỚI MV,,BÁT MẮT VÕNG,NVL-BATMV,CỬA LƯỚI MV STĐ - TÁCH MÓN,CÁI,7.0,
1154,LƯỚI MV,,ĐINH TÁN,NVL-DINHTANMV,CỬA LƯỚI MV STĐ - TÁCH MÓN,M NGANG,0.0015,
1155,LƯỚI MV,,CON TÁN,NVL-CONTANMV,CỬA LƯỚI MV STĐ - TÁCH MÓN,M NGANG,0.0008,
1156,LƯỚI MV,,Chi phí STD_LƯỚI,CPSTD_LUOI,CỬA LƯỚI MV STĐ - TÁCH MÓN,M2,,
1157,LƯỚI MV,,Chi phí STD_LÁ,CPSTD_LADL,CỬA LƯỚI MV STĐ - TÁCH MÓN,M2,,
1158,LƯỚI SN19,216.0,CỬA LƯỚI SN PHI 19 STD - TÁCH MÓN,TP-LUOI-SN-STD - TM,CỬA LƯỚI SN PHI 19 STD - TÁCH MÓN,M2,1.0,490000.0
1159,LƯỚI SN19,,LƯỚI SN TRÒN PHI 19 STĐ,NVL-LUOISNPHI19_STD,CỬA LƯỚI SN PHI 19 STD - TÁCH MÓN,KG,0.435,
1160,LƯỚI SN19,,BỌ LUỚI SN PHI 19,NVL-BOSNPHI19,CỬA LƯỚI SN PHI 19 STD - TÁCH MÓN,cái,2.0,
1161,LƯỚI SN19,,LÁ YẾM,NVL-TOLEKEM70_8D-YEMMV,CỬA LƯỚI SN PHI 19 STD - TÁCH MÓN,M,,
1162,LƯỚI SN19,,BÁT SN PHI 19,NVL-BATSNPHI19,CỬA LƯỚI SN PHI 19 STD - TÁCH MÓN,CÁI,7.0,
1163,LƯỚI SN19,,ĐINH TÁN,NVL-DINHTANMV,CỬA LƯỚI SN PHI 19 STD - TÁCH MÓN,KG,0.0015,
1164,LƯỚI SN19,,CON TÁN,NVL-CONTANMV,CỬA LƯỚI SN PHI 19 STD - TÁCH MÓN,KG,0.0008,
1165,LƯỚI SN19,,MÓNG NGỰA SN PHI 19,NVL-MONGNGUASNPHI19,CỬA LƯỚI SN PHI 19 STD - TÁCH MÓN,CÁI,40.0,
1166,LƯỚI SN19,,NHẪN SN PHI 19,NVL-NHANSNPHI19,CỬA LƯỚI SN PHI 19 STD - TÁCH MÓN,CÁI,20.0,
1167,LƯỚI SN19,,Chi phí STD_LƯỚI,CPSTD_LUOI,CỬA LƯỚI SN PHI 19 STD - TÁCH MÓN,M2,,
1168,LƯỚI SN19,,Chi phí STD_LÁ,CPSTD_LADL,CỬA LƯỚI SN PHI 19 STD - TÁCH MÓN,M2,,
1169,LƯỚI SN19,217.0,CỬA LƯỚI SN PHI 19 STD - TRỌN BỘ,TP-LUOI-SN-STD - TRONBO,CỬA LƯỚI SN PHI 19 STD - TRỌN BỘ,M2,1.0,630000.0
1170,LƯỚI SN19,,LƯỚI SN TRÒN PHI 19 STĐ,NVL-LUOISNPHI19_STD,CỬA LƯỚI SN PHI 19 STD - TRỌN BỘ,KG,0.435,
1171,LƯỚI SN19,,BỌ LUỚI SN PHI 19,NVL-BOSNPHI19,CỬA LƯỚI SN PHI 19 STD - TRỌN BỘ,cái,2.0,
1172,LƯỚI SN19,,LÁ YẾM,NVL-TOLEKEM70_8D-YEMMV,CỬA LƯỚI SN PHI 19 STD - TRỌN BỘ,M,,
1173,LƯỚI SN19,,BÁT SN PHI 19,NVL-BATSNPHI19,CỬA LƯỚI SN PHI 19 STD - TRỌN BỘ,CÁI,7.0,
1174,LƯỚI SN19,,ĐINH TÁN,NVL-DINHTANMV,CỬA LƯỚI SN PHI 19 STD - TRỌN BỘ,KG,0.0015,
1175,LƯỚI SN19,,CON TÁN,NVL-CONTANMV,CỬA LƯỚI SN PHI 19 STD - TRỌN BỘ,KG,0.0008,
1176,LƯỚI SN19,,MÓNG NGỰA SN PHI 19,NVL-MONGNGUASNPHI19,CỬA LƯỚI SN PHI 19 STD - TRỌN BỘ,CÁI,40.0,
1177,LƯỚI SN19,,NHẪN SN PHI 19,NVL-NHANSNPHI19,CỬA LƯỚI SN PHI 19 STD - TRỌN BỘ,CÁI,20.0,
1178,LƯỚI SN19,,LÁ ĐÀI LOAN STĐ 8D,NVL-TOLEKEM124_6D,CỬA LƯỚI SN PHI 19 STD - TRỌN BỘ,M2,0.077,tính lại
1179,LƯỚI SN19,,LÁ ĐÀI LOAN STĐ 1LY,NVL-TOLEKEM124_8D,CỬA LƯỚI SN PHI 19 STD - TRỌN BỘ,M2,0.077,tính lại
1180,LƯỚI SN19,,V4_KẼM,NVL-V4-KEM_TOLE75_STD,CỬA LƯỚI SN PHI 19 STD - TRỌN BỘ,KG,1.312,
1181,LƯỚI SN19,,Chi phí STD_V4,CPSTD_V4,CỬA LƯỚI SN PHI 19 STD - TRỌN BỘ,M,,
1182,LƯỚI SN19,,Chi phí STD_LƯỚI,CPSTD_LUOI,CỬA LƯỚI SN PHI 19 STD - TRỌN BỘ,M2,,
1183,LƯỚI SN19,,Chi phí STD_LÁ,CPSTD_LADL,CỬA LƯỚI SN PHI 19 STD - TRỌN BỘ,M2,,
1184,LƯỚI SN19,,TRỤC114_1.8LY,NVL-TRUC114_1.8LY,CỬA LƯỚI SN PHI 19 STD - TRỌN BỘ,KG/M,4.4,
1185,LƯỚI SN13x26,218.0,LƯỚI SN PHI 13X26 STĐ - TRỌN  BỘ,TP-LUOI-SN13x26-STD - TRONBO,CỬA LƯỚI SN PHI 13x26 STĐ - TRỌN BỘ,M2,,750000.0
1186,LƯỚI SN13x26,,LƯỚI SN VUÔNG PHI 13X26 STĐ,TP-LUOISN13x26_STD,CỬA LƯỚI SN PHI 13x26 STĐ - TRỌN BỘ,KG,0.435,
1187,LƯỚI SN13x26,,LÁ ĐÀI LOAN STĐ 8D,NVL-TOLEKEM124_6D,CỬA LƯỚI SN PHI 13x26 STĐ - TRỌN BỘ,M2,XUẤT THỰC TẾ,tính lại
1188,LƯỚI SN13x26,,LÁ ĐÀI LOAN STĐ 1LY,NVL-TOLEKEM124_8D,CỬA LƯỚI SN PHI 13x26 STĐ - TRỌN BỘ,M2,XUẤT THỰC TẾ,tính lại
1189,LƯỚI SN13x26,,V4_KẼM,NVL-V4-KEM_TOLE75_STD,CỬA LƯỚI SN PHI 13x26 STĐ - TRỌN BỘ,KG,1.312,
1190,LƯỚI SN13x26,,Chi phí STD_V4,CPSTD_V4,CỬA LƯỚI SN PHI 13x26 STĐ - TRỌN BỘ,M,,
1191,LƯỚI SN13x26,,Chi phí STD_LÁ,CPSTD_LADL,CỬA LƯỚI SN PHI 13x26 STĐ - TRỌN BỘ,M2,,
1192,LƯỚI SN13x26,,TRỤC114_1.8LY,NVL-TRUC114_1.8LY,CỬA LƯỚI SN PHI 13x26 STĐ - TRỌN BỘ,KG/M,4.4,
1193,LƯỚI SN13x26,219.0,LƯỚI SN PHI 13X26 STĐ - TÁCH MÓN,TP-LUOI-SN13x26-STD - TACHMON,CỬA LƯỚI SN PHI 13x26 STĐ - TÁCH MÓN,M2,,570000.0
1194,LƯỚI SN13x26,,LƯỚI SN VUÔNG PHI 13X26 STĐ,TP-LUOISN13x26_STD,CỬA LƯỚI SN PHI 13x26 STĐ - TÁCH MÓN,KG,0.435,
1195,LƯỚI SN13x26,220.0,LƯỚI SN PHI 13X26 INOX - TÁCH MÓN,TP-LUOI-SN13x26-INOX - TACHMON,CỬA LƯỚI SN PHI 13x26 INOX - TÁCH MÓN,M2,,1500000.0
1196,LƯỚI SN13x26,,LƯỚI SN VUÔNG PHI 13X26 INOX,TP-LUOISN13x26_INOX,CỬA LƯỚI SN PHI 13x26 INOX - TÁCH MÓN,M2,,
1197,LƯỚI SN13x26,221.0,LƯỚI SN PHI 13X26 INOX - TRỌN BỘ,TP-LUOI-SN13x26-INOX - TRONBO,LƯỚI SN PHI 13X26 INOX - TRỌN BỘ,M2,,1710000.0
1198,LƯỚI SN13x26,,LƯỚI SN VUÔNG PHI 13X26 INOX,TP-LUOISN13x26_INOX,LƯỚI SN PHI 13X26 INOX - TRỌN BỘ,M2,,
1199,LƯỚI SN13x26,,LÁ ĐÀI LOAN INOX 8D,TP-LADLINOX_8D,LƯỚI SN PHI 13X26 INOX - TRỌN BỘ,M2,,
1200,LƯỚI SN13x26,,V4_INOX_2ly,TP-V4_INOX,LƯỚI SN PHI 13X26 INOX - TRỌN BỘ,M,,
1201,LƯỚI SN13x26,,RAY INOX 8P_CÓ RON,TP-RAYINOX_8P_RON,LƯỚI SN PHI 13X26 INOX - TRỌN BỘ,M,,
1202,LƯỚI SN13x26,,RAY INOX 6P_CÓ RON,TP-RAYINOX_6P_RON,LƯỚI SN PHI 13X26 INOX - TRỌN BỘ,M,,
1203,LƯỚI SN13x26,,TRỤC114_1.8LY,NVL-TRUC114_1.8LY,LƯỚI SN PHI 13X26 INOX - TRỌN BỘ,M,4.4,
1204,LƯỚI SN19,222.0,CỬA LƯỚI SN PHI 19 INOX- TÁCH MÓN,TP-LUOI-SNPHI19-INOX - TM,CỬA LƯỚI SN PHI 19 STD - TÁCH MÓN,M2,,1290000.0
1205,LƯỚI SN19,,LƯỚI SN TRÒN PHI 19 INOX,TP-LUOISNPHI19_INOX,CỬA LƯỚI SN PHI 19 STD - TÁCH MÓN,M2,,
1206,LƯỚI SN19,223.0,CỬA LƯỚI SN PHI 19 INOX- TRỌN BỘ,TP-LUOI-SNPHI19-INOX - TRONBO,CỬA LƯỚI SN PHI 19 INOX- TRỌN BỘ,M2,,1530000.0
1207,LƯỚI SN19,,LƯỚI SN TRÒN PHI 19 INOX,TP-LUOISNPHI19_INOX,CỬA LƯỚI SN PHI 19 INOX- TRỌN BỘ,M2,,
1208,LƯỚI SN19,,LÁ ĐÀI LOAN INOX 8D,TP-LADLINOX_8D,CỬA LƯỚI SN PHI 19 INOX- TRỌN BỘ,M2,,
1209,LƯỚI SN19,,V4_INOX_2ly,TP-V4_INOX,CỬA LƯỚI SN PHI 19 INOX- TRỌN BỘ,M2,,
1210,LƯỚI SN19,,RAY INOX 8P_CÓ RON,TP-RAYINOX_8P_RON,CỬA LƯỚI SN PHI 19 INOX- TRỌN BỘ,M2,,
1211,LƯỚI SN19,,RAY INOX 6P_CÓ RON,TP-RAYINOX_6P_RON,CỬA LƯỚI SN PHI 19 INOX- TRỌN BỘ,M2,,
1212,LƯỚI SN19,,TRỤC114_1.8LY,NVL-TRUC114_1.8LY,CỬA LƯỚI SN PHI 19 INOX- TRỌN BỘ,KG,4.4,
1213,LƯỚI MV,224.0,CỬA LƯỚI MẮT VÕNG INOX - TÁCH MÓN,TP-LUOIMV-INOX- TM,CỬA LƯỚI MẮT VÕNG INOX - TÁCH MÓN,M2,,1290000.0
1214,LƯỚI MV,,LƯỚI MV INOX,TP-LUOIMV_INOX,CỬA LƯỚI MẮT VÕNG INOX - TÁCH MÓN,,,
1215,LƯỚI MV,225.0,CỬA LƯỚI MẮT VÕNG INOX - TRỌN BỘ,TP-LUOIMV-INOX- TRONBO,CỬA LƯỚI MẮT VÕNG INOX - TRỌN BỘ,M2,,1530000.0
1216,LƯỚI MV,,LƯỚI MV INOX,TP-LUOIMV_INOX,CỬA LƯỚI MẮT VÕNG INOX - TRỌN BỘ,,,
1217,LƯỚI MV,,LÁ ĐÀI LOAN INOX 8D,TP-LADLINOX_8D,CỬA LƯỚI MẮT VÕNG INOX - TRỌN BỘ,,,
1218,LƯỚI MV,,V4_INOX_2ly,TP-V4_INOX,CỬA LƯỚI MẮT VÕNG INOX - TRỌN BỘ,,,
1219,LƯỚI MV,,RAY INOX 8P_CÓ RON,TP-RAYINOX_8P_RON,CỬA LƯỚI MẮT VÕNG INOX - TRỌN BỘ,,,
1220,LƯỚI MV,,RAY INOX 6P_CÓ RON,TP-RAYINOX_6P_RON,CỬA LƯỚI MẮT VÕNG INOX - TRỌN BỘ,,,
1221,LƯỚI MV,,TRỤC114_1.8LY,NVL-TRUC114_1.8LY,CỬA LƯỚI MẮT VÕNG INOX - TRỌN BỘ,M,4.4,
1222,,226.0,TP LÁ ĐL7.5 INOX 6D,TP-LADLINOX_6D,LÁ ĐL7.5 INOX 6D,M2,Diện tích x giá,1040000.0
1223,,227.0,TP LÁ ĐL7.5  INOX 7D,TP-LADLINOX_7D,LÁ ĐL7.5  INOX 7D,M2,Diện tích x giá,1160000.0
1224,,228.0,TP LÁ ĐL7.5  INOX 8D,TP-LADLINOX_8D,LÁ ĐL7.5  INOX 8D,M2,Diện tích x giá,1290000.0
1225,,229.0,TP LÁ ĐL7.5  INOX 1LY,TP-LADLINOX_1LY,LÁ ĐL7.5  INOX 1LY,M2,Diện tích x giá,1650000.0
1226,,230.0,TP V4_INOX_2ly,TP-V4_INOX,V4_INOX_2ly,M,(RCL * SL),180000.0
1227,,231.0,TP V4_INOX_3ly,TP-V4_INOX_3LY,V4_3ly,M,(RCL * SL),250000.0
1228,,232.0,TP RAY INOX 6P - CÓ RON,TP-RAYINOX-6P-RON,RAY INOX 6P - CÓ RON,M,CPB * SL,220000.0
1229,,233.0,TP RAY INOX 8P - CÓ RON,TP-RAYINOX-8P-RON,RAY INOX 8P - CÓ RON,M,CPB * SL,270000.0
1230,,234.0,TP RAY INOX 7P - KHÔNG RON,TP-RAYINOX-7P-KHONGRON,RAY INOX 7P - KHÔNG RON,M,CPB * SL,250000.0
1231,,235.0,PHỤ THU_CỬA ĐỨC<8m²,PHUTHU-DUC<8m²,PHỤ THU_CỬA ĐỨC < 8m²,CHUYẾN,* SL,300000.0
1232,,236.0,PHỤ THU_PHỤ KIỆN ĐỨC<5tr,PHUTHU-DUC-PK<5tr,PHỤ THU_PHỤ KIỆN ĐỨC < 5tr,CHUYẾN,* SL,300000.0
1233,,237.0,PHỤ THU_CỬA ÚC<7m²,PHUTHU-UC<7m²,PHỤ THU_CỬA ÚC < 7m²,BỘ,* SL,300000.0
1234,,238.0,PHỤ THU_PHỤ KIỆN ÚC<5tr,PHUTHU-UC-PK<5tr,PHỤ THU_PHỤ KIỆN ÚC < 5tr,CHUYẾN,* SL,300000.0
1235,,239.0,PHỤ THU_CỬA ĐÀI LOAN< 8m²,PHUTHU-DAILOAN<8m²,PHỤ THU_CỬA ĐÀI LOAN< 8m²,CHUYẾN,* SL,300000.0
1236,,240.0,PHỤ THU_PHỤ KIỆN ĐÀI LOAN<3tr,PHUTHU-DAILOAN-PK<3tr,PHỤ THU_PHỤ KIỆN ĐÀI LOAN< 8m²,CHUYẾN,* SL,300000.0
1237,,241.0,PHỤ THU_CỬA LƯỚI< 8m²,PHUTHU-CUALUOI<8m²,PHỤ THU_CỬA LƯỚI< 8m²,CHUYẾN,* SL,300000.0
1238,,242.0,PHỤ THU_CỬA LƯỚI <3tr,PHUTHU-CUALUOI<3tr,PHỤ THU_CỬA LƯỚI <3tr,CHUYẾN,* SL,300000.0
1239,,243.0,PHỤ THU_SƠN VÂN GỖ_LÁ ĐỨC,PHUTHU-SVG-LADUC,PHỤ THU_SƠN VÂN GỖ_LÁ ĐỨC,M2,,465000.0
1240,,244.0,PHỤ THU_SƠN VÂN GỖ_RAYHOP,PHUTHU-SVG-RAYHOP,PHỤ THU_SƠN VÂN GỖ_RAYHOP,M,,
1241,,245.0,TP-V4_KẼM,NVL-V4-KEM_TOLE75_STD,V4_KẼM,M,1.464,55000.0
1242,,246.0,TP-V4_STĐ,NVL-V4_KEM_STD,V4_STĐ,M,1.464,70000.0
1243,,247.0,TP-V5_KẼM,NVL-V5_KEM_STD,V4_KẼM,M,"1,8x số lượng",75000.0
1244,,248.0,TP-V5_STĐ,NVL-V5_KEM_STD,V4_STĐ,M,1.8,90000.0
1245,6D,249.0,TP LÁ ĐÀI LOAN 6D_XN-VK,NVL-TON-DL5.2Dx124-XNVK,TP LÁ ĐÀI LOAN 6D_XN-VK,KG,6.32,280000.0
1246,6D,250.0,TP LÁ ĐÀI LOAN 6D_XN-XLC,NVL-TON-DL5.2Dx124-XNXLC,TP LÁ ĐÀI LOAN 6D_XN-XLC,KG,6.32,280000.0
1247,,251.0,TP LÁ ĐÀI LOAN 7D_XN-VK,NVL-TON-DL6.2Dx124-XNVK,TP LÁ ĐÀI LOAN 7D_XN-VK,KG,7.6,300000.0
1248,,252.0,TP LÁ ĐÀI LOAN 7D_XN-XLC,NVL-TON-DL6.2Dx124-XNXLC,TP LÁ ĐÀI LOAN 7D_XN-XLC,KG,7.6,300000.0
1249,,253.0,TP LÁ ĐÀI LOAN 8D_XN-VK,NVL-TON-DL7.2Dx124-XNVK,TP LÁ ĐÀI LOAN 8D_XN-VK,KG,8.85,320000.0
1250,,254.0,TP LÁ ĐÀI LOAN 8D_XN-XLC,NVL-TON-DL7.2Dx124-XNXLC,TP LÁ ĐÀI LOAN 8D_XN-XLC,KG,8.85,320000.0
1251,,255.0,TP LÁ ĐÀI LOAN 1LY_XN-VK,NVL-TON-DL9.2Dx124-XNVK,TP LÁ ĐÀI LOAN 1LY_XN-VK,KG,11.64,380000.0
1252,,256.0,TP LÁ ĐÀI LOAN 1LY_XN-XLC,NVL-TON-DL9.2Dx124-XNXLC,TP LÁ ĐÀI LOAN 1LY_XN-XLC,KG,11.64,380000.0
1253,,257.0,TP LÁ ĐÀI LOAN STĐ 8D,TP-TOLEKEM124_6D,TP LÁ ĐÀI LOAN STĐ 8D,M2,8.2,410000.0
1254,,,"NVL-TOLEKEM124_6D
",NVL-TOLEKEM124_6D,NVL-TOLEKEM124_6D,KG,8.2,
1255,,,Chi phí STD_LÁ,CPSTD_LADL,LÁ ĐÀI LOAN STĐ 8D,M2,,
1256,,259.0,TP LÁ ĐÀI LOAN STĐ 1LY,TP-TOLEKEM124_8D,LÁ ĐÀI LOAN STĐ 1LY,M2,,460000.0
1257,,,NVL-TOLEKEM124_8D,NVL-TOLEKEM124_8D,LÁ ĐÀI LOAN STĐ 1LY,KG,12.6,
1258,,,Chi phí STD_LÁ,CPSTD_LADL,LÁ ĐÀI LOAN STĐ 1LY,M2,,
1259,,260.0,HH LÁ ĐÀI LOAN STĐ 1.2LY,TP-TOLEKEM124_1.2LY,LÁ ĐÀI LOAN STĐ 1.2LY,M2,11.64,510000.0
1260,,,LÁ ĐÀI LOAN STĐ 1.2LY,NVL-TOLEKEM124_1LY,LÁ ĐÀI LOAN STĐ 1.2LY,KG,11.64,
1261,,,Chi phí STD_LÁ,CPSTD_LADL,LÁ ĐÀI LOAN STĐ 1.2LY,M2,,
1262,6D,261.0,CỬA ĐL6D XN-VK_TRỌN BỘ >10m²,TP-CUADL6D XN-VK_TRONBO>10m²,CỬA ĐL6D XN-VK_TRỌN BỘ >10m²,M2,,380000.0
1263,,,LÁ ĐÀI LOAN 6D_XN-VK,NVL-TON-DL5.2Dx124-XNVK,CỬA ĐL6D XN-VK_TRỌN BỘ >10m²,KG,6.32,
1264,,,RAY SẮT (CÓ RON) U70,NVL-TOLE1.2x190-CORON,CỬA ĐL6D XN-VK_TRỌN BỘ >10m²,M,,"(C-0,1) X 2"
1265,,,V4_KẼM,NVL-V4-KEM_TOLE75_STD,CỬA ĐL6D XN-VK_TRỌN BỘ >10m²,KG,1.312,"(R -0,03) X 2 X SL"
1266,,,TRỤC114_1.8LY,NVL-TRUC114_1.8LY,CỬA ĐL6D XN-XLC_TRỌN BỘ_3-4m²,M,,
1267,,,PHỤ THU CHUYỂN ĐỔI LÊN CỬA KÉO TAY,PHUTHUCHUYENDOICUAKT,PHỤ THU CHUYỂN ĐỔI CỬA KÉO TAY,M2,,20000.0
1268,6D,262.0,CỬA ĐL6D XN-XLC_TRỌN BỘ >10m²,TP-CUADL6D XN-XLC_TRONBO>10m²,CỬA ĐL6D XN-XLC_TRỌN BỘ >10m²,M2,,380000.0
1269,,,LÁ ĐÀI LOAN 6D_XN-XLC,NVL-TON-DL5.2Dx124-XNXLC,CỬA ĐL6D XN-XLC_TRỌN BỘ >10m²,KG,6.32,
1270,,,RAY SẮT (CÓ RON) U70,NVL-TOLE1.2x190-CORON,CỬA ĐL6D XN-XLC_TRỌN BỘ >10m²,M,,"(C-0,1) X 2"
1271,,,TRỤC114_1.8LY,NVL-TRUC114_1.8LY,CỬA ĐL6D XN-XLC_TRỌN BỘ_3-4m²,KG,1.312,"(R -0,03) X 2 X SL"
1272,,,V4_KẼM,NVL-V4-KEM_TOLE75_STD,CỬA ĐL6D XN-XLC_TRỌN BỘ >10m²,M,,
1273,6D,,PHỤ THU CHUYỂN ĐỔI LÊN CỬA KÉO TAY,PHUTHUCHUYENDOICUAKT,PHỤ THU CHUYỂN ĐỔI CỬA KÉO TAY,M2,,20000.0
1274,6D,263.0,CỬA ĐL6D XN-XLC_TRỌN BỘ_9-10m²,TP-CUADL6D XN-XLC_TRONBO_9-10m²,CỬA ĐL6D XN-XLC_TRỌN BỘ_9-10m²,M2,,390000.0
1275,,,LÁ ĐÀI LOAN 6D_XN-XLC,NVL-TON-DL5.2Dx124-XNXLC,CỬA ĐL6D XN-XLC_TRỌN BỘ_9-10m²,KG,6.32,
1276,,,RAY SẮT (CÓ RON) U70,NVL-TOLE1.2x190-CORON,CỬA ĐL6D XN-XLC_TRỌN BỘ_9-10m²,M,,
1277,,,TRỤC114_1.8LY,NVL-TRUC114_1.8LY,CỬA ĐL6D XN-XLC_TRỌN BỘ_3-4m²,KG,1.312,
1278,,,V4_KẼM,NVL-V4-KEM_TOLE75_STD,CỬA ĐL6D XN-XLC_TRỌN BỘ_9-10m²,M,,
1279,,,PHỤ THU CHUYỂN ĐỔI LÊN CỬA KÉO TAY,PHUTHUCHUYENDOICUAKT,PHỤ THU CHUYỂN ĐỔI CỬA KÉO TAY,M2,,20000.0
1280,6D,264.0,CỬA ĐL6D XN-VK_TRỌN BỘ_9-10m²,TP-CUADL6D XN-VK_TRONBO_9-10m²,CỬA ĐL6D XN-VK_TRỌN BỘ_9-10m²,M2,,390000.0
1281,,,LÁ ĐÀI LOAN 6D_XN-VK,NVL-TON-DL5.2Dx124-XNVK,CỬA ĐL6D XN-VK_TRỌN BỘ_9-10m²,KG,6.32,
1282,,,RAY SẮT (CÓ RON) U70,NVL-TOLE1.2x190-CORON,CỬA ĐL6D XN-VK_TRỌN BỘ_9-10m²,M,,
1283,,,TRỤC114_1.8LY,NVL-TRUC114_1.8LY,CỬA ĐL6D XN-XLC_TRỌN BỘ_3-4m²,KG,1.312,
1284,,,V4_KẼM,NVL-V4-KEM_TOLE75_STD,CỬA ĐL6D XN-VK_TRỌN BỘ_9-10m²,M,,
1285,,,PHỤ THU CHUYỂN ĐỔI LÊN CỬA KÉO TAY,PHUTHUCHUYENDOICUAKT,PHỤ THU CHUYỂN ĐỔI CỬA KÉO TAY,M2,,20000.0
1286,6D,265.0,CỬA ĐL6D XN-XLC_TRỌN BỘ_8-9m²,TP-CUADL6D XN-XLC_TRONBO_8-9m²,CỬA ĐL6D XN-XLC_TRỌN BỘ_8-9m²,M2,,400000.0
1287,,,LÁ ĐÀI LOAN 6D_XN-XLC,NVL-TON-DL5.2Dx124-XNXLC,CỬA ĐL6D XN-XLC_TRỌN BỘ_8-9m²,KG,6.32,
1288,,,RAY SẮT (CÓ RON) U70,NVL-TOLE1.2x190-CORON,CỬA ĐL6D XN-XLC_TRỌN BỘ_8-9m²,M,,
1289,,,TRỤC114_1.8LY,NVL-TRUC114_1.8LY,CỬA ĐL6D XN-XLC_TRỌN BỘ_3-4m²,KG,1.312,
1290,,,V4_KẼM,NVL-V4_KEM_STD,CỬA ĐL6D XN-XLC_TRỌN BỘ_8-9m²,M,,
1291,,,PHỤ THU CHUYỂN ĐỔI LÊN CỬA KÉO TAY,PHUTHUCHUYENDOICUAKT,PHỤ THU CHUYỂN ĐỔI CỬA KÉO TAY,M2,,20000.0
1292,6D,266.0,CỬA ĐL6D XN-VK_TRỌN BỘ_8-9m²,TP-CUADL6D XN-VK_TRONBO_8-9m²,CỬA ĐL6D XN-VK_TRỌN BỘ_8-9m²,M2,,400000.0
1293,,,LÁ ĐÀI LOAN 6D_XN-VK,NVL-TON-DL5.2Dx124-XNVK,CỬA ĐL6D XN-VK_TRỌN BỘ_8-9m²,KG,6.32,
1294,,,RAY SẮT (CÓ RON) U70,NVL-TOLE1.2x190-CORON,CỬA ĐL6D XN-VK_TRỌN BỘ_8-9m²,M,,
1295,,,V4_KẼM,NVL-V4_KEM_STD,CỬA ĐL6D XN-VK_TRỌN BỘ_8-9m²,KG,1.312,
1296,,,TRỤC114_1.8LY,NVL-TRUC114_1.8LY,CỬA ĐL6D XN-XLC_TRỌN BỘ_3-4m²,M,,
1297,,,PHỤ THU CHUYỂN ĐỔI LÊN CỬA KÉO TAY,PHUTHUCHUYENDOICUAKT,PHỤ THU CHUYỂN ĐỔI CỬA KÉO TAY,M2,,20000.0
1298,6D,267.0,CỬA ĐL6D XN-VK_TRỌN BỘ_7-8m²,TP-CUADL6D XN-VK_TRONBO_7-8m²,CỬA ĐL6D XN-VK_TRỌN BỘ_7-8m²,M2,,410000.0
1299,,,LÁ ĐÀI LOAN 6D_XN-VK,NVL-TON-DL5.2Dx124-XNVK,CỬA ĐL6D XN-VK_TRỌN BỘ_7-8m²,KG,6.32,
1300,,,RAY SẮT (CÓ RON) U70,NVL-TOLE1.2x190-CORON,CỬA ĐL6D XN-VK_TRỌN BỘ_7-8m²,M,,
1301,,,TRỤC114_1.8LY,NVL-TRUC114_1.8LY,CỬA ĐL6D XN-XLC_TRỌN BỘ_3-4m²,KG,1.312,
1302,,,V4_KẼM,NVL-V4_KEM_STD,CỬA ĐL6D XN-XLC_TRỌN BỘ_3-4m²,M,,
1303,,,PHỤ THU CHUYỂN ĐỔI LÊN CỬA KÉO TAY,PHUTHUCHUYENDOICUAKT,PHỤ THU CHUYỂN ĐỔI CỬA KÉO TAY,M2,,20000.0
1304,6D,268.0,CỬA ĐL6D XN-XLC_TRỌN BỘ_7-8m²,TP-CUADL6D XN-XLC_TRONBO_7-8m²,CỬA ĐL6D XN-XLC_TRỌN BỘ_7-8m²,M2,,410000.0
1305,,,LÁ ĐÀI LOAN 6D_XN-XLC,NVL-TON-DL5.2Dx124-XNXLC,CỬA ĐL6D XN-XLC_TRỌN BỘ_7-8m²,KG,6.32,
1306,,,RAY SẮT (CÓ RON) U70,NVL-TOLE1.2x190-CORON,CỬA ĐL6D XN-XLC_TRỌN BỘ_7-8m²,M,,
1307,,,V4_KẼM,NVL-V4_KEM_STD,CỬA ĐL6D XN-XLC_TRỌN BỘ_7-8m²,KG,1.312,
1308,,,TRỤC114_1.8LY,NVL-TRUC114_1.8LY,CỬA ĐL6D XN-XLC_TRỌN BỘ_3-4m²,M,,
1309,,,PHỤ THU CHUYỂN ĐỔI LÊN CỬA KÉO TAY,PHUTHUCHUYENDOICUAKT,PHỤ THU CHUYỂN ĐỔI CỬA KÉO TAY,M2,,20000.0
1310,6D,269.0,CỬA ĐL6D XN-XLC_TRỌN BỘ_6-7m²,TP-CUADL6D XN-XLC_TRONBO_6-7m²,CỬA ĐL6D XN-XLC_TRỌN BỘ_6-7m²,M2,,420000.0
1311,,,LÁ ĐÀI LOAN 6D_XN-XLC,NVL-TON-DL5.2Dx124-XNXLC,CỬA ĐL6D XN-XLC_TRỌN BỘ_6-7m²,KG,6.32,
1312,,,RAY SẮT (CÓ RON) U70,NVL-TOLE1.2x190-CORON,CỬA ĐL6D XN-XLC_TRỌN BỘ_6-7m²,M,,
1313,,,V4_KẼM,NVL-V4_KEM_STD,CỬA ĐL6D XN-XLC_TRỌN BỘ_6-7m²,KG,1.312,
1314,,,TRỤC114_1.8LY,NVL-TRUC114_1.8LY,CỬA ĐL6D XN-XLC_TRỌN BỘ_3-4m²,M,,
1315,,,PHỤ THU CHUYỂN ĐỔI LÊN CỬA KÉO TAY,PHUTHUCHUYENDOICUAKT,PHỤ THU CHUYỂN ĐỔI CỬA KÉO TAY,M2,,20000.0
1316,6D,270.0,CỬA ĐL6D XN-VK_TRỌN BỘ_6-7m²,TP-CUADL6D XN-VK_TRONBO_6-7m²,CỬA ĐL6D XN-VK_TRỌN BỘ_6-7m²,M2,,420000.0
1317,,,LÁ ĐÀI LOAN 6D_XN-VK,NVL-TON-DL5.2Dx124-XNVK,CỬA ĐL6D XN-VK_TRỌN BỘ_6-7m²,KG,6.32,
1318,,,RAY SẮT (CÓ RON) U70,NVL-TOLE1.2x190-CORON,CỬA ĐL6D XN-VK_TRỌN BỘ_6-7m²,M,,
1319,,,V4_KẼM,NVL-V4_KEM_STD,CỬA ĐL6D XN-VK_TRỌN BỘ_6-7m²,KG,1.312,
1320,,,TRỤC114_1.8LY,NVL-TRUC114_1.8LY,CỬA ĐL6D XN-XLC_TRỌN BỘ_3-4m²,M,,
1321,,,PHỤ THU CHUYỂN ĐỔI LÊN CỬA KÉO TAY,PHUTHUCHUYENDOICUAKT,PHỤ THU CHUYỂN ĐỔI CỬA KÉO TAY,M2,,20000.0
1322,6D,271.0,CỬA ĐL6D XN-XLC_TRỌN BỘ_5-6m²,TP-CUADL6D XN-XLC_TRONBO_5-6m²,CỬA ĐL6D XN-XLC_TRỌN BỘ_5-6m²,M2,,430000.0
1323,,,LÁ ĐÀI LOAN 6D_XN-XLC,NVL-TON-DL5.2Dx124-XNXLC,CỬA ĐL6D XN-XLC_TRỌN BỘ_5-6m²,KG,6.32,
1324,,,RAY SẮT (CÓ RON) U70,NVL-TOLE1.2x190-CORON,CỬA ĐL6D XN-XLC_TRỌN BỘ_5-6m²,M,,
1325,,,V4_KẼM,NVL-V4_KEM_STD,CỬA ĐL6D XN-XLC_TRỌN BỘ_5-6m²,KG,1.312,
1326,,,TRỤC114_1.8LY,NVL-TRUC114_1.8LY,CỬA ĐL6D XN-XLC_TRỌN BỘ_3-4m²,M,,
1327,,,PHỤ THU CHUYỂN ĐỔI LÊN CỬA KÉO TAY,PHUTHUCHUYENDOICUAKT,PHỤ THU CHUYỂN ĐỔI CỬA KÉO TAY,M2,,20000.0
1328,6D,272.0,CỬA ĐL6D XN-VK_TRỌN BỘ_5-6m²,TP-CUADL6D XN-VK_TRONBO_5-6m²,CỬA ĐL6D XN-XLC_TRỌN BỘ_5-6m²,M2,,430000.0
1329,,,LÁ ĐÀI LOAN 6D_XN-VK,NVL-TON-DL5.2Dx124-XNVK,CỬA ĐL6D XN-XLC_TRỌN BỘ_5-6m²,KG,6.32,
1330,,,RAY SẮT (CÓ RON) U70,NVL-TOLE1.2x190-CORON,CỬA ĐL6D XN-XLC_TRỌN BỘ_5-6m²,M,,
1331,,,TRỤC114_1.8LY,NVL-TRUC114_1.8LY,CỬA ĐL6D XN-XLC_TRỌN BỘ_3-4m²,KG,1.312,
1332,,,V4_KẼM,NVL-V4_KEM_STD,CỬA ĐL6D XN-XLC_TRỌN BỘ_5-6m²,M,,
1333,,,PHỤ THU CHUYỂN ĐỔI LÊN CỬA KÉO TAY,PHUTHUCHUYENDOICUAKT,PHỤ THU CHUYỂN ĐỔI CỬA KÉO TAY,M2,,20000.0
1334,6D,273.0,CỬA ĐL6D XN-XLC_TRỌN BỘ_4-5m²,TP-CUADL6D XN-XLC_TRONBO_4-5m²,CỬA ĐL6D XN-XLC_TRỌN BỘ_4-5m²,M2,,440000.0
1335,,,LÁ ĐÀI LOAN 6D_XN-XLC,NVL-TON-DL5.2Dx124-XNXLC,CỬA ĐL6D XN-XLC_TRỌN BỘ_4-5m²,KG,6.32,
1336,,,RAY SẮT (CÓ RON) U70,NVL-TOLE1.2x190-CORON,CỬA ĐL6D XN-XLC_TRỌN BỘ_4-5m²,M,,
1337,,,V4_KẼM,NVL-V4_KEM_STD,CỬA ĐL6D XN-XLC_TRỌN BỘ_4-5m²,KG,1.312,
1338,,,TRỤC114_1.8LY,NVL-TRUC114_1.8LY,CỬA ĐL6D XN-XLC_TRỌN BỘ_3-4m²,M,,
1339,,,PHỤ THU CHUYỂN ĐỔI LÊN CỬA KÉO TAY,PHUTHUCHUYENDOICUAKT,PHỤ THU CHUYỂN ĐỔI CỬA KÉO TAY,M2,,20000.0
1340,6D,274.0,CỬA ĐL6D XN-VK_TRỌN BỘ_4-5m²,TP-CUADL6D XN-VK_TRONBO_4-5m²,CỬA ĐL6D XN-VK_TRỌN BỘ_4-5m²,M2,,440000.0
1341,,,LÁ ĐÀI LOAN 6D_XN-VK,NVL-TON-DL5.2Dx124-XNVK,CỬA ĐL6D XN-VK_TRỌN BỘ_4-5m²,KG,6.32,
1342,,,RAY SẮT (CÓ RON) U70,NVL-TOLE1.2x190-CORON,CỬA ĐL6D XN-VK_TRỌN BỘ_4-5m²,M,,
1343,,,V4_KẼM,NVL-V4_KEM_STD,CỬA ĐL6D XN-XLC_TRỌN BỘ_3-4m²,KG,1.312,
1344,,,TRỤC114_1.8LY,NVL-TRUC114_1.8LY,CỬA ĐL6D XN-VK_TRỌN BỘ_4-5m²,M,,
1345,,,PHỤ THU CHUYỂN ĐỔI LÊN CỬA KÉO TAY,PHUTHUCHUYENDOICUAKT,PHỤ THU CHUYỂN ĐỔI CỬA KÉO TAY,M2,,20000.0
1346,6D,275.0,CỬA ĐL6D XN-VK_TRỌN BỘ_3-4m²,TP-CUADL6D XN-VK_TRONBO_3-4m²,CỬA ĐL6D XN-VK_TRỌN BỘ_3-4m²,M2,,450000.0
1347,,,LÁ ĐÀI LOAN 6D_XN-VK,NVL-TON-DL5.2Dx124-XNVK,CỬA ĐL6D XN-VK_TRỌN BỘ_3-4m²,KG,6.32,
1348,,,RAY SẮT (CÓ RON) U70,NVL-TOLE1.2x190-CORON,CỬA ĐL6D XN-VK_TRỌN BỘ_3-4m²,M,,
1349,,,V4_KẼM,NVL-V4_KEM_STD,CỬA ĐL6D XN-XLC_TRỌN BỘ_3-4m²,KG,1.312,
1350,,,TRỤC114_1.8LY,NVL-TRUC114_1.8LY,CỬA ĐL6D XN-VK_TRỌN BỘ_3-4m²,M,,
1351,,,PHỤ THU CHUYỂN ĐỔI LÊN CỬA KÉO TAY,PHUTHUCHUYENDOICUAKT,PHỤ THU CHUYỂN ĐỔI CỬA KÉO TAY,M2,,20000.0
1352,6D,276.0,CỬA ĐL6D XN-XLC_TRỌN BỘ_3-4m²,TP-CUADL6D XN-XLC_TRONBO_3-4m²,CỬA ĐL6D XN-XLC_TRỌN BỘ_3-4m²,M2,,450000.0
1353,,,LÁ ĐÀI LOAN 6D_XN-XLC,NVL-TON-DL5.2Dx124-XNXLC,CỬA ĐL6D XN-XLC_TRỌN BỘ_3-4m²,M2,6.32,
1354,,,RAY SẮT (CÓ RON) U70,NVL-TOLE1.2x190-CORON,CỬA ĐL6D XN-XLC_TRỌN BỘ_3-4m²,M,,
1355,,,V4_KẼM,NVL-V4_KEM_STD,CỬA ĐL6D XN-XLC_TRỌN BỘ_3-4m²,M,1.312,
1356,,,TRỤC114_1.8LY,NVL-TRUC114_1.8LY,CỬA ĐL6D XN-XLC_TRỌN BỘ_3-4m²,M,,
1357,,,PHỤ THU CHUYỂN ĐỔI LÊN CỬA KÉO TAY,PHUTHUCHUYENDOICUAKT,PHỤ THU CHUYỂN ĐỔI CỬA KÉO TAY,M2,,20000.0
1358,7D,277.0,CỬA ĐL7D XN-VK_TRỌN BỘ >10m²,TP-CUADL7D XN-VK_TRONBO>10m²,CỬA ĐL7D XN-VK_TRỌN BỘ >10m²,M2,,410000.0
1359,,,LÁ ĐÀI LOAN 7D_XN-VK,NVL-TON-DL6.2Dx124-XNVK,CỬA ĐL7D XN-VK_TRỌN BỘ >10m²,M2,7.6,
1360,,,RAY SẮT (CÓ RON) U70,NVL-TOLE1.2x190-CORON,CỬA ĐL7D XN-VK_TRỌN BỘ >10m²,M,,
1361,,,V4_KẼM,NVL-V4_KEM_STD,CỬA ĐL7D XN-VK_TRỌN BỘ >10m²,M,1.312,
1362,,,TRỤC114_1.8LY,NVL-TRUC114_1.8LY,CỬA ĐL7D XN-XLC_TRỌN BỘ_3-4m²,M,,
1363,,,PHỤ THU CHUYỂN ĐỔI LÊN CỬA KÉO TAY,PHUTHUCHUYENDOICUAKT,PHỤ THU CHUYỂN ĐỔI CỬA KÉO TAY,M2,,
1364,7D,278.0,CỬA ĐL7D XN-XLC_TRỌN BỘ >10m²,TP-CUADL7D XN-XLC_TRONBO>10m²,CỬA ĐL7D XN-XLC_TRỌN BỘ >10m²,M2,,410000.0
1365,,,LÁ ĐÀI LOAN 7D_XN-XLC,NVL-TON-DL6.2Dx124-XNXLC,CỬA ĐL7D XN-XLC_TRỌN BỘ >10m²,M2,7.6,
1366,,,RAY SẮT (CÓ RON) U70,NVL-TOLE1.2x190-CORON,CỬA ĐL7D XN-XLC_TRỌN BỘ >10m²,M,,
1367,,,V4_KẼM,NVL-V4_KEM_STD,CỬA ĐL7D XN-XLC_TRỌN BỘ_3-4m²,M,1.312,
1368,,,TRỤC114_1.8LY,NVL-TRUC114_1.8LY,CỬA ĐL7D XN-XLC_TRỌN BỘ >10m²,M,,
1369,6D,,PHỤ THU CHUYỂN ĐỔI LÊN CỬA KÉO TAY,PHUTHUCHUYENDOICUAKT,PHỤ THU CHUYỂN ĐỔI CỬA KÉO TAY,M2,,
1370,6D,279.0,CỬA ĐL7D XN-XLC_TRỌN BỘ_9-10m²,TP-CUADL7D XN-XLC_TRONBO_9-10m²,CỬA ĐL7D XN-XLC_TRỌN BỘ_9-10m²,M2,,420000.0
1371,,,LÁ ĐÀI LOAN 7D_XN-XLC,NVL-TON-DL6.2Dx124-XNXLC,CỬA ĐL7D XN-XLC_TRỌN BỘ_9-10m²,M2,7.6,
1372,,,RAY SẮT (CÓ RON) U70,NVL-TOLE1.2x190-CORON,CỬA ĐL7D XN-XLC_TRỌN BỘ_9-10m²,M,,
1373,,,V4_KẼM,NVL-V4_KEM_STD,CỬA ĐL7D XN-XLC_TRỌN BỘ_3-4m²,M,1.312,
1374,,,TRỤC114_1.8LY,NVL-TRUC114_1.8LY,CỬA ĐL7D XN-XLC_TRỌN BỘ_9-10m²,M,,
1375,,,PHỤ THU CHUYỂN ĐỔI LÊN CỬA KÉO TAY,PHUTHUCHUYENDOICUAKT,PHỤ THU CHUYỂN ĐỔI CỬA KÉO TAY,M2,,
1376,6D,280.0,CỬA ĐL7D XN-VK_TRỌN BỘ_9-10m²,TP-CUADL7D XN-VK_TRONBO_9-10m²,CỬA ĐL7D XN-VK_TRỌN BỘ_9-10m²,M2,,420000.0
1377,,,LÁ ĐÀI LOAN 7D_XN-VK,NVL-TON-DL6.2Dx124-XNVK,CỬA ĐL7D XN-VK_TRỌN BỘ_9-10m²,M2,7.6,
1378,,,RAY SẮT (CÓ RON) U70,NVL-TOLE1.2x190-CORON,CỬA ĐL7D XN-VK_TRỌN BỘ_9-10m²,M,,
1379,,,V4_KẼM,NVL-V4_KEM_STD,CỬA ĐL7D XN-XLC_TRỌN BỘ_3-4m²,M,1.312,
1380,,,TRỤC114_1.8LY,NVL-TRUC114_1.8LY,CỬA ĐL7D XN-VK_TRỌN BỘ_9-10m²,M,,
1381,,,PHỤ THU CHUYỂN ĐỔI LÊN CỬA KÉO TAY,PHUTHUCHUYENDOICUAKT,PHỤ THU CHUYỂN ĐỔI CỬA KÉO TAY,M2,,
1382,6D,281.0,CỬA ĐL7D XN-XLC_TRỌN BỘ_8-9m²,TP-CUADL7D XN-XLC_TRONBO_8-9m²,CỬA ĐL7D XN-XLC_TRỌN BỘ_8-9m²,M2,,430000.0
1383,,,LÁ ĐÀI LOAN 7D_XN-XLC,NVL-TON-DL6.2Dx124-XNXLC,CỬA ĐL7D XN-XLC_TRỌN BỘ_8-9m²,M2,7.6,
1384,,,RAY SẮT (CÓ RON) U70,NVL-TOLE1.2x190-CORON,CỬA ĐL7D XN-XLC_TRỌN BỘ_8-9m²,M,,
1385,,,V4_KẼM,NVL-V4_KEM_STD,CỬA ĐL7D XN-XLC_TRỌN BỘ_3-4m²,M,1.312,
1386,,,TRỤC114_1.8LY,NVL-TRUC114_1.8LY,CỬA ĐL7D XN-XLC_TRỌN BỘ_8-9m²,M,,
1387,,,PHỤ THU CHUYỂN ĐỔI LÊN CỬA KÉO TAY,PHUTHUCHUYENDOICUAKT,PHỤ THU CHUYỂN ĐỔI CỬA KÉO TAY,M2,,
1388,6D,282.0,CỬA ĐL7D XN-VK_TRỌN BỘ_8-9m²,TP-CUADL7D XN-VK_TRONBO_8-9m²,CỬA ĐL7D XN-VK_TRỌN BỘ_8-9m²,M2,,430000.0
1389,,,LÁ ĐÀI LOAN 7D_XN-VK,NVL-TON-DL6.2Dx124-XNVK,CỬA ĐL7D XN-VK_TRỌN BỘ_8-9m²,M2,7.6,
1390,,,RAY SẮT (CÓ RON) U70,NVL-TOLE1.2x190-CORON,CỬA ĐL7D XN-VK_TRỌN BỘ_8-9m²,M,,
1391,,,V4_KẼM,NVL-V4_KEM_STD,CỬA ĐL7D XN-VK_TRỌN BỘ_8-9m²,M,1.312,
1392,,,TRỤC114_1.8LY,NVL-TRUC114_1.8LY,CỬA ĐL7D XN-XLC_TRỌN BỘ_3-4m²,M,,
1393,,,PHỤ THU CHUYỂN ĐỔI LÊN CỬA KÉO TAY,PHUTHUCHUYENDOICUAKT,PHỤ THU CHUYỂN ĐỔI CỬA KÉO TAY,M2,,
1394,6D,283.0,CỬA ĐL7D XN-VK_TRỌN BỘ_7-8m²,TP-CUADL7D XN-VK_TRONBO_7-8m²,CỬA ĐL7D XN-VK_TRỌN BỘ_7-8m²,M2,,440000.0
1395,,,LÁ ĐÀI LOAN 7D_XN-VK,NVL-TON-DL6.2Dx124-XNVK,CỬA ĐL7D XN-VK_TRỌN BỘ_7-8m²,M2,7.6,
1396,,,RAY SẮT (CÓ RON) U70,NVL-TOLE1.2x190-CORON,CỬA ĐL7D XN-VK_TRỌN BỘ_7-8m²,M,,
1397,,,V4_KẼM,NVL-V4_KEM_STD,CỬA ĐL7D XN-XLC_TRỌN BỘ_3-4m²,M,1.312,
1398,,,TRỤC114_1.8LY,NVL-TRUC114_1.8LY,CỬA ĐL7D XN-XLC_TRỌN BỘ_3-4m²,M,,
1399,,,PHỤ THU CHUYỂN ĐỔI LÊN CỬA KÉO TAY,PHUTHUCHUYENDOICUAKT,PHỤ THU CHUYỂN ĐỔI CỬA KÉO TAY,M2,,
1400,6D,284.0,CỬA ĐL7D XN-XLC_TRỌN BỘ_7-8m²,TP-CUADL7D XN-XLC_TRONBO_7-8m²,CỬA ĐL7D XN-XLC_TRỌN BỘ_7-8m²,M2,,440000.0
1401,,,LÁ ĐÀI LOAN 7D_XN-XLC,NVL-TON-DL6.2Dx124-XNXLC,CỬA ĐL7D XN-XLC_TRỌN BỘ_7-8m²,M2,7.6,
1402,,,RAY SẮT (CÓ RON) U70,NVL-TOLE1.2x190-CORON,CỬA ĐL7D XN-XLC_TRỌN BỘ_7-8m²,M,,
1403,,,V4_KẼM,NVL-V4_KEM_STD,CỬA ĐL7D XN-XLC_TRỌN BỘ_7-8m²,M,1.312,
1404,,,TRỤC114_1.8LY,NVL-TRUC114_1.8LY,CỬA ĐL7D XN-XLC_TRỌN BỘ_3-4m²,M,,
1405,,,PHỤ THU CHUYỂN ĐỔI LÊN CỬA KÉO TAY,PHUTHUCHUYENDOICUAKT,PHỤ THU CHUYỂN ĐỔI CỬA KÉO TAY,M2,,
1406,6D,285.0,CỬA ĐL7D XN-XLC_TRỌN BỘ_6-7m²,TP-CUADL7D XN-XLC_TRONBO_6-7m²,CỬA ĐL7D XN-XLC_TRỌN BỘ_6-7m²,M2,,450000.0
1407,,,LÁ ĐÀI LOAN 7D_XN-XLC,NVL-TON-DL6.2Dx124-XNXLC,CỬA ĐL7D XN-XLC_TRỌN BỘ_6-7m²,M2,7.6,
1408,,,RAY SẮT (CÓ RON) U70,NVL-TOLE1.2x190-CORON,CỬA ĐL7D XN-XLC_TRỌN BỘ_6-7m²,M,,
1409,,,V4_KẼM,NVL-V4_KEM_STD,CỬA ĐL7D XN-XLC_TRỌN BỘ_6-7m²,M,1.312,
1410,,,TRỤC114_1.8LY,NVL-TRUC114_1.8LY,CỬA ĐL7D XN-XLC_TRỌN BỘ_3-4m²,M,,
1411,,,PHỤ THU CHUYỂN ĐỔI LÊN CỬA KÉO TAY,PHUTHUCHUYENDOICUAKT,PHỤ THU CHUYỂN ĐỔI CỬA KÉO TAY,M2,,
1412,6D,286.0,CỬA ĐL7D XN-VK_TRỌN BỘ_6-7m²,TP-CUADL7D XN-VK_TRONBO_6-7m²,CỬA ĐL7D XN-VK_TRỌN BỘ_6-7m²,M2,,450000.0
1413,,,LÁ ĐÀI LOAN 7D_XN-VK,NVL-TON-DL6.2Dx124-XNVK,CỬA ĐL7D XN-VK_TRỌN BỘ_6-7m²,M2,7.6,
1414,,,RAY SẮT (CÓ RON) U70,NVL-TOLE1.2x190-CORON,CỬA ĐL7D XN-VK_TRỌN BỘ_6-7m²,M,,
1415,,,V4_KẼM,NVL-V4_KEM_STD,CỬA ĐL7D XN-VK_TRỌN BỘ_6-7m²,M,1.312,
1416,,,TRỤC114_1.8LY,NVL-TRUC114_1.8LY,CỬA ĐL7D XN-XLC_TRỌN BỘ_3-4m²,M,,
1417,,,PHỤ THU CHUYỂN ĐỔI LÊN CỬA KÉO TAY,PHUTHUCHUYENDOICUAKT,PHỤ THU CHUYỂN ĐỔI CỬA KÉO TAY,M2,,
1418,6D,287.0,CỬA ĐL7D XN-XLC_TRỌN BỘ_5-6m²,TP-CUADL7D XN-XLC_TRONBO_5-6m²,CỬA ĐL7D XN-XLC_TRỌN BỘ_5-6m²,M2,,460000.0
1419,,,LÁ ĐÀI LOAN 7D_XN-XLC,NVL-TON-DL6.2Dx124-XNXLC,CỬA ĐL7D XN-XLC_TRỌN BỘ_5-6m²,M2,7.6,
1420,,,RAY SẮT (CÓ RON) U70,NVL-TOLE1.2x190-CORON,CỬA ĐL7D XN-XLC_TRỌN BỘ_5-6m²,M,,
1421,,,V4_KẼM,NVL-V4_KEM_STD,CỬA ĐL7D XN-XLC_TRỌN BỘ_5-6m²,M,1.312,
1422,,,TRỤC114_1.8LY,NVL-TRUC114_1.8LY,CỬA ĐL7D XN-XLC_TRỌN BỘ_3-4m²,M,,
1423,,,PHỤ THU CHUYỂN ĐỔI LÊN CỬA KÉO TAY,PHUTHUCHUYENDOICUAKT,PHỤ THU CHUYỂN ĐỔI CỬA KÉO TAY,M2,,
1424,6D,288.0,CỬA ĐL7D XN-VK_TRỌN BỘ_5-6m²,TP-CUADL7D XN-VK_TRONBO_5-6m²,CỬA ĐL7D XN-XLC_TRỌN BỘ_5-6m²,M2,,460000.0
1425,,,LÁ ĐÀI LOAN 7D_XN-VK,NVL-TON-DL6.2Dx124-XNVK,CỬA ĐL7D XN-XLC_TRỌN BỘ_5-6m²,M2,7.6,
1426,,,RAY SẮT (CÓ RON) U70,NVL-TOLE1.2x190-CORON,CỬA ĐL7D XN-XLC_TRỌN BỘ_5-6m²,M,,
1427,,,V4_KẼM,NVL-V4_KEM_STD,CỬA ĐL7D XN-XLC_TRỌN BỘ_3-4m²,M,1.312,
1428,,,TRỤC114_1.8LY,NVL-TRUC114_1.8LY,CỬA ĐL7D XN-XLC_TRỌN BỘ_5-6m²,M,,
1429,,,PHỤ THU CHUYỂN ĐỔI LÊN CỬA KÉO TAY,PHUTHUCHUYENDOICUAKT,PHỤ THU CHUYỂN ĐỔI CỬA KÉO TAY,M2,,
1430,6D,289.0,CỬA ĐL7D XN-XLC_TRỌN BỘ_4-5m²,TP-CUADL7D XN-XLC_TRONBO_4-5m²,CỬA ĐL7D XN-XLC_TRỌN BỘ_4-5m²,M2,,470000.0
1431,,,LÁ ĐÀI LOAN 7D_XN-XLC,NVL-TON-DL6.2Dx124-XNXLC,CỬA ĐL7D XN-XLC_TRỌN BỘ_4-5m²,M2,7.6,
1432,,,RAY SẮT (CÓ RON) U70,NVL-TOLE1.2x190-CORON,CỬA ĐL7D XN-XLC_TRỌN BỘ_4-5m²,M,,
1433,,,V4_KẼM,NVL-V4_KEM_STD,CỬA ĐL7D XN-XLC_TRỌN BỘ_4-5m²,M,1.312,
1434,,,TRỤC114_1.8LY,NVL-TRUC114_1.8LY,CỬA ĐL7D XN-XLC_TRỌN BỘ_3-4m²,M,,
1435,,,PHỤ THU CHUYỂN ĐỔI LÊN CỬA KÉO TAY,PHUTHUCHUYENDOICUAKT,PHỤ THU CHUYỂN ĐỔI CỬA KÉO TAY,M2,,
1436,6D,290.0,CỬA ĐL7D XN-VK_TRỌN BỘ_4-5m²,TP-CUADL7D XN-VK_TRONBO_4-5m²,CỬA ĐL7D XN-VK_TRỌN BỘ_4-5m²,M2,,470000.0
1437,,,LÁ ĐÀI LOAN 7D_XN-VK,NVL-TON-DL6.2Dx124-XNVK,CỬA ĐL7D XN-VK_TRỌN BỘ_4-5m²,M2,7.6,
1438,,,RAY SẮT (CÓ RON) U70,NVL-TOLE1.2x190-CORON,CỬA ĐL7D XN-VK_TRỌN BỘ_4-5m²,M,,
1439,,,V4_KẼM,NVL-V4_KEM_STD,CỬA ĐL7D XN-XLC_TRỌN BỘ_3-4m²,M,1.312,
1440,,,TRỤC114_1.8LY,NVL-TRUC114_1.8LY,CỬA ĐL7D XN-VK_TRỌN BỘ_4-5m²,M,,
1441,,,PHỤ THU CHUYỂN ĐỔI LÊN CỬA KÉO TAY,PHUTHUCHUYENDOICUAKT,PHỤ THU CHUYỂN ĐỔI CỬA KÉO TAY,M2,,
1442,6D,291.0,CỬA ĐL7D XN-VK_TRỌN BỘ_3-4m²,TP-CUADL7D XN-VK_TRONBO_3-4m²,CỬA ĐL7D XN-VK_TRỌN BỘ_3-4m²,M2,,480000.0
1443,,,LÁ ĐÀI LOAN 7D_XN-VK,NVL-TON-DL6.2Dx124-XNVK,CỬA ĐL7D XN-VK_TRỌN BỘ_3-4m²,M2,7.6,
1444,,,RAY SẮT (CÓ RON) U70,NVL-TOLE1.2x190-CORON,CỬA ĐL7D XN-VK_TRỌN BỘ_3-4m²,M,,
1445,,,V4_KẼM,NVL-V4_KEM_STD,CỬA ĐL7D XN-XLC_TRỌN BỘ_3-4m²,M,1.312,
1446,,,TRỤC114_1.8LY,NVL-TRUC114_1.8LY,CỬA ĐL7D XN-VK_TRỌN BỘ_3-4m²,M,,
1447,,,PHỤ THU CHUYỂN ĐỔI LÊN CỬA KÉO TAY,PHUTHUCHUYENDOICUAKT,PHỤ THU CHUYỂN ĐỔI CỬA KÉO TAY,M2,,
1448,6D,292.0,CỬA ĐL7D XN-XLC_TRỌN BỘ_3-4m²,TP-CUADL7D XN-XLC_TRONBO_3-4m²,CỬA ĐL7D XN-XLC_TRỌN BỘ_3-4m²,M2,,480000.0
1449,,,LÁ ĐÀI LOAN 7D_XN-XLC,NVL-TON-DL6.2Dx124-XNXLC,CỬA ĐL7D XN-XLC_TRỌN BỘ_3-4m²,M2,7.6,
1450,,,RAY SẮT (CÓ RON) U70,NVL-TOLE1.2x190-CORON,CỬA ĐL7D XN-XLC_TRỌN BỘ_3-4m²,M,,
1451,,,V4_KẼM,NVL-V4_KEM_STD,CỬA ĐL7D XN-XLC_TRỌN BỘ_3-4m²,M,1.312,
1452,,,TRỤC114_1.8LY,NVL-TRUC114_1.8LY,CỬA ĐL7D XN-XLC_TRỌN BỘ_3-4m²,M,,
1453,,,PHỤ THU CHUYỂN ĐỔI LÊN CỬA KÉO TAY,PHUTHUCHUYENDOICUAKT,PHỤ THU CHUYỂN ĐỔI CỬA KÉO TAY,M2,,
1454,8D,293.0,CỬA ĐL8D XN-VK_TRỌN BỘ >10m²,TP-CUADL8D XN-VK_TRONBO>10m²,CỬA ĐL8D XN-VK_TRỌN BỘ >10m²,M2,,440000.0
1455,,,LÁ ĐÀI LOAN 8D_XN-VK,NVL-TON-DL7.2Dx124-XNVK,CỬA ĐL8D XN-VK_TRỌN BỘ >10m²,M2,8.85,
1456,,,RAY SẮT (CÓ RON) U70,NVL-TOLE1.2x190-CORON,CỬA ĐL8D XN-VK_TRỌN BỘ >10m²,M,,
1457,,,V4_KẼM,NVL-V4_KEM_STD,CỬA ĐL8D XN-VK_TRỌN BỘ >10m²,M,1.312,
1458,,,TRỤC114_1.8LY,NVL-TRUC114_1.8LY,CỬA ĐL8D XN-XLC_TRỌN BỘ_3-4m²,M,,
1459,,,PHỤ THU CHUYỂN ĐỔI LÊN CỬA KÉO TAY,PHUTHUCHUYENDOICUAKT,PHỤ THU CHUYỂN ĐỔI CỬA KÉO TAY,M2,,
1460,8D,294.0,CỬA ĐL8D XN-XLC_TRỌN BỘ >10m²,TP-CUADL8D XN-XLC_TRONBO>10m²,CỬA ĐL8D XN-XLC_TRỌN BỘ >10m²,M2,,440000.0
1461,,,LÁ ĐÀI LOAN 8D_XN-XLC,NVL-TON-DL7.2Dx124-XNXLC,CỬA ĐL8D XN-XLC_TRỌN BỘ >10m²,M2,8.85,
1462,,,RAY SẮT (CÓ RON) U70,NVL-TOLE1.2x190-CORON,CỬA ĐL8D XN-XLC_TRỌN BỘ >10m²,M,,
1463,,,V4_KẼM,NVL-V4_KEM_STD,CỬA ĐL8D XN-XLC_TRỌN BỘ_3-4m²,M,1.312,
1464,,,TRỤC114_1.8LY,NVL-TRUC114_1.8LY,CỬA ĐL8D XN-XLC_TRỌN BỘ >10m²,M,,
1465,,,PHỤ THU CHUYỂN ĐỔI LÊN CỬA KÉO TAY,PHUTHUCHUYENDOICUAKT,PHỤ THU CHUYỂN ĐỔI CỬA KÉO TAY,M2,,
1466,8D,295.0,CỬA ĐL8D XN-XLC_TRỌN BỘ_9-10m²,TP-CUADL8D XN-XLC_TRONBO_9-10m²,CỬA ĐL8D XN-XLC_TRỌN BỘ_9-10m²,M2,,450000.0
1467,,,LÁ ĐÀI LOAN 8D_XN-XLC,NVL-TON-DL7.2Dx124-XNXLC,CỬA ĐL8D XN-XLC_TRỌN BỘ_9-10m²,M2,8.85,
1468,,,RAY SẮT (CÓ RON) U70,NVL-TOLE1.2x190-CORON,CỬA ĐL8D XN-XLC_TRỌN BỘ_9-10m²,M,,
1469,,,V4_KẼM,NVL-V4_KEM_STD,CỬA ĐL8D XN-XLC_TRỌN BỘ_3-4m²,M,1.312,
1470,,,TRỤC114_1.8LY,NVL-TRUC114_1.8LY,CỬA ĐL8D XN-XLC_TRỌN BỘ_9-10m²,M,,
1471,,,PHỤ THU CHUYỂN ĐỔI LÊN CỬA KÉO TAY,PHUTHUCHUYENDOICUAKT,PHỤ THU CHUYỂN ĐỔI CỬA KÉO TAY,M2,,
1472,8D,296.0,CỬA ĐL8D XN-VK_TRỌN BỘ_9-10m²,TP-CUADL8D XN-VK_TRONBO_9-10m²,CỬA ĐL8D XN-VK_TRỌN BỘ_9-10m²,M2,,450000.0
1473,,,LÁ ĐÀI LOAN 8D_XN-VK,NVL-TON-DL7.2Dx124-XNVK,CỬA ĐL8D XN-VK_TRỌN BỘ_9-10m²,M2,8.85,
1474,,,RAY SẮT (CÓ RON) U70,NVL-TOLE1.2x190-CORON,CỬA ĐL8D XN-VK_TRỌN BỘ_9-10m²,M,,
1475,,,V4_KẼM,NVL-V4_KEM_STD,CỬA ĐL8D XN-XLC_TRỌN BỘ_3-4m²,M,1.312,
1476,,,TRỤC114_1.8LY,NVL-TRUC114_1.8LY,CỬA ĐL8D XN-VK_TRỌN BỘ_9-10m²,M,,
1477,,,PHỤ THU CHUYỂN ĐỔI LÊN CỬA KÉO TAY,PHUTHUCHUYENDOICUAKT,PHỤ THU CHUYỂN ĐỔI CỬA KÉO TAY,M2,,
1478,8D,297.0,CỬA ĐL8D XN-XLC_TRỌN BỘ_8-9m²,TP-CUADL8D XN-XLC_TRONBO_8-9m²,CỬA ĐL8D XN-XLC_TRỌN BỘ_8-9m²,M2,,460000.0
1479,,,LÁ ĐÀI LOAN 8D_XN-XLC,NVL-TON-DL7.2Dx124-XNXLC,CỬA ĐL8D XN-XLC_TRỌN BỘ_8-9m²,M2,8.85,
1480,,,RAY SẮT (CÓ RON) U70,NVL-TOLE1.2x190-CORON,CỬA ĐL8D XN-XLC_TRỌN BỘ_8-9m²,M,,
1481,,,V4_KẼM,NVL-V4_KEM_STD,CỬA ĐL8D XN-XLC_TRỌN BỘ_3-4m²,M,1.312,
1482,,,TRỤC114_1.8LY,NVL-TRUC114_1.8LY,CỬA ĐL8D XN-XLC_TRỌN BỘ_8-9m²,M,,
1483,,,PHỤ THU CHUYỂN ĐỔI LÊN CỬA KÉO TAY,PHUTHUCHUYENDOICUAKT,PHỤ THU CHUYỂN ĐỔI CỬA KÉO TAY,M2,,
1484,8D,298.0,CỬA ĐL8D XN-VK_TRỌN BỘ_8-9m²,TP-CUADL8D XN-VK_TRONBO_8-9m²,CỬA ĐL8D XN-VK_TRỌN BỘ_8-9m²,M2,,460000.0
1485,,,LÁ ĐÀI LOAN 8D_XN-VK,NVL-TON-DL7.2Dx124-XNVK,CỬA ĐL8D XN-VK_TRỌN BỘ_8-9m²,M2,8.85,
1486,,,RAY SẮT (CÓ RON) U70,NVL-TOLE1.2x190-CORON,CỬA ĐL8D XN-VK_TRỌN BỘ_8-9m²,M,,
1487,,,V4_KẼM,NVL-V4_KEM_STD,CỬA ĐL8D XN-VK_TRỌN BỘ_8-9m²,M,1.312,
1488,,,TRỤC114_1.8LY,NVL-TRUC114_1.8LY,CỬA ĐL8D XN-XLC_TRỌN BỘ_3-4m²,M,,
1489,,,PHỤ THU CHUYỂN ĐỔI LÊN CỬA KÉO TAY,PHUTHUCHUYENDOICUAKT,PHỤ THU CHUYỂN ĐỔI CỬA KÉO TAY,M2,,
1490,8D,299.0,CỬA ĐL8D XN-VK_TRỌN BỘ_7-8m²,TP-CUADL8D XN-VK_TRONBO_7-8m²,CỬA ĐL8D XN-VK_TRỌN BỘ_7-8m²,M2,,470000.0
1491,,,LÁ ĐÀI LOAN 8D_XN-VK,NVL-TON-DL7.2Dx124-XNVK,CỬA ĐL8D XN-VK_TRỌN BỘ_7-8m²,M2,8.85,
1492,,,RAY SẮT (CÓ RON) U70,NVL-TOLE1.2x190-CORON,CỬA ĐL8D XN-VK_TRỌN BỘ_7-8m²,M,,
1493,,,V4_KẼM,NVL-V4_KEM_STD,CỬA ĐL8D XN-XLC_TRỌN BỘ_3-4m²,M,1.312,
1494,,,TRỤC114_1.8LY,NVL-TRUC114_1.8LY,CỬA ĐL8D XN-XLC_TRỌN BỘ_3-4m²,M,,
1495,,,PHỤ THU CHUYỂN ĐỔI LÊN CỬA KÉO TAY,PHUTHUCHUYENDOICUAKT,PHỤ THU CHUYỂN ĐỔI CỬA KÉO TAY,M2,,
1496,8D,300.0,CỬA ĐL8D XN-XLC_TRỌN BỘ_7-8m²,TP-CUADL8D XN-XLC_TRONBO_7-8m²,CỬA ĐL8D XN-XLC_TRỌN BỘ_7-8m²,M2,,470000.0
1497,,,LÁ ĐÀI LOAN 8D_XN-XLC,NVL-TON-DL7.2Dx124-XNXLC,CỬA ĐL8D XN-XLC_TRỌN BỘ_7-8m²,M2,8.85,
1498,,,RAY SẮT (CÓ RON) U70,NVL-TOLE1.2x190-CORON,CỬA ĐL8D XN-XLC_TRỌN BỘ_7-8m²,M,,
1499,,,V4_KẼM,NVL-V4_KEM_STD,CỬA ĐL8D XN-XLC_TRỌN BỘ_7-8m²,M,1.312,
1500,,,TRỤC114_1.8LY,NVL-TRUC114_1.8LY,CỬA ĐL8D XN-XLC_TRỌN BỘ_3-4m²,M,,
1501,,,PHỤ THU CHUYỂN ĐỔI LÊN CỬA KÉO TAY,PHUTHUCHUYENDOICUAKT,PHỤ THU CHUYỂN ĐỔI CỬA KÉO TAY,M2,,
1502,8D,301.0,CỬA ĐL8D XN-XLC_TRỌN BỘ_6-7m²,TP-CUADL8D XN-XLC_TRONBO_6-7m²,CỬA ĐL8D XN-XLC_TRỌN BỘ_6-7m²,M2,,480000.0
1503,,,LÁ ĐÀI LOAN 8D_XN-XLC,NVL-TON-DL7.2Dx124-XNXLC,CỬA ĐL8D XN-XLC_TRỌN BỘ_6-7m²,M2,8.85,
1504,,,RAY SẮT (CÓ RON) U70,NVL-TOLE1.2x190-CORON,CỬA ĐL8D XN-XLC_TRỌN BỘ_6-7m²,M,,
1505,,,V4_KẼM,NVL-V4_KEM_STD,CỬA ĐL8D XN-XLC_TRỌN BỘ_6-7m²,M,1.312,
1506,,,TRỤC114_1.8LY,NVL-TRUC114_1.8LY,CỬA ĐL8D XN-XLC_TRỌN BỘ_3-4m²,M,,
1507,,,PHỤ THU CHUYỂN ĐỔI LÊN CỬA KÉO TAY,PHUTHUCHUYENDOICUAKT,PHỤ THU CHUYỂN ĐỔI CỬA KÉO TAY,M2,,
1508,8D,302.0,CỬA ĐL8D XN-VK_TRỌN BỘ_6-7m²,TP-CUADL8D XN-VK_TRONBO_6-7m²,CỬA ĐL8D XN-VK_TRỌN BỘ_6-7m²,M2,,480000.0
1509,,,LÁ ĐÀI LOAN 8D_XN-VK,NVL-TON-DL7.2Dx124-XNVK,CỬA ĐL8D XN-VK_TRỌN BỘ_6-7m²,M2,8.85,
1510,,,RAY SẮT (CÓ RON) U70,NVL-TOLE1.2x190-CORON,CỬA ĐL8D XN-VK_TRỌN BỘ_6-7m²,M,,
1511,,,V4_KẼM,NVL-V4_KEM_STD,CỬA ĐL8D XN-VK_TRỌN BỘ_6-7m²,M,1.312,
1512,,,TRỤC114_1.8LY,NVL-TRUC114_1.8LY,CỬA ĐL8D XN-XLC_TRỌN BỘ_3-4m²,M,,
1513,,,PHỤ THU CHUYỂN ĐỔI LÊN CỬA KÉO TAY,PHUTHUCHUYENDOICUAKT,PHỤ THU CHUYỂN ĐỔI CỬA KÉO TAY,M2,,
1514,8D,303.0,CỬA ĐL8D XN-XLC_TRỌN BỘ_5-6m²,TP-CUADL8D XN-XLC_TRONBO_5-6m²,CỬA ĐL8D XN-XLC_TRỌN BỘ_5-6m²,M2,,490000.0
1515,,,LÁ ĐÀI LOAN 8D_XN-XLC,NVL-TON-DL7.2Dx124-XNXLC,CỬA ĐL8D XN-XLC_TRỌN BỘ_5-6m²,M2,8.85,
1516,,,RAY SẮT (CÓ RON) U70,NVL-TOLE1.2x190-CORON,CỬA ĐL8D XN-XLC_TRỌN BỘ_5-6m²,M,,
1517,,,V4_KẼM,NVL-V4_KEM_STD,CỬA ĐL8D XN-XLC_TRỌN BỘ_5-6m²,M,1.312,
1518,,,TRỤC114_1.8LY,NVL-TRUC114_1.8LY,CỬA ĐL8D XN-XLC_TRỌN BỘ_3-4m²,M,,
1519,,,PHỤ THU CHUYỂN ĐỔI LÊN CỬA KÉO TAY,PHUTHUCHUYENDOICUAKT,PHỤ THU CHUYỂN ĐỔI CỬA KÉO TAY,M2,,
1520,8D,304.0,CỬA ĐL8D XN-VK_TRỌN BỘ_5-6m²,TP-CUADL8D XN-VK_TRONBO_5-6m²,CỬA ĐL8D XN-XLC_TRỌN BỘ_5-6m²,M2,,490000.0
1521,,,LÁ ĐÀI LOAN 8D_XN-VK,NVL-TON-DL7.2Dx124-XNVK,CỬA ĐL8D XN-XLC_TRỌN BỘ_5-6m²,M2,8.85,
1522,,,RAY SẮT (CÓ RON) U70,NVL-TOLE1.2x190-CORON,CỬA ĐL8D XN-XLC_TRỌN BỘ_5-6m²,M,,
1523,,,V4_KẼM,NVL-V4_KEM_STD,CỬA ĐL8D XN-XLC_TRỌN BỘ_3-4m²,M,1.312,
1524,,,TRỤC114_1.8LY,NVL-TRUC114_1.8LY,CỬA ĐL8D XN-XLC_TRỌN BỘ_5-6m²,M,,
1525,,,PHỤ THU CHUYỂN ĐỔI LÊN CỬA KÉO TAY,PHUTHUCHUYENDOICUAKT,PHỤ THU CHUYỂN ĐỔI CỬA KÉO TAY,M2,,
1526,8D,305.0,CỬA ĐL8D XN-XLC_TRỌN BỘ_4-5m²,TP-CUADL8D XN-XLC_TRONBO_4-5m²,CỬA ĐL8D XN-XLC_TRỌN BỘ_4-5m²,M2,,500000.0
1527,,,LÁ ĐÀI LOAN 8D_XN-XLC,NVL-TON-DL7.2Dx124-XNXLC,CỬA ĐL8D XN-XLC_TRỌN BỘ_4-5m²,M2,8.85,
1528,,,RAY SẮT (CÓ RON) U70,NVL-TOLE1.2x190-CORON,CỬA ĐL8D XN-XLC_TRỌN BỘ_4-5m²,M,,
1529,,,V4_KẼM,NVL-V4_KEM_STD,CỬA ĐL8D XN-XLC_TRỌN BỘ_4-5m²,M,1.312,
1530,,,TRỤC114_1.8LY,NVL-TRUC114_1.8LY,CỬA ĐL8D XN-XLC_TRỌN BỘ_3-4m²,M,,
1531,,,PHỤ THU CHUYỂN ĐỔI LÊN CỬA KÉO TAY,PHUTHUCHUYENDOICUAKT,PHỤ THU CHUYỂN ĐỔI CỬA KÉO TAY,M2,,
1532,8D,306.0,CỬA ĐL8D XN-VK_TRỌN BỘ_4-5m²,TP-CUADL8D XN-VK_TRONBO_4-5m²,CỬA ĐL8D XN-VK_TRỌN BỘ_4-5m²,M2,,500000.0
1533,,,LÁ ĐÀI LOAN 8D_XN-VK,NVL-TON-DL7.2Dx124-XNVK,CỬA ĐL8D XN-VK_TRỌN BỘ_4-5m²,M2,8.85,
1534,,,RAY SẮT (CÓ RON) U70,NVL-TOLE1.2x190-CORON,CỬA ĐL8D XN-VK_TRỌN BỘ_4-5m²,M,,
1535,,,V4_KẼM,NVL-V4_KEM_STD,CỬA ĐL8D XN-XLC_TRỌN BỘ_3-4m²,M,1.312,
1536,,,TRỤC114_1.8LY,NVL-TRUC114_1.8LY,CỬA ĐL8D XN-VK_TRỌN BỘ_4-5m²,M,,
1537,,,PHỤ THU CHUYỂN ĐỔI LÊN CỬA KÉO TAY,PHUTHUCHUYENDOICUAKT,PHỤ THU CHUYỂN ĐỔI CỬA KÉO TAY,M2,,
1538,8D,307.0,CỬA ĐL8D XN-VK_TRỌN BỘ_3-4m²,TP-CUADL8D XN-VK_TRONBO_3-4m²,CỬA ĐL8D XN-VK_TRỌN BỘ_3-4m²,M2,,520000.0
1539,,,LÁ ĐÀI LOAN 8D_XN-VK,NVL-TON-DL7.2Dx124-XNVK,CỬA ĐL8D XN-VK_TRỌN BỘ_3-4m²,M2,8.85,
1540,,,RAY SẮT (CÓ RON) U70,NVL-TOLE1.2x190-CORON,CỬA ĐL8D XN-VK_TRỌN BỘ_3-4m²,M,,
1541,,,V4_KẼM,NVL-V4_KEM_STD,CỬA ĐL8D XN-XLC_TRỌN BỘ_3-4m²,M,1.312,
1542,,,TRỤC114_1.8LY,NVL-TRUC114_1.8LY,CỬA ĐL8D XN-VK_TRỌN BỘ_3-4m²,M,,
1543,,,PHỤ THU CHUYỂN ĐỔI LÊN CỬA KÉO TAY,PHUTHUCHUYENDOICUAKT,PHỤ THU CHUYỂN ĐỔI CỬA KÉO TAY,M2,,
1544,8D,308.0,CỬA ĐL8D XN-XLC_TRỌN BỘ_3-4m²,TP-CUADL8D XN-XLC_TRONBO_3-4m²,CỬA ĐL8D XN-XLC_TRỌN BỘ_3-4m²,M2,,520000.0
1545,,,LÁ ĐÀI LOAN 8D_XN-XLC,NVL-TON-DL7.2Dx124-XNXLC,CỬA ĐL8D XN-XLC_TRỌN BỘ_3-4m²,M2,8.85,
1546,,,RAY SẮT (CÓ RON) U70,NVL-TOLE1.2x190-CORON,CỬA ĐL8D XN-XLC_TRỌN BỘ_3-4m²,M,,
1547,,,V4_KẼM,NVL-V4_KEM_STD,CỬA ĐL8D XN-XLC_TRỌN BỘ_3-4m²,M,1.312,
1548,,,TRỤC114_1.8LY,NVL-TRUC114_1.8LY,CỬA ĐL8D XN-XLC_TRỌN BỘ_3-4m²,M,,
1549,,,PHỤ THU CHUYỂN ĐỔI LÊN CỬA KÉO TAY,PHUTHUCHUYENDOICUAKT,PHỤ THU CHUYỂN ĐỔI CỬA KÉO TAY,M2,,
1550,1LY,309.0,CỬA ĐL1LY XN-VK_TRỌN BỘ >10m²,TP-CUADL1LY XN-VK_TRONBO>10m²,CỬA ĐL1LY XN-VK_TRỌN BỘ >10m²,M2,,520000.0
1551,,,LÁ ĐÀI LOAN 1LY_XN-VK,NVL-TON-DL9.2Dx124-XNVK,CỬA ĐL1LY XN-VK_TRỌN BỘ >10m²,M2,11.64,
1552,,,RAY SẮT (CÓ RON) U70,NVL-TOLE1.2x190-CORON,CỬA ĐL1LY XN-VK_TRỌN BỘ >10m²,M,,
1553,,,V4_KẼM,NVL-V4_KEM_STD,CỬA ĐL1LY XN-VK_TRỌN BỘ >10m²,M,1.312,
1554,,,TRỤC114_1.8LY,NVL-TRUC114_1.8LY,CỬA ĐL1LY XN-XLC_TRỌN BỘ_3-4m²,M,,
1555,,,PHỤ THU CHUYỂN ĐỔI LÊN CỬA KÉO TAY,PHUTHUCHUYENDOICUAKT,PHỤ THU CHUYỂN ĐỔI CỬA KÉO TAY,M2,,
1556,1LY,310.0,CỬA ĐL1LY XN-XLC_TRỌN BỘ >10m²,TP-CUADL1LY XN-XLC_TRONBO>10m²,CỬA ĐL1LY XN-XLC_TRỌN BỘ >10m²,M2,,520000.0
1557,,,LÁ ĐÀI LOAN 1LY_XN-XLC,NVL-TON-DL9.2Dx124-XNXLC,CỬA ĐL1LY XN-XLC_TRỌN BỘ >10m²,M2,11.64,
1558,,,RAY SẮT (CÓ RON) U70,NVL-TOLE1.2x190-CORON,CỬA ĐL1LY XN-XLC_TRỌN BỘ >10m²,M,,
1559,,,V4_KẼM,NVL-V4_KEM_STD,CỬA ĐL1LY XN-XLC_TRỌN BỘ_3-4m²,M,1.312,
1560,,,TRỤC114_1.8LY,NVL-TRUC114_1.8LY,CỬA ĐL1LY XN-XLC_TRỌN BỘ >10m²,M,,
1561,,,PHỤ THU CHUYỂN ĐỔI LÊN CỬA KÉO TAY,PHUTHUCHUYENDOICUAKT,PHỤ THU CHUYỂN ĐỔI CỬA KÉO TAY,M2,,
1562,1LY,311.0,CỬA ĐL1LY XN-XLC_TRỌN BỘ_9-10m²,TP-CUADL1LY XN-XLC_TRONBO_9-10m²,CỬA ĐL1LY XN-XLC_TRỌN BỘ_9-10m²,M2,,530000.0
1563,,,LÁ ĐÀI LOAN 1LY_XN-XLC,NVL-TON-DL9.2Dx124-XNXLC,CỬA ĐL1LY XN-XLC_TRỌN BỘ_9-10m²,M2,11.64,
1564,,,RAY SẮT (CÓ RON) U70,NVL-TOLE1.2x190-CORON,CỬA ĐL1LY XN-XLC_TRỌN BỘ_9-10m²,M,,
1565,,,V4_KẼM,NVL-V4_KEM_STD,CỬA ĐL1LY XN-XLC_TRỌN BỘ_3-4m²,M,1.312,
1566,,,TRỤC114_1.8LY,NVL-TRUC114_1.8LY,CỬA ĐL1LY XN-XLC_TRỌN BỘ_9-10m²,M,,
1567,,,PHỤ THU CHUYỂN ĐỔI LÊN CỬA KÉO TAY,PHUTHUCHUYENDOICUAKT,PHỤ THU CHUYỂN ĐỔI CỬA KÉO TAY,M2,,
1568,1LY,312.0,CỬA ĐL1LY XN-VK_TRỌN BỘ_9-10m²,TP-CUADL1LY XN-VK_TRONBO_9-10m²,CỬA ĐL1LY XN-VK_TRỌN BỘ_9-10m²,M2,,530000.0
1569,,,LÁ ĐÀI LOAN 1LY_XN-VK,NVL-TON-DL9.2Dx124-XNVK,CỬA ĐL1LY XN-VK_TRỌN BỘ_9-10m²,M2,11.64,
1570,,,RAY SẮT (CÓ RON) U70,NVL-TOLE1.2x190-CORON,CỬA ĐL1LY XN-VK_TRỌN BỘ_9-10m²,M,,
1571,,,V4_KẼM,NVL-V4_KEM_STD,CỬA ĐL1LY XN-XLC_TRỌN BỘ_3-4m²,M,1.312,
1572,,,TRỤC114_1.8LY,NVL-TRUC114_1.8LY,CỬA ĐL1LY XN-VK_TRỌN BỘ_9-10m²,M,,
1573,,,PHỤ THU CHUYỂN ĐỔI LÊN CỬA KÉO TAY,PHUTHUCHUYENDOICUAKT,PHỤ THU CHUYỂN ĐỔI CỬA KÉO TAY,M2,,
1574,1LY,313.0,CỬA ĐL1LY XN-XLC_TRỌN BỘ_8-9m²,TP-CUADL1LY XN-XLC_TRONBO_8-9m²,CỬA ĐL1LY XN-XLC_TRỌN BỘ_8-9m²,M2,,540000.0
1575,,,LÁ ĐÀI LOAN 1LY_XN-XLC,NVL-TON-DL9.2Dx124-XNXLC,CỬA ĐL1LY XN-XLC_TRỌN BỘ_8-9m²,M2,11.64,
1576,,,RAY SẮT (CÓ RON) U70,NVL-TOLE1.2x190-CORON,CỬA ĐL1LY XN-XLC_TRỌN BỘ_8-9m²,M,,
1577,,,V4_KẼM,NVL-V4_KEM_STD,CỬA ĐL1LY XN-XLC_TRỌN BỘ_3-4m²,M,1.312,
1578,,,TRỤC114_1.8LY,NVL-TRUC114_1.8LY,CỬA ĐL1LY XN-XLC_TRỌN BỘ_8-9m²,M,,
1579,,,PHỤ THU CHUYỂN ĐỔI LÊN CỬA KÉO TAY,PHUTHUCHUYENDOICUAKT,PHỤ THU CHUYỂN ĐỔI CỬA KÉO TAY,M2,,
1580,1LY,314.0,CỬA ĐL1LY XN-VK_TRỌN BỘ_8-9m²,TP-CUADL1LY XN-VK_TRONBO_8-9m²,CỬA ĐL1LY XN-VK_TRỌN BỘ_8-9m²,M2,,540000.0
1581,,,LÁ ĐÀI LOAN 1LY_XN-VK,NVL-TON-DL9.2Dx124-XNVK,CỬA ĐL1LY XN-VK_TRỌN BỘ_8-9m²,M2,11.64,
1582,,,RAY SẮT (CÓ RON) U70,NVL-TOLE1.2x190-CORON,CỬA ĐL1LY XN-VK_TRỌN BỘ_8-9m²,M,,
1583,,,V4_KẼM,NVL-V4_KEM_STD,CỬA ĐL1LY XN-VK_TRỌN BỘ_8-9m²,M,1.312,
1584,,,TRỤC114_1.8LY,NVL-TRUC114_1.8LY,CỬA ĐL1LY XN-XLC_TRỌN BỘ_3-4m²,M,,
1585,,,PHỤ THU CHUYỂN ĐỔI LÊN CỬA KÉO TAY,PHUTHUCHUYENDOICUAKT,PHỤ THU CHUYỂN ĐỔI CỬA KÉO TAY,M2,,
1586,1LY,315.0,CỬA ĐL1LY XN-VK_TRỌN BỘ_7-8m²,TP-CUADL1LY XN-VK_TRONBO_7-8m²,CỬA ĐL1LY XN-VK_TRỌN BỘ_7-8m²,M2,,550000.0
1587,,,LÁ ĐÀI LOAN 1LY_XN-VK,NVL-TON-DL9.2Dx124-XNVK,CỬA ĐL1LY XN-VK_TRỌN BỘ_7-8m²,M2,11.64,
1588,,,RAY SẮT (CÓ RON) U70,NVL-TOLE1.2x190-CORON,CỬA ĐL1LY XN-VK_TRỌN BỘ_7-8m²,M,,
1589,,,V4_KẼM,NVL-V4_KEM_STD,CỬA ĐL1LY XN-XLC_TRỌN BỘ_3-4m²,M,1.312,
1590,,,TRỤC114_1.8LY,NVL-TRUC114_1.8LY,CỬA ĐL1LY XN-XLC_TRỌN BỘ_3-4m²,M,,
1591,,,PHỤ THU CHUYỂN ĐỔI LÊN CỬA KÉO TAY,PHUTHUCHUYENDOICUAKT,PHỤ THU CHUYỂN ĐỔI CỬA KÉO TAY,M2,,
1592,1LY,316.0,CỬA ĐL1LY XN-XLC_TRỌN BỘ_7-8m²,TP-CUADL1LY XN-XLC_TRONBO_7-8m²,CỬA ĐL1LY XN-XLC_TRỌN BỘ_7-8m²,M2,,550000.0
1593,,,LÁ ĐÀI LOAN 1LY_XN-XLC,NVL-TON-DL9.2Dx124-XNXLC,CỬA ĐL1LY XN-XLC_TRỌN BỘ_7-8m²,M2,11.64,
1594,,,RAY SẮT (CÓ RON) U70,NVL-TOLE1.2x190-CORON,CỬA ĐL1LY XN-XLC_TRỌN BỘ_7-8m²,M,,
1595,,,V4_KẼM,NVL-V4_KEM_STD,CỬA ĐL1LY XN-XLC_TRỌN BỘ_7-8m²,M,1.312,
1596,,,TRỤC114_1.8LY,NVL-TRUC114_1.8LY,CỬA ĐL1LY XN-XLC_TRỌN BỘ_3-4m²,M,,
1597,,,PHỤ THU CHUYỂN ĐỔI LÊN CỬA KÉO TAY,PHUTHUCHUYENDOICUAKT,PHỤ THU CHUYỂN ĐỔI CỬA KÉO TAY,M2,,
1598,1LY,317.0,CỬA ĐL1LY XN-XLC_TRỌN BỘ_6-7m²,TP-CUADL1LY XN-XLC_TRONBO_6-7m²,CỬA ĐL1LY XN-XLC_TRỌN BỘ_6-7m²,M2,,560000.0
1599,,,LÁ ĐÀI LOAN 1LY_XN-XLC,NVL-TON-DL9.2Dx124-XNXLC,CỬA ĐL1LY XN-XLC_TRỌN BỘ_6-7m²,M2,11.64,
1600,,,RAY SẮT (CÓ RON) U70,NVL-TOLE1.2x190-CORON,CỬA ĐL1LY XN-XLC_TRỌN BỘ_6-7m²,M,,
1601,,,V4_KẼM,NVL-V4_KEM_STD,CỬA ĐL1LY XN-XLC_TRỌN BỘ_6-7m²,M,1.312,
1602,,,TRỤC114_1.8LY,NVL-TRUC114_1.8LY,CỬA ĐL1LY XN-XLC_TRỌN BỘ_3-4m²,M,,
1603,,,PHỤ THU CHUYỂN ĐỔI LÊN CỬA KÉO TAY,PHUTHUCHUYENDOICUAKT,PHỤ THU CHUYỂN ĐỔI CỬA KÉO TAY,M2,,
1604,1LY,318.0,CỬA ĐL1LY XN-VK_TRỌN BỘ_6-7m²,TP-CUADL1LY XN-VK_TRONBO_6-7m²,CỬA ĐL1LY XN-VK_TRỌN BỘ_6-7m²,M2,,560000.0
1605,,,LÁ ĐÀI LOAN 1LY_XN-VK,NVL-TON-DL9.2Dx124-XNVK,CỬA ĐL1LY XN-VK_TRỌN BỘ_6-7m²,M2,11.64,
1606,,,RAY SẮT (CÓ RON) U70,NVL-TOLE1.2x190-CORON,CỬA ĐL1LY XN-VK_TRỌN BỘ_6-7m²,M,,
1607,,,V4_KẼM,NVL-V4_KEM_STD,CỬA ĐL1LY XN-VK_TRỌN BỘ_6-7m²,M,1.312,
1608,,,TRỤC114_1.8LY,NVL-TRUC114_1.8LY,CỬA ĐL1LY XN-XLC_TRỌN BỘ_3-4m²,M,,
1609,,,PHỤ THU CHUYỂN ĐỔI LÊN CỬA KÉO TAY,PHUTHUCHUYENDOICUAKT,PHỤ THU CHUYỂN ĐỔI CỬA KÉO TAY,M2,,
1610,1LY,319.0,CỬA ĐL1LY XN-XLC_TRỌN BỘ_5-6m²,TP-CUADL1LY XN-XLC_TRONBO_5-6m²,CỬA ĐL1LY XN-XLC_TRỌN BỘ_5-6m²,M2,,570000.0
1611,,,LÁ ĐÀI LOAN 1LY_XN-XLC,NVL-TON-DL9.2Dx124-XNXLC,CỬA ĐL1LY XN-XLC_TRỌN BỘ_5-6m²,M2,11.64,
1612,,,RAY SẮT (CÓ RON) U70,NVL-TOLE1.2x190-CORON,CỬA ĐL1LY XN-XLC_TRỌN BỘ_5-6m²,M,,
1613,,,V4_KẼM,NVL-V4_KEM_STD,CỬA ĐL1LY XN-XLC_TRỌN BỘ_5-6m²,M,1.312,
1614,,,TRỤC114_1.8LY,NVL-TRUC114_1.8LY,CỬA ĐL1LY XN-XLC_TRỌN BỘ_3-4m²,M,,
1615,,,PHỤ THU CHUYỂN ĐỔI LÊN CỬA KÉO TAY,PHUTHUCHUYENDOICUAKT,PHỤ THU CHUYỂN ĐỔI CỬA KÉO TAY,M2,,
1616,1LY,320.0,CỬA ĐL1LY XN-VK_TRỌN BỘ_5-6m²,TP-CUADL1LY XN-VK_TRONBO_5-6m²,CỬA ĐL1LY XN-XLC_TRỌN BỘ_5-6m²,M2,,570000.0
1617,,,LÁ ĐÀI LOAN 1LY_XN-VK,NVL-TON-DL9.2Dx124-XNVK,CỬA ĐL1LY XN-XLC_TRỌN BỘ_5-6m²,M2,11.64,
1618,,,RAY SẮT (CÓ RON) U70,NVL-TOLE1.2x190-CORON,CỬA ĐL1LY XN-XLC_TRỌN BỘ_5-6m²,M,,
1619,,,V4_KẼM,NVL-V4_KEM_STD,CỬA ĐL1LY XN-XLC_TRỌN BỘ_5-6m²,M,1.312,
1620,,,TRỤC114_1.8LY,NVL-TRUC114_1.8LY,CỬA ĐL1LY XN-XLC_TRỌN BỘ_5-6m²,M,,
1621,,,PHỤ THU CHUYỂN ĐỔI LÊN CỬA KÉO TAY,PHUTHUCHUYENDOICUAKT,PHỤ THU CHUYỂN ĐỔI CỬA KÉO TAY,M2,,
1622,1LY,321.0,CỬA ĐL1LY XN-XLC_TRỌN BỘ_4-5m²,TP-CUADL1LY XN-XLC_TRONBO_4-5m²,CỬA ĐL1LY XN-XLC_TRỌN BỘ_4-5m²,M2,,580000.0
1623,,,LÁ ĐÀI LOAN 1LY_XN-XLC,NVL-TON-DL9.2Dx124-XNXLC,CỬA ĐL1LY XN-XLC_TRỌN BỘ_4-5m²,M2,11.64,
1624,,,RAY SẮT (CÓ RON) U70,NVL-TOLE1.2x190-CORON,CỬA ĐL1LY XN-XLC_TRỌN BỘ_4-5m²,M,,
1625,,,V4_KẼM,NVL-V4_KEM_STD,CỬA ĐL1LY XN-XLC_TRỌN BỘ_4-5m²,M,1.312,
1626,,,TRỤC114_1.8LY,NVL-TRUC114_1.8LY,CỬA ĐL1LY XN-XLC_TRỌN BỘ_3-4m²,M,,
1627,,,PHỤ THU CHUYỂN ĐỔI LÊN CỬA KÉO TAY,PHUTHUCHUYENDOICUAKT,PHỤ THU CHUYỂN ĐỔI CỬA KÉO TAY,M2,,
1628,1LY,322.0,CỬA ĐL1LY XN-VK_TRỌN BỘ_4-5m²,TP-CUADL1LY XN-VK_TRONBO_4-5m²,CỬA ĐL1LY XN-VK_TRỌN BỘ_4-5m²,M2,,580000.0
1629,,,LÁ ĐÀI LOAN 1LY_XN-VK,NVL-TON-DL9.2Dx124-XNVK,CỬA ĐL1LY XN-VK_TRỌN BỘ_4-5m²,M2,11.64,
1630,,,RAY SẮT (CÓ RON) U70,NVL-TOLE1.2x190-CORON,CỬA ĐL1LY XN-VK_TRỌN BỘ_4-5m²,M,,
1631,,,V4_KẼM,NVL-V4_KEM_STD,CỬA ĐL1LY XN-XLC_TRỌN BỘ_3-4m²,M,1.312,
1632,,,TRỤC114_1.8LY,NVL-TRUC114_1.8LY,CỬA ĐL1LY XN-VK_TRỌN BỘ_4-5m²,M,,
1633,,,PHỤ THU CHUYỂN ĐỔI LÊN CỬA KÉO TAY,PHUTHUCHUYENDOICUAKT,PHỤ THU CHUYỂN ĐỔI CỬA KÉO TAY,M2,,
1634,1LY,323.0,CỬA ĐL1LY XN-VK_TRỌN BỘ_3-4m²,TP-CUADL1LY XN-VK_TRONBO_3-4m²,CỬA ĐL1LY XN-VK_TRỌN BỘ_3-4m²,M2,,590000.0
1635,,,LÁ ĐÀI LOAN 1LY_XN-VK,NVL-TON-DL9.2Dx124-XNVK,CỬA ĐL1LY XN-VK_TRỌN BỘ_3-4m²,M2,11.64,
1636,,,RAY SẮT (CÓ RON) U70,NVL-TOLE1.2x190-CORON,CỬA ĐL1LY XN-VK_TRỌN BỘ_3-4m²,M,,
1637,,,V4_KẼM,NVL-V4_KEM_STD,CỬA ĐL1LY XN-XLC_TRỌN BỘ_3-4m²,M,1.312,
1638,,,TRỤC114_1.8LY,NVL-TRUC114_1.8LY,CỬA ĐL1LY XN-VK_TRỌN BỘ_3-4m²,M,,
1639,,,PHỤ THU CHUYỂN ĐỔI LÊN CỬA KÉO TAY,PHUTHUCHUYENDOICUAKT,PHỤ THU CHUYỂN ĐỔI CỬA KÉO TAY,M2,,
1640,1LY,324.0,CỬA ĐL1LY XN-XLC_TRỌN BỘ_3-4m²,TP-CUADL1LY XN-XLC_TRONBO_3-4m²,CỬA ĐL1LY XN-XLC_TRỌN BỘ_3-4m²,M2,,590000.0
1641,,,LÁ ĐÀI LOAN 1LY_XN-XLC,NVL-TON-DL9.2Dx124-XNXLC,CỬA ĐL1LY XN-XLC_TRỌN BỘ_3-4m²,M2,11.64,
1642,,,RAY SẮT (CÓ RON) U70,NVL-TOLE1.2x190-CORON,CỬA ĐL1LY XN-XLC_TRỌN BỘ_3-4m²,M,,
1643,,,V4_KẼM,NVL-V4_KEM_STD,CỬA ĐL1LY XN-XLC_TRỌN BỘ_3-4m²,M,1.312,
1644,,,TRỤC114_1.8LY,NVL-TRUC114_1.8LY,CỬA ĐL1LY XN-XLC_TRỌN BỘ_3-4m²,M,,
1645,,,PHỤ THU CHUYỂN ĐỔI LÊN CỬA KÉO TAY,PHUTHUCHUYENDOICUAKT,PHỤ THU CHUYỂN ĐỔI CỬA KÉO TAY,M2,,
1646,8D,325.0,LÁ ĐÀI LOAN STĐ MSK 8D_TRỌN BỘ >10m²,TP-TOLEKEM124_6D_TRONBO>10m²_MSK,LÁ ĐÀI LOAN STĐ MSK 8D_TRỌN BỘ >10m²,M2,,500000.0
1647,,,LÁ ĐÀI LOAN STĐ 8D_MSK,NVL-TOLEKEM124_6D_MSK,LÁ ĐÀI LOAN STĐ MSK 8D_TRỌN BỘ >10m²,M2,8.2,
1648,,,Chi phí STD_LÁ,CPSTD_LADL,LÁ ĐÀI LOAN STĐ MSK 8D_TRỌN BỘ >10m²,M2,,
1649,,,TRỤC114_1.8LY,NVL-TRUC114_1.8LY,LÁ ĐÀI LOAN STĐ MSK 8D_TRỌN BỘ >10m²,M,,
1650,,,RAY SẮT (CÓ RON) U70,NVL-TOLE1.2x190-CORON,LÁ ĐÀI LOAN STĐ MSK 8D_TRỌN BỘ >10m²,M,,
1651,,,V4_KẼM,NVL-V4_KEM_STD,CỬA LƯỚI SN PHI 19 STD - TRỌN BỘ,KG,1.312,
1652,,,Chi phí STD_V4,CPSTD_V4,CỬA LƯỚI SN PHI 19 STD - TRỌN BỘ,M,,
1653,,,PHỤ THU CHUYỂN ĐỔI LÊN CỬA KÉO TAY,PHUTHUCHUYENDOICUAKT,PHỤ THU CHUYỂN ĐỔI CỬA KÉO TAY,M2,,
1654,,326.0,LÁ ĐÀI LOAN STĐ MSK 8D_TRỌN BỘ 9-10m²,TP-TOLEKEM124_6D_TRONBO_9-10m²_MSK,LÁ ĐÀI LOAN STĐ MSK 8D_TRỌN BỘ 9-10m²,M2,,510000.0
1655,,,LÁ ĐÀI LOAN STĐ 8D_MSK,NVL-TOLEKEM124_6D_MSK,LÁ ĐÀI LOAN STĐ MSK 8D_TRỌN BỘ 9-10m²,M2,8.2,
1656,,,Chi phí STD_LÁ,CPSTD_LADL,LÁ ĐÀI LOAN STĐ MSK 8D_TRỌN BỘ 9-10m²,M2,,
1657,,,TRỤC114_1.8LY,NVL-TRUC114_1.8LY,LÁ ĐÀI LOAN STĐ MSK 8D_TRỌN BỘ 9-10m²,M,,
1658,,,RAY SẮT (CÓ RON) U70,NVL-TOLE1.2x190-CORON,LÁ ĐÀI LOAN STĐ MSK 8D_TRỌN BỘ 9-10m²,M,,
1659,,,V4_KẼM,NVL-V4_KEM_STD,LÁ ĐÀI LOAN STĐ MSK 8D_TRỌN BỘ 9-10m²,KG,1.312,
1660,,,Chi phí STD_V4,CPSTD_V4,LÁ ĐÀI LOAN STĐ MSK 8D_TRỌN BỘ 9-10m²,M,,
1661,,,PHỤ THU CHUYỂN ĐỔI LÊN CỬA KÉO TAY,PHUTHUCHUYENDOICUAKT,PHỤ THU CHUYỂN ĐỔI CỬA KÉO TAY,M2,,
1662,,327.0,LÁ ĐÀI LOAN STĐ MSK 8D_TRỌN BỘ 8-9m²,TP-TOLEKEM124_6D_TRONBO_8-9m²_MSK,LÁ ĐÀI LOAN STĐ MSK 8D_TRỌN BỘ 8-9m²,M2,,520000.0
1663,,,LÁ ĐÀI LOAN STĐ 8D_MSK,NVL-TOLEKEM124_6D_MSK,LÁ ĐÀI LOAN STĐ MSK 8D_TRỌN BỘ 8-9m²,M2,8.2,
1664,,,Chi phí STD_LÁ,CPSTD_LADL,LÁ ĐÀI LOAN STĐ MSK 8D_TRỌN BỘ 8-9m²,M2,,
1665,,,TRỤC114_1.8LY,NVL-TRUC114_1.8LY,LÁ ĐÀI LOAN STĐ MSK 8D_TRỌN BỘ 8-9m²,M,,
1666,,,RAY SẮT (CÓ RON) U70,NVL-TOLE1.2x190-CORON,LÁ ĐÀI LOAN STĐ MSK 8D_TRỌN BỘ 8-9m²,M,,
1667,,,V4_KẼM,NVL-V4_KEM_STD,LÁ ĐÀI LOAN STĐ MSK 8D_TRỌN BỘ 8-9m²,KG,1.312,
1668,,,Chi phí STD_V4,CPSTD_V4,LÁ ĐÀI LOAN STĐ MSK 8D_TRỌN BỘ 8-9m²,M,,
1669,,,PHỤ THU CHUYỂN ĐỔI LÊN CỬA KÉO TAY,PHUTHUCHUYENDOICUAKT,PHỤ THU CHUYỂN ĐỔI CỬA KÉO TAY,M2,,
1670,,328.0,LÁ ĐÀI LOAN STĐ MSK 8D_TRỌN BỘ 7-8m²,TP-TOLEKEM124_6D_TRONBO_7-8m²_MSK,LÁ ĐÀI LOAN STĐ MSK 8D_TRỌN BỘ 7-8m²,M2,,530000.0
1671,,,LÁ ĐÀI LOAN STĐ 8D_MSK,NVL-TOLEKEM124_6D_MSK,LÁ ĐÀI LOAN STĐ MSK 8D_TRỌN BỘ 7-8m²,M2,8.2,
1672,,,Chi phí STD_LÁ,CPSTD_LADL,LÁ ĐÀI LOAN STĐ MSK 8D_TRỌN BỘ 7-8m²,M2,,
1673,,,TRỤC114_1.8LY,NVL-TRUC114_1.8LY,LÁ ĐÀI LOAN STĐ MSK 8D_TRỌN BỘ 7-8m²,M,,
1674,,,RAY SẮT (CÓ RON) U70,NVL-TOLE1.2x190-CORON,LÁ ĐÀI LOAN STĐ MSK 8D_TRỌN BỘ 7-8m²,M,,
1675,,,V4_KẼM,NVL-V4_KEM_STD,LÁ ĐÀI LOAN STĐ MSK 8D_TRỌN BỘ 7-8m²,KG,1.312,
1676,,,Chi phí STD_V4,CPSTD_V4,LÁ ĐÀI LOAN STĐ MSK 8D_TRỌN BỘ 7-8m²,M,,
1677,,,PHỤ THU CHUYỂN ĐỔI LÊN CỬA KÉO TAY,PHUTHUCHUYENDOICUAKT,PHỤ THU CHUYỂN ĐỔI CỬA KÉO TAY,M2,,
1678,,329.0,LÁ ĐÀI LOAN STĐ MSK 8D_TRỌN BỘ 6-7m²,TP-TOLEKEM124_6D_TRONBO_6-7m²_MSK,LÁ ĐÀI LOAN STĐ MSK 8D_TRỌN BỘ 6-7m²,M2,,540000.0
1679,,,LÁ ĐÀI LOAN STĐ 8D_MSK,NVL-TOLEKEM124_6D_MSK,LÁ ĐÀI LOAN STĐ MSK 8D_TRỌN BỘ 6-7m²,M2,8.2,
1680,,,Chi phí STD_LÁ,CPSTD_LADL,LÁ ĐÀI LOAN STĐ MSK 8D_TRỌN BỘ 6-7m²,M2,,
1681,,,TRỤC114_1.8LY,NVL-TRUC114_1.8LY,LÁ ĐÀI LOAN STĐ MSK 8D_TRỌN BỘ 6-7m²,M,,
1682,,,RAY SẮT (CÓ RON) U70,NVL-TOLE1.2x190-CORON,LÁ ĐÀI LOAN STĐ MSK 8D_TRỌN BỘ 6-7m²,M,,
1683,,,V4_KẼM,NVL-V4_KEM_STD,LÁ ĐÀI LOAN STĐ MSK 8D_TRỌN BỘ 6-7m²,M,1.312,
1684,,,Chi phí STD_V4,CPSTD_V4,LÁ ĐÀI LOAN STĐ MSK 8D_TRỌN BỘ 6-7m²,M,,
1685,,,PHỤ THU CHUYỂN ĐỔI LÊN CỬA KÉO TAY,PHUTHUCHUYENDOICUAKT,PHỤ THU CHUYỂN ĐỔI CỬA KÉO TAY,M2,,
1686,,XL,LÁ ĐÀI LOAN STĐ 8D_MSK,NVL-TOLEKEM124_6D_MSK,LÁ ĐÀI LOAN STĐ MSK 8D_TRỌN BỘ 6-7m²,M2,,320000.0
1687,,,Chi phí STD_LÁ,CPSTD_LADL,LÁ ĐÀI LOAN STĐ MSK 8D_TRỌN BỘ 6-7m²,M2,,
1688,,,TRỤC114_1.8LY,NVL-TRUC114_1.8LY,LÁ ĐÀI LOAN STĐ MSK 8D_TRỌN BỘ 6-7m²,M,,
1689,,,RAY SẮT (CÓ RON) U70,NVL-TOLE1.2x190-CORON,LÁ ĐÀI LOAN STĐ MSK 8D_TRỌN BỘ 6-7m²,M,,
1690,,,V4_KẼM,NVL-V4_KEM_STD,LÁ ĐÀI LOAN STĐ MSK 8D_TRỌN BỘ 6-7m²,M,,
1691,,,Chi phí STD_V4,CPSTD_V4,LÁ ĐÀI LOAN STĐ MSK 8D_TRỌN BỘ 6-7m²,M,,
1692,,,PHỤ THU CHUYỂN ĐỔI LÊN CỬA KÉO TAY,PHUTHUCHUYENDOICUAKT,PHỤ THU CHUYỂN ĐỔI CỬA KÉO TAY,M2,,
1693,,330.0,LÁ ĐÀI LOAN STĐ MSK 8D_TRỌN BỘ 5-6m²,TP-TOLEKEM124_6D_TRONBO_5-6m²_MSK,LÁ ĐÀI LOAN STĐ MSK 8D_TRỌN BỘ 5-6m²,M2,,550000.0
1694,,,LÁ ĐÀI LOAN STĐ 8D_MSK,NVL-TOLEKEM124_6D_MSK,LÁ ĐÀI LOAN STĐ MSK 8D_TRỌN BỘ 5-6m²,M2,8.2,
1695,,,Chi phí STD_LÁ,CPSTD_LADL,LÁ ĐÀI LOAN STĐ MSK 8D_TRỌN BỘ 5-6m²,M2,,
1696,,,TRỤC114_1.8LY,NVL-TRUC114_1.8LY,LÁ ĐÀI LOAN STĐ MSK 8D_TRỌN BỘ 5-6m²,M,,
1697,,,RAY SẮT (CÓ RON) U70,NVL-TOLE1.2x190-CORON,LÁ ĐÀI LOAN STĐ MSK 8D_TRỌN BỘ 5-6m²,M,,
1698,,,V4_KẼM,NVL-V4_KEM_STD,LÁ ĐÀI LOAN STĐ MSK 8D_TRỌN BỘ 5-6m²,M,1.312,
1699,,,Chi phí STD_V4,CPSTD_V4,LÁ ĐÀI LOAN STĐ MSK 8D_TRỌN BỘ 5-6m²,M,,
1700,,,PHỤ THU CHUYỂN ĐỔI LÊN CỬA KÉO TAY,PHUTHUCHUYENDOICUAKT,PHỤ THU CHUYỂN ĐỔI CỬA KÉO TAY,M2,,
1701,,331.0,LÁ ĐÀI LOAN STĐ MSK 8D_TRỌN BỘ 4-5m²,TP-TOLEKEM124_6D_TRONBO_4-5m²_MSK,LÁ ĐÀI LOAN STĐ MSK 8D_TRỌN BỘ 4-5m²,M2,,560000.0
1702,,,LÁ ĐÀI LOAN STĐ 8D_MSK,NVL-TOLEKEM124_6D_MSK,LÁ ĐÀI LOAN STĐ MSK 8D_TRỌN BỘ 4-5m²,M2,8.2,
1703,,,Chi phí STD_LÁ,CPSTD_LADL,LÁ ĐÀI LOAN STĐ MSK 8D_TRỌN BỘ 4-5m²,M2,,
1704,,,TRỤC114_1.8LY,NVL-TRUC114_1.8LY,LÁ ĐÀI LOAN STĐ MSK 8D_TRỌN BỘ 4-5m²,M,,
1705,,,RAY SẮT (CÓ RON) U70,NVL-TOLE1.2x190-CORON,LÁ ĐÀI LOAN STĐ MSK 8D_TRỌN BỘ 4-5m²,M,,
1706,,,V4_KẼM,NVL-V4_KEM_STD,LÁ ĐÀI LOAN STĐ MSK 8D_TRỌN BỘ 5-6m²,M,1.312,
1707,,,Chi phí STD_V4,CPSTD_V4,LÁ ĐÀI LOAN STĐ MSK 8D_TRỌN BỘ 4-5m²,M,,
1708,,,PHỤ THU CHUYỂN ĐỔI LÊN CỬA KÉO TAY,PHUTHUCHUYENDOICUAKT,PHỤ THU CHUYỂN ĐỔI CỬA KÉO TAY,M2,,
1709,,,LÁ ĐÀI LOAN STĐ 8D_MSK,NVL-TOLEKEM124_6D_MSK,LÁ ĐÀI LOAN STĐ MSK 8D_TRỌN BỘ 4-5m²,M2,,
1710,,,Chi phí STD_LÁ,CPSTD_LADL,LÁ ĐÀI LOAN STĐ MSK 8D_TRỌN BỘ 4-5m²,M2,,
1711,,,TRỤC114_1.8LY,NVL-TRUC114_1.8LY,LÁ ĐÀI LOAN STĐ MSK 8D_TRỌN BỘ 4-5m²,M,,
1712,,,RAY SẮT (CÓ RON) U70,NVL-TOLE1.2x190-CORON,LÁ ĐÀI LOAN STĐ MSK 8D_TRỌN BỘ 4-5m²,M,,
1713,,,V4_KẼM,NVL-V4_KEM_STD,LÁ ĐÀI LOAN STĐ MSK 8D_TRỌN BỘ 5-6m²,M,,
1714,,,Chi phí STD_V4,CPSTD_V4,LÁ ĐÀI LOAN STĐ MSK 8D_TRỌN BỘ 4-5m²,M,,
1715,,,PHỤ THU CHUYỂN ĐỔI LÊN CỬA KÉO TAY,PHUTHUCHUYENDOICUAKT,PHỤ THU CHUYỂN ĐỔI CỬA KÉO TAY,M2,,
1716,,332.0,LÁ ĐÀI LOAN STĐ MSK 8D_TRỌN BỘ 3-4m²,TP-TOLEKEM124_6D_TRONBO_3-4m²_MSK,LÁ ĐÀI LOAN STĐ MSK 8D_TRỌN BỘ 3-4m²,M2,,570000.0
1717,,,LÁ ĐÀI LOAN STĐ 8D_MSK,NVL-TOLEKEM124_6D_MSK,LÁ ĐÀI LOAN STĐ MSK 8D_TRỌN BỘ 3-4m²,M2,8.2,
1718,,,Chi phí STD_LÁ,CPSTD_LADL,LÁ ĐÀI LOAN STĐ MSK 8D_TRỌN BỘ 3-4m²,M2,,
1719,,,TRỤC114_1.8LY,NVL-TRUC114_1.8LY,LÁ ĐÀI LOAN STĐ MSK 8D_TRỌN BỘ 3-4m²,M,,
1720,,,RAY SẮT (CÓ RON) U70,NVL-TOLE1.2x190-CORON,LÁ ĐÀI LOAN STĐ MSK 8D_TRỌN BỘ 3-4m²,M,,
1721,,,V4_KẼM,NVL-V4_KEM_STD,LÁ ĐÀI LOAN STĐ MSK 8D_TRỌN BỘ 3-4m²,M,1.312,
1722,,,Chi phí STD_V4,CPSTD_V4,LÁ ĐÀI LOAN STĐ MSK 8D_TRỌN BỘ 3-4m²,M,,
1723,,,PHỤ THU CHUYỂN ĐỔI LÊN CỬA KÉO TAY,PHUTHUCHUYENDOICUAKT,PHỤ THU CHUYỂN ĐỔI CỬA KÉO TAY,M2,,
1724,,,LÁ ĐÀI LOAN STĐ 8D_MSK,NVL-TOLEKEM124_6D_MSK,LÁ ĐÀI LOAN STĐ MSK 8D_TRỌN BỘ 3-4m²,M2,,
1725,,,Chi phí STD_LÁ,CPSTD_LADL,LÁ ĐÀI LOAN STĐ MSK 8D_TRỌN BỘ 3-4m²,M2,,
1726,,,TRỤC114_1.8LY,NVL-TRUC114_1.8LY,LÁ ĐÀI LOAN STĐ MSK 8D_TRỌN BỘ 3-4m²,M,,
1727,,,RAY SẮT (CÓ RON) U70,NVL-TOLE1.2x190-CORON,LÁ ĐÀI LOAN STĐ MSK 8D_TRỌN BỘ 3-4m²,M,,
1728,,,V4_KẼM,NVL-V4_KEM_STD,LÁ ĐÀI LOAN STĐ MSK 8D_TRỌN BỘ 3-4m²,M,,
1729,,,Chi phí STD_V4,CPSTD_V4,LÁ ĐÀI LOAN STĐ MSK 8D_TRỌN BỘ 3-4m²,M,,
1730,,,PHỤ THU CHUYỂN ĐỔI LÊN CỬA KÉO TAY,PHUTHUCHUYENDOICUAKT,PHỤ THU CHUYỂN ĐỔI CỬA KÉO TAY,M2,,
1731,,333.0,LÁ ĐÀI LOAN STĐ MSK 1LY_TRỌN BỘ >10m²,TP-TOLEKEM124_8D_TRONBO>10m²_MSK,LÁ ĐÀI LOAN STĐ MSK 1LY_TRỌN BỘ >10m²,M2,,560000.0
1732,,,LÁ ĐÀI LOAN STĐ 1LY_MSK,NVL-TOLEKEM124_8D_MSK,LÁ ĐÀI LOAN STĐ MSK 1LY_TRỌN BỘ >10m²,M2,12.6,
1733,,,Chi phí STD_LÁ,CPSTD_LADL,LÁ ĐÀI LOAN STĐ MSK 1LY_TRỌN BỘ >10m²,M2,,
1734,,,TRỤC114_1.8LY,NVL-TRUC114_1.8LY,LÁ ĐÀI LOAN STĐ MSK 1LY_TRỌN BỘ >10m²,M,,
1735,,,RAY SẮT (CÓ RON) U70,NVL-TOLE1.2x190-CORON,LÁ ĐÀI LOAN STĐ MSK 1LY_TRỌN BỘ >10m²,M,,
1736,,,V4_KẼM,NVL-V4_KEM_STD,CỬA LƯỚI SN PHI 19 STD - TRỌN BỘ,M,1.312,
1737,,,Chi phí STD_V4,CPSTD_V4,CỬA LƯỚI SN PHI 19 STD - TRỌN BỘ,M,,
1738,,,PHỤ THU CHUYỂN ĐỔI LÊN CỬA KÉO TAY,PHUTHUCHUYENDOICUAKT,PHỤ THU CHUYỂN ĐỔI CỬA KÉO TAY,M2,,
1739,,334.0,LÁ ĐÀI LOAN STĐ MSK 1LY_TRỌN BỘ 9-10m²,TP-TOLEKEM124_8D_TRONBO_9-10m²_MSK,LÁ ĐÀI LOAN STĐ MSK 1LY_TRỌN BỘ 9-10m²,M2,,570000.0
1740,,,LÁ ĐÀI LOAN STĐ 1LY_MSK,NVL-TOLEKEM124_8D_MSK,LÁ ĐÀI LOAN STĐ MSK 1LY_TRỌN BỘ 9-10m²,M2,12.6,
1741,,,Chi phí STD_LÁ,CPSTD_LADL,LÁ ĐÀI LOAN STĐ MSK 1LY_TRỌN BỘ 9-10m²,M2,,
1742,,,TRỤC114_1.8LY,NVL-TRUC114_1.8LY,LÁ ĐÀI LOAN STĐ MSK 1LY_TRỌN BỘ 9-10m²,M,,
1743,,,RAY SẮT (CÓ RON) U70,NVL-TOLE1.2x190-CORON,LÁ ĐÀI LOAN STĐ MSK 1LY_TRỌN BỘ 9-10m²,M,,
1744,,,V4_KẼM,NVL-V4_KEM_STD,LÁ ĐÀI LOAN STĐ MSK 1LY_TRỌN BỘ 9-10m²,M,1.312,
1745,,,Chi phí STD_V4,CPSTD_V4,LÁ ĐÀI LOAN STĐ MSK 1LY_TRỌN BỘ 9-10m²,M,,
1746,,,PHỤ THU CHUYỂN ĐỔI LÊN CỬA KÉO TAY,PHUTHUCHUYENDOICUAKT,PHỤ THU CHUYỂN ĐỔI CỬA KÉO TAY,M2,,
1747,,335.0,LÁ ĐÀI LOAN STĐ MSK 1LY_TRỌN BỘ 8-9m²,TP-TOLEKEM124_8D_TRONBO_8-9m²_MSK,LÁ ĐÀI LOAN STĐ MSK 1LY_TRỌN BỘ 8-10m²,M2,,580000.0
1748,,,LÁ ĐÀI LOAN STĐ 1LY_MSK,NVL-TOLEKEM124_8D_MSK,LÁ ĐÀI LOAN STĐ MSK 1LY_TRỌN BỘ 8-10m²,M2,12.6,
1749,,,Chi phí STD_LÁ,CPSTD_LADL,LÁ ĐÀI LOAN STĐ MSK 1LY_TRỌN BỘ 8-10m²,M2,,
1750,,,TRỤC114_1.8LY,NVL-TRUC114_1.8LY,LÁ ĐÀI LOAN STĐ MSK 1LY_TRỌN BỘ 8-10m²,M,,
1751,,,RAY SẮT (CÓ RON) U70,NVL-TOLE1.2x190-CORON,LÁ ĐÀI LOAN STĐ MSK 1LY_TRỌN BỘ 8-10m²,M,,
1752,,,V4_KẼM,NVL-V4_KEM_STD,LÁ ĐÀI LOAN STĐ MSK 1LY_TRỌN BỘ 8-10m²,M,1.312,
1753,,,Chi phí STD_V4,CPSTD_V4,LÁ ĐÀI LOAN STĐ MSK 1LY_TRỌN BỘ 8-10m²,M,,
1754,,,PHỤ THU CHUYỂN ĐỔI LÊN CỬA KÉO TAY,PHUTHUCHUYENDOICUAKT,PHỤ THU CHUYỂN ĐỔI CỬA KÉO TAY,M2,,
1755,,336.0,LÁ ĐÀI LOAN STĐ MSK 1LY_TRỌN BỘ 7-8m²,TP-TOLEKEM124_8D_TRONBO_7-8m²_MSK,LÁ ĐÀI LOAN STĐ MSK 1LY_TRỌN BỘ 7-8m²,M2,,590000.0
1756,,,LÁ ĐÀI LOAN STĐ 1LY_MSK,NVL-TOLEKEM124_8D_MSK,LÁ ĐÀI LOAN STĐ MSK 1LY_TRỌN BỘ 7-8m²,M2,12.6,
1757,,,Chi phí STD_LÁ,CPSTD_LADL,LÁ ĐÀI LOAN STĐ MSK 1LY_TRỌN BỘ 7-8m²,M2,,
1758,,,TRỤC114_1.8LY,NVL-TRUC114_1.8LY,LÁ ĐÀI LOAN STĐ MSK 1LY_TRỌN BỘ 7-8m²,M,,
1759,,,RAY SẮT (CÓ RON) U70,NVL-TOLE1.2x190-CORON,LÁ ĐÀI LOAN STĐ MSK 1LY_TRỌN BỘ 7-8m²,M,,
1760,,,V4_KẼM,NVL-V4_KEM_STD,LÁ ĐÀI LOAN STĐ MSK 1LY_TRỌN BỘ 7-8m²,M,1.312,
1761,,,Chi phí STD_V4,CPSTD_V4,LÁ ĐÀI LOAN STĐ MSK 1LY_TRỌN BỘ 7-8m²,M,,
1762,,,PHỤ THU CHUYỂN ĐỔI LÊN CỬA KÉO TAY,PHUTHUCHUYENDOICUAKT,PHỤ THU CHUYỂN ĐỔI CỬA KÉO TAY,M2,,
1763,,,LÁ ĐÀI LOAN STĐ 1LY_MSK,NVL-TOLEKEM124_8D_MSK,LÁ ĐÀI LOAN STĐ MSK 1LY_TRỌN BỘ 6-7m²,M2,,
1764,,,Chi phí STD_LÁ,CPSTD_LADL,LÁ ĐÀI LOAN STĐ MSK 1LY_TRỌN BỘ 6-7m²,M2,,
1765,,,TRỤC114_1.8LY,NVL-TRUC114_1.8LY,LÁ ĐÀI LOAN STĐ MSK 1LY_TRỌN BỘ 6-7m²,M,,
1766,,,RAY SẮT (CÓ RON) U70,NVL-TOLE1.2x190-CORON,LÁ ĐÀI LOAN STĐ MSK 1LY_TRỌN BỘ 6-7m²,M,,
1767,,,V4_KẼM,NVL-V4_KEM_STD,LÁ ĐÀI LOAN STĐ MSK 1LY_TRỌN BỘ 6-7m²,M,,
1768,,,Chi phí STD_V4,CPSTD_V4,LÁ ĐÀI LOAN STĐ MSK 1LY_TRỌN BỘ 6-7m²,M,,
1769,,,PHỤ THU CHUYỂN ĐỔI LÊN CỬA KÉO TAY,PHUTHUCHUYENDOICUAKT,PHỤ THU CHUYỂN ĐỔI CỬA KÉO TAY,M2,,
1770,,337.0,LÁ ĐÀI LOAN STĐ MSK 1LY_TRỌN BỘ 6-7m²,TP-TOLEKEM124_8D_TRONBO_6-7m²_MSK,LÁ ĐÀI LOAN STĐ MSK 1LY_TRỌN BỘ 6-7m²,M2,,610000.0
1771,,,LÁ ĐÀI LOAN STĐ 1LY_MSK,NVL-TOLEKEM124_8D_MSK,LÁ ĐÀI LOAN STĐ MSK 1LY_TRỌN BỘ 6-7m²,M2,12.6,
1772,,,Chi phí STD_LÁ,CPSTD_LADL,LÁ ĐÀI LOAN STĐ MSK 1LY_TRỌN BỘ 6-7m²,M2,,
1773,,,TRỤC114_1.8LY,NVL-TRUC114_1.8LY,LÁ ĐÀI LOAN STĐ MSK 1LY_TRỌN BỘ 6-7m²,M,,
1774,,,RAY SẮT (CÓ RON) U70,NVL-TOLE1.2x190-CORON,LÁ ĐÀI LOAN STĐ MSK 1LY_TRỌN BỘ 6-7m²,M,,
1775,,,V4_KẼM,NVL-V4_KEM_STD,LÁ ĐÀI LOAN STĐ MSK 1LY_TRỌN BỘ 6-7m²,M,1.312,
1776,,,Chi phí STD_V4,CPSTD_V4,LÁ ĐÀI LOAN STĐ MSK 1LY_TRỌN BỘ 6-7m²,M,,
1777,,,PHỤ THU CHUYỂN ĐỔI LÊN CỬA KÉO TAY,PHUTHUCHUYENDOICUAKT,PHỤ THU CHUYỂN ĐỔI CỬA KÉO TAY,M2,,
1778,,338.0,LÁ ĐÀI LOAN STĐ MSK 1LY_TRỌN BỘ 5-6m²,TP-TOLEKEM124_8D_TRONBO_5-6m²_MSK,LÁ ĐÀI LOAN STĐ MSK 1LY_TRỌN BỘ 5-6m²,M2,,620000.0
1779,,,LÁ ĐÀI LOAN STĐ 1LY_MSK,NVL-TOLEKEM124_8D_MSK,LÁ ĐÀI LOAN STĐ MSK 1LY_TRỌN BỘ 5-6m²,M2,12.6,
1780,,,Chi phí STD_LÁ,CPSTD_LADL,LÁ ĐÀI LOAN STĐ MSK 1LY_TRỌN BỘ 5-6m²,M2,,
1781,,,TRỤC114_1.8LY,NVL-TRUC114_1.8LY,LÁ ĐÀI LOAN STĐ MSK 1LY_TRỌN BỘ 5-6m²,M,,
1782,,,RAY SẮT (CÓ RON) U70,NVL-TOLE1.2x190-CORON,LÁ ĐÀI LOAN STĐ MSK 1LY_TRỌN BỘ 5-6m²,M,,
1783,,,V4_KẼM,NVL-V4_KEM_STD,LÁ ĐÀI LOAN STĐ MSK 1LY_TRỌN BỘ 5-6m²,M,1.312,
1784,,,Chi phí STD_V4,CPSTD_V4,LÁ ĐÀI LOAN STĐ MSK 1LY_TRỌN BỘ 5-6m²,M,,
1785,,,PHỤ THU CHUYỂN ĐỔI LÊN CỬA KÉO TAY,PHUTHUCHUYENDOICUAKT,PHỤ THU CHUYỂN ĐỔI CỬA KÉO TAY,M2,,
1786,xl,,LÁ ĐÀI LOAN STĐ 1LY_MSK,NVL-TOLEKEM124_8D_MSK,LÁ ĐÀI LOAN STĐ MSK 1LY_TRỌN BỘ 4-5m²,M2,,
1787,,,Chi phí STD_LÁ,CPSTD_LADL,LÁ ĐÀI LOAN STĐ MSK 1LY_TRỌN BỘ 4-5m²,M2,,
1788,,,TRỤC114_1.8LY,NVL-TRUC114_1.8LY,LÁ ĐÀI LOAN STĐ MSK 1LY_TRỌN BỘ 4-5m²,M,,
1789,,,RAY SẮT (CÓ RON) U70,NVL-TOLE1.2x190-CORON,LÁ ĐÀI LOAN STĐ MSK 1LY_TRỌN BỘ 4-5m²,M,,
1790,,,V4_KẼM,NVL-V4_KEM_STD,LÁ ĐÀI LOAN STĐ MSK 1LY_TRỌN BỘ 5-6m²,M,,
1791,,,Chi phí STD_V4,CPSTD_V4,LÁ ĐÀI LOAN STĐ MSK 1LY_TRỌN BỘ 4-5m²,M,,
1792,,,PHỤ THU CHUYỂN ĐỔI LÊN CỬA KÉO TAY,PHUTHUCHUYENDOICUAKT,PHỤ THU CHUYỂN ĐỔI CỬA KÉO TAY,M2,,
1793,,339.0,LÁ ĐÀI LOAN STĐ MSK 1LY_TRỌN BỘ 4-5m²,TP-TOLEKEM124_8D_TRONBO_4-5m²_MSK,LÁ ĐÀI LOAN STĐ MSK 1LY_TRỌN BỘ 4-5m²,M2,,640000.0
1794,,,LÁ ĐÀI LOAN STĐ 1LY_MSK,NVL-TOLEKEM124_8D_MSK,LÁ ĐÀI LOAN STĐ MSK 1LY_TRỌN BỘ 4-5m²,M2,12.6,
1795,,,Chi phí STD_LÁ,CPSTD_LADL,LÁ ĐÀI LOAN STĐ MSK 1LY_TRỌN BỘ 4-5m²,M2,,
1796,,,TRỤC114_1.8LY,NVL-TRUC114_1.8LY,LÁ ĐÀI LOAN STĐ MSK 1LY_TRỌN BỘ 4-5m²,M,,
1797,,,RAY SẮT (CÓ RON) U70,NVL-TOLE1.2x190-CORON,LÁ ĐÀI LOAN STĐ MSK 1LY_TRỌN BỘ 4-5m²,M,,
1798,,,V4_KẼM,NVL-V4_KEM_STD,LÁ ĐÀI LOAN STĐ MSK 1LY_TRỌN BỘ 5-6m²,M,1.312,
1799,,,Chi phí STD_V4,CPSTD_V4,LÁ ĐÀI LOAN STĐ MSK 1LY_TRỌN BỘ 4-5m²,M,,
1800,,,PHỤ THU CHUYỂN ĐỔI LÊN CỬA KÉO TAY,PHUTHUCHUYENDOICUAKT,PHỤ THU CHUYỂN ĐỔI CỬA KÉO TAY,M2,,
1801,,,LÁ ĐÀI LOAN STĐ 1LY_MSK,NVL-TOLEKEM124_8D_MSK,LÁ ĐÀI LOAN STĐ MSK 1LY_TRỌN BỘ 3-4m²,M2,,
1802,,,Chi phí STD_LÁ,CPSTD_LADL,LÁ ĐÀI LOAN STĐ MSK 1LY_TRỌN BỘ 3-4m²,M2,12.6,
1803,,,TRỤC114_1.8LY,NVL-TRUC114_1.8LY,LÁ ĐÀI LOAN STĐ MSK 1LY_TRỌN BỘ 3-4m²,M,,
1804,,,RAY SẮT (CÓ RON) U70,NVL-TOLE1.2x190-CORON,LÁ ĐÀI LOAN STĐ MSK 1LY_TRỌN BỘ 3-4m²,M,,
1805,,,V4_KẼM,NVL-V4_KEM_STD,LÁ ĐÀI LOAN STĐ MSK 1LY_TRỌN BỘ 3-4m²,M,,
1806,,,Chi phí STD_V4,CPSTD_V4,LÁ ĐÀI LOAN STĐ MSK 1LY_TRỌN BỘ 3-4m²,M,,
1807,,,PHỤ THU CHUYỂN ĐỔI LÊN CỬA KÉO TAY,PHUTHUCHUYENDOICUAKT,PHỤ THU CHUYỂN ĐỔI CỬA KÉO TAY,M2,,
1808,,340.0,LÁ ĐÀI LOAN STĐ MSK 1LY_TRỌN BỘ 3-4m²,TP-TOLEKEM124_8D_TRONBO_3-4m²_MSK,LÁ ĐÀI LOAN STĐ MSK 1LY_TRỌN BỘ 3-4m²,M2,,660000.0
1809,,,LÁ ĐÀI LOAN STĐ 1LY_MSK,NVL-TOLEKEM124_8D_MSK,LÁ ĐÀI LOAN STĐ MSK 1LY_TRỌN BỘ 3-4m²,M2,12.6,
1810,,,Chi phí STD_LÁ,CPSTD_LADL,LÁ ĐÀI LOAN STĐ MSK 1LY_TRỌN BỘ 3-4m²,M2,,
1811,,,TRỤC114_1.8LY,NVL-TRUC114_1.8LY,LÁ ĐÀI LOAN STĐ MSK 1LY_TRỌN BỘ 3-4m²,M,,
1812,,,RAY SẮT (CÓ RON) U70,NVL-TOLE1.2x190-CORON,LÁ ĐÀI LOAN STĐ MSK 1LY_TRỌN BỘ 3-4m²,M,,
1813,,,V4_KẼM,NVL-V4_KEM_STD,LÁ ĐÀI LOAN STĐ MSK 1LY_TRỌN BỘ 3-4m²,M,1.312,
1814,,,Chi phí STD_V4,CPSTD_V4,LÁ ĐÀI LOAN STĐ MSK 1LY_TRỌN BỘ 3-4m²,M,,
1815,,,PHỤ THU CHUYỂN ĐỔI LÊN CỬA KÉO TAY,PHUTHUCHUYENDOICUAKT,PHỤ THU CHUYỂN ĐỔI CỬA KÉO TAY,M2,,
1816,,341.0,LÁ ĐÀI LOAN STĐ MSK 1.2LY_TRỌN BỘ >10m²,TP-TOLEKEM124_1LY_TRONBO>10m²_MSK,CỬA ĐÀI LOAN STĐ MSK 1.2LY_TRỌN BỘ >10m²,M2,,620000.0
1817,,,LÁ ĐÀI LOAN STĐ 1.2LY_MSK,NVL-TOLEKEM124_1LY_MSK,CỬA ĐÀI LOAN STĐ MSK 1.2LY_TRỌN BỘ >10m²,M2,11.64,
1818,,,Chi phí STD_LÁ,CPSTD_LADL,CỬA ĐÀI LOAN STĐ MSK 1.2LY_TRỌN BỘ >10m²,M2,,
1819,,,TRỤC114_1.8LY,NVL-TRUC114_1.8LY,CỬA ĐÀI LOAN STĐ MSK 1.2LY_TRỌN BỘ >10m²,M,,
1820,,,RAY SẮT (CÓ RON) U70,NVL-TOLE1.2x190-CORON,CỬA ĐÀI LOAN STĐ MSK 1.2LY_TRỌN BỘ >10m²,M,,
1821,,,V4_KẼM,NVL-V4_KEM_STD,CỬA ĐÀI LOAN STĐ MSK 1.2LY_TRỌN BỘ >10m²,M,1.464,
1822,,,Chi phí STD_V4,CPSTD_V4,CỬA ĐÀI LOAN STĐ MSK 1.2LY_TRỌN BỘ >10m²,M,,
1823,,,PHỤ THU CHUYỂN ĐỔI LÊN CỬA KÉO TAY,PHUTHUCHUYENDOICUAKT,PHỤ THU CHUYỂN ĐỔI CỬA KÉO TAY,M2,,
1824,,342.0,LÁ ĐÀI LOAN STĐ MSK 1.2LY_TRỌN BỘ 9-10m²,TP-TOLEKEM124_1LY_TRONBO_9-10m²_MSK,LÁ ĐÀI LOAN STĐ MSK 1.2LY_TRỌN BỘ 9-10m²,M2,,630000.0
1825,,,LÁ ĐÀI LOAN STĐ 1.2LY_MSK,NVL-TOLEKEM124_1LY_MSK,LÁ ĐÀI LOAN STĐ MSK 1.2LY_TRỌN BỘ 9-10m²,M2,11.64,
1826,,,Chi phí STD_LÁ,CPSTD_LADL,LÁ ĐÀI LOAN STĐ MSK 1.2LY_TRỌN BỘ 9-10m²,M2,,
1827,,,TRỤC114_1.8LY,NVL-TRUC114_1.8LY,LÁ ĐÀI LOAN STĐ MSK 1.2LY_TRỌN BỘ 9-10m²,M,,
1828,,,RAY SẮT (CÓ RON) U70,NVL-TOLE1.2x190-CORON,LÁ ĐÀI LOAN STĐ MSK 1.2LY_TRỌN BỘ 9-10m²,M,,
1829,,,V4_KẼM,NVL-V4_KEM_STD,LÁ ĐÀI LOAN STĐ MSK 1.2LY_TRỌN BỘ 9-10m²,M,1.312,
1830,,,Chi phí STD_V4,CPSTD_V4,LÁ ĐÀI LOAN STĐ MSK 1.2LY_TRỌN BỘ 9-10m²,M,,
1831,,,PHỤ THU CHUYỂN ĐỔI LÊN CỬA KÉO TAY,PHUTHUCHUYENDOICUAKT,PHỤ THU CHUYỂN ĐỔI CỬA KÉO TAY,M2,,
1832,,343.0,LÁ ĐÀI LOAN STĐ MSK 1.2LY_TRỌN BỘ 8-9m²,TP-TOLEKEM124_1LY_TRONBO_8-9m²_MSK,LÁ ĐÀI LOAN STĐ MSK 1.2LY_TRỌN BỘ 8-9m²,M2,,640000.0
1833,,,LÁ ĐÀI LOAN STĐ 1.2LY_MSK,NVL-TOLEKEM124_1LY_MSK,LÁ ĐÀI LOAN STĐ MSK 1.2LY_TRỌN BỘ 8-9m²,M2,11.64,
1834,,,Chi phí STD_LÁ,CPSTD_LADL,LÁ ĐÀI LOAN STĐ MSK 1.2LY_TRỌN BỘ 8-9m²,M2,,
1835,,,TRỤC114_1.8LY,NVL-TRUC114_1.8LY,LÁ ĐÀI LOAN STĐ MSK 1.2LY_TRỌN BỘ 8-9m²,M,,
1836,,,RAY SẮT (CÓ RON) U70,NVL-TOLE1.2x190-CORON,LÁ ĐÀI LOAN STĐ MSK 1.2LY_TRỌN BỘ 8-9m²,M,,
1837,,,V4_KẼM,NVL-V4_KEM_STD,LÁ ĐÀI LOAN STĐ MSK 1.2LY_TRỌN BỘ 8-9m²,M,1.312,
1838,,,Chi phí STD_V4,CPSTD_V4,LÁ ĐÀI LOAN STĐ MSK 1.2LY_TRỌN BỘ 8-9m²,M,,
1839,,,PHỤ THU CHUYỂN ĐỔI LÊN CỬA KÉO TAY,PHUTHUCHUYENDOICUAKT,PHỤ THU CHUYỂN ĐỔI CỬA KÉO TAY,M2,,
1840,,344.0,LÁ ĐÀI LOAN STĐ MSK 1.2LY_TRỌN BỘ 7-8m²,TP-TOLEKEM124_1LY_TRONBO_7-8m²_MSK,LÁ ĐÀI LOAN STĐ MSK 1.2LY_TRỌN BỘ 7-8m²,M2,,650000.0
1841,,,LÁ ĐÀI LOAN STĐ 1.2LY_MSK,NVL-TOLEKEM124_1LY_MSK,LÁ ĐÀI LOAN STĐ MSK 1.2LY_TRỌN BỘ 7-8m²,M2,11.64,
1842,,,Chi phí STD_LÁ,CPSTD_LADL,LÁ ĐÀI LOAN STĐ MSK 1.2LY_TRỌN BỘ 7-8m²,M2,,
1843,,,TRỤC114_1.8LY,NVL-TRUC114_1.8LY,LÁ ĐÀI LOAN STĐ MSK 1.2LY_TRỌN BỘ 7-8m²,M,,
1844,,,RAY SẮT (CÓ RON) U70,NVL-TOLE1.2x190-CORON,LÁ ĐÀI LOAN STĐ MSK 1.2LY_TRỌN BỘ 7-8m²,M,,
1845,,,V4_KẼM,NVL-V4_KEM_STD,LÁ ĐÀI LOAN STĐ MSK 1.2LY_TRỌN BỘ 7-8m²,M,1.312,
1846,,,Chi phí STD_V4,CPSTD_V4,LÁ ĐÀI LOAN STĐ MSK 1.2LY_TRỌN BỘ 7-8m²,M,,
1847,,,PHỤ THU CHUYỂN ĐỔI LÊN CỬA KÉO TAY,PHUTHUCHUYENDOICUAKT,PHỤ THU CHUYỂN ĐỔI CỬA KÉO TAY,M2,,
1848,,,LÁ ĐÀI LOAN STĐ 1.2LY_MSK,NVL-TOLEKEM124_1LY_MSK,LÁ ĐÀI LOAN STĐ MSK 1.2LY_TRỌN BỘ 6-7m²,M2,,
1849,,,Chi phí STD_LÁ,CPSTD_LADL,LÁ ĐÀI LOAN STĐ MSK 1.2LY_TRỌN BỘ 6-7m²,M2,,
1850,,,TRỤC114_1.8LY,NVL-TRUC114_1.8LY,LÁ ĐÀI LOAN STĐ MSK 1.2LY_TRỌN BỘ 6-7m²,M,,
1851,,,RAY SẮT (CÓ RON) U70,NVL-TOLE1.2x190-CORON,LÁ ĐÀI LOAN STĐ MSK 1.2LY_TRỌN BỘ 6-7m²,M,,
1852,,,V4_KẼM,NVL-V4_KEM_STD,LÁ ĐÀI LOAN STĐ MSK 1.2LY_TRỌN BỘ 6-7m²,M,,
1853,,,Chi phí STD_V4,CPSTD_V4,LÁ ĐÀI LOAN STĐ MSK 1.2LY_TRỌN BỘ 6-7m²,M,,
1854,,,PHỤ THU CHUYỂN ĐỔI LÊN CỬA KÉO TAY,PHUTHUCHUYENDOICUAKT,PHỤ THU CHUYỂN ĐỔI CỬA KÉO TAY,M2,,
1855,,345.0,LÁ ĐÀI LOAN STĐ MSK 1.2LY_TRỌN BỘ 6-7m²,TP-TOLEKEM124_1LY_TRONBO_6-7m²_MSK,LÁ ĐÀI LOAN STĐ MSK 1.2LY_TRỌN BỘ 6-7m²,M2,,660000.0
1856,,,LÁ ĐÀI LOAN STĐ 1.2LY_MSK,NVL-TOLEKEM124_1LY_MSK,LÁ ĐÀI LOAN STĐ MSK 1.2LY_TRỌN BỘ 6-7m²,M2,11.64,
1857,,,Chi phí STD_LÁ,CPSTD_LADL,LÁ ĐÀI LOAN STĐ MSK 1.2LY_TRỌN BỘ 6-7m²,M2,,
1858,,,TRỤC114_1.8LY,NVL-TRUC114_1.8LY,LÁ ĐÀI LOAN STĐ MSK 1.2LY_TRỌN BỘ 6-7m²,M,,
1859,,,RAY SẮT (CÓ RON) U70,NVL-TOLE1.2x190-CORON,LÁ ĐÀI LOAN STĐ MSK 1.2LY_TRỌN BỘ 6-7m²,M,,
1860,,,V4_KẼM,NVL-V4_KEM_STD,LÁ ĐÀI LOAN STĐ MSK 1.2LY_TRỌN BỘ 6-7m²,M,1.312,
1861,,,Chi phí STD_V4,CPSTD_V4,LÁ ĐÀI LOAN STĐ MSK 1.2LY_TRỌN BỘ 6-7m²,M,,
1862,,,PHỤ THU CHUYỂN ĐỔI LÊN CỬA KÉO TAY,PHUTHUCHUYENDOICUAKT,PHỤ THU CHUYỂN ĐỔI CỬA KÉO TAY,M2,,
1863,,346.0,LÁ ĐÀI LOAN STĐ MSK 1.2LY_TRỌN BỘ 5-6m²,TP-TOLEKEM124_1LY_TRONBO_5-6m²_MSK,LÁ ĐÀI LOAN STĐ MSK 1.2LY_TRỌN BỘ 5-6m²,M2,,670000.0
1864,,,LÁ ĐÀI LOAN STĐ 1.2LY_MSK,NVL-TOLEKEM124_1LY_MSK,LÁ ĐÀI LOAN STĐ MSK 1.2LY_TRỌN BỘ 5-6m²,M2,11.64,
1865,,,Chi phí STD_LÁ,CPSTD_LADL,LÁ ĐÀI LOAN STĐ MSK 1.2LY_TRỌN BỘ 5-6m²,M2,,
1866,,,TRỤC114_1.8LY,NVL-TRUC114_1.8LY,LÁ ĐÀI LOAN STĐ MSK 1.2LY_TRỌN BỘ 5-6m²,M,,
1867,,,RAY SẮT (CÓ RON) U70,NVL-TOLE1.2x190-CORON,LÁ ĐÀI LOAN STĐ MSK 1.2LY_TRỌN BỘ 5-6m²,M,,
1868,,,V4_KẼM,NVL-V4_KEM_STD,LÁ ĐÀI LOAN STĐ MSK 1.2LY_TRỌN BỘ 5-6m²,M,1.312,
1869,,,Chi phí STD_V4,CPSTD_V4,LÁ ĐÀI LOAN STĐ MSK 1.2LY_TRỌN BỘ 5-6m²,M,,
1870,,,PHỤ THU CHUYỂN ĐỔI LÊN CỬA KÉO TAY,PHUTHUCHUYENDOICUAKT,PHỤ THU CHUYỂN ĐỔI CỬA KÉO TAY,M2,,20000.0
1871,,,LÁ ĐÀI LOAN STĐ 1.2LY_MSK,NVL-TOLEKEM124_1LY_MSK,LÁ ĐÀI LOAN STĐ MSK 1.2LY_TRỌN BỘ 4-5m²,M2,,
1872,,,Chi phí STD_LÁ,CPSTD_LADL,LÁ ĐÀI LOAN STĐ MSK 1.2LY_TRỌN BỘ 4-5m²,M2,11.64,
1873,,,TRỤC114_1.8LY,NVL-TRUC114_1.8LY,LÁ ĐÀI LOAN STĐ MSK 1.2LY_TRỌN BỘ 4-5m²,M,,
1874,,,RAY SẮT (CÓ RON) U70,NVL-TOLE1.2x190-CORON,LÁ ĐÀI LOAN STĐ MSK 1.2LY_TRỌN BỘ 4-5m²,M,,
1875,,,V4_KẼM,NVL-V4_KEM_STD,LÁ ĐÀI LOAN STĐ MSK 1.2LY_TRỌN BỘ 5-6m²,M,,
1876,,,Chi phí STD_V4,CPSTD_V4,LÁ ĐÀI LOAN STĐ MSK 1.2LY_TRỌN BỘ 4-5m²,M,,
1877,,,PHỤ THU CHUYỂN ĐỔI LÊN CỬA KÉO TAY,PHUTHUCHUYENDOICUAKT,PHỤ THU CHUYỂN ĐỔI CỬA KÉO TAY,M2,,
1878,,347.0,LÁ ĐÀI LOAN STĐ MSK 1.2LY_TRỌN BỘ 4-5m²,TP-TOLEKEM124_1LY_TRONBO_4-5m²_MSK,LÁ ĐÀI LOAN STĐ MSK 1.2LY_TRỌN BỘ 4-5m²,M2,,680000.0
1879,,,LÁ ĐÀI LOAN STĐ 1.2LY_MSK,NVL-TOLEKEM124_1LY_MSK,LÁ ĐÀI LOAN STĐ MSK 1.2LY_TRỌN BỘ 4-5m²,M2,11.64,
1880,,,Chi phí STD_LÁ,CPSTD_LADL,LÁ ĐÀI LOAN STĐ MSK 1.2LY_TRỌN BỘ 4-5m²,M2,,
1881,,,TRỤC114_1.8LY,NVL-TRUC114_1.8LY,LÁ ĐÀI LOAN STĐ MSK 1.2LY_TRỌN BỘ 4-5m²,M,,
1882,,,RAY SẮT (CÓ RON) U70,NVL-TOLE1.2x190-CORON,LÁ ĐÀI LOAN STĐ MSK 1.2LY_TRỌN BỘ 4-5m²,M,,
1883,,,V4_KẼM,NVL-V4_KEM_STD,LÁ ĐÀI LOAN STĐ MSK 1.2LY_TRỌN BỘ 5-6m²,M,1.312,
1884,,,Chi phí STD_V4,CPSTD_V4,LÁ ĐÀI LOAN STĐ MSK 1.2LY_TRỌN BỘ 4-5m²,M,,
1885,,,PHỤ THU CHUYỂN ĐỔI LÊN CỬA KÉO TAY,PHUTHUCHUYENDOICUAKT,PHỤ THU CHUYỂN ĐỔI CỬA KÉO TAY,M2,,
1886,,348.0,LÁ ĐÀI LOAN STĐ MSK 1.2LY_TRỌN BỘ 3-4m²,TP-TOLEKEM124_1LY_TRONBO_3-4m²_MSK,LÁ ĐÀI LOAN STĐ MSK 1.2LY_TRỌN BỘ 3-4m²,M2,,690000.0
1887,,,LÁ ĐÀI LOAN STĐ 1.2LY_MSK,NVL-TOLEKEM124_1LY_MSK,LÁ ĐÀI LOAN STĐ MSK 1.2LY_TRỌN BỘ 3-4m²,M2,11.64,
1888,,,Chi phí STD_LÁ,CPSTD_LADL,LÁ ĐÀI LOAN STĐ MSK 1.2LY_TRỌN BỘ 3-4m²,M2,,
1889,,,TRỤC114_1.8LY,NVL-TRUC114_1.8LY,LÁ ĐÀI LOAN STĐ MSK 1.2LY_TRỌN BỘ 3-4m²,M,,
1890,,,RAY SẮT (CÓ RON) U70,NVL-TOLE1.2x190-CORON,LÁ ĐÀI LOAN STĐ MSK 1.2LY_TRỌN BỘ 3-4m²,M,,
1891,,,V4_KẼM,NVL-V4_KEM_STD,LÁ ĐÀI LOAN STĐ MSK 1.2LY_TRỌN BỘ 3-4m²,M,1.312,
1892,,,Chi phí STD_V4,CPSTD_V4,LÁ ĐÀI LOAN STĐ MSK 1.2LY_TRỌN BỘ 3-4m²,M,,
1893,,,PHỤ THU CHUYỂN ĐỔI LÊN CỬA KÉO TAY,PHUTHUCHUYENDOICUAKT,PHỤ THU CHUYỂN ĐỔI CỬA KÉO TAY,M2,,
1894,,349.0,LÁ ĐÀI LOAN STĐ 1.2LY_MSK,NVL-TOLEKEM124_1LY_MSK,LÁ ĐÀI LOAN STĐ MSK 1.2LY_TRỌN BỘ 3-4m²,M2,,
1895,,,LÁ ĐÀI LOAN STĐ 1.2LY_MSK,NVL-TOLEKEM124_1LY_MSK,LÁ ĐÀI LOAN STĐ MSK 1.2LY_TRỌN BỘ 3-4m²,M2,11.64,
1896,,,Chi phí STD_LÁ,CPSTD_LADL,LÁ ĐÀI LOAN STĐ MSK 1.2LY_TRỌN BỘ 3-4m²,M2,11.64,
1897,,,TRỤC114_1.8LY,NVL-TRUC114_1.8LY,LÁ ĐÀI LOAN STĐ MSK 1.2LY_TRỌN BỘ 3-4m²,M,,
1898,,,RAY SẮT (CÓ RON) U70,NVL-TOLE1.2x190-CORON,LÁ ĐÀI LOAN STĐ MSK 1.2LY_TRỌN BỘ 3-4m²,M,,
1899,,,V4_KẼM,NVL-V4_KEM_STD,LÁ ĐÀI LOAN STĐ MSK 1.2LY_TRỌN BỘ 3-4m²,M,1.312,
1900,,,Chi phí STD_V4,CPSTD_V4,LÁ ĐÀI LOAN STĐ MSK 1.2LY_TRỌN BỘ 3-4m²,M,,
1901,,,PHỤ THU CHUYỂN ĐỔI LÊN CỬA KÉO TAY,PHUTHUCHUYENDOICUAKT,PHỤ THU CHUYỂN ĐỔI CỬA KÉO TAY,M2,,
1902,,350.0,LÁ MẪU ĐỨC,NVL-LAMAU-PHE,LÁ MẪU ĐỨC,"KG/
THÙNG",1.4,
1903,,351.0,CHỐNG XỔ LÔ,TP-CHONGXOLO,CHỐNG XỔ LÔ,CÁI,1.0,65000.0
1904,,352.0,CỬA KÉO,HH-CUAKEODL,CỬA KÉO ĐL,M2,,
1905,,,PHỤ KIỆN LÁ ĐÀI  LOAN,,,,,
1906,,,LÁ ĐÀI LOAN 6D_XN-VK,NVL-TON-DL5.2Dx124-XNVK,CỬA ĐL6D XN-VK_TRỌN BỘ >10m²,,,
1907,,,RAY SẮT (CÓ RON) U70,NVL-TOLE1.2x190-CORON,CỬA ĐL6D XN-VK_TRỌN BỘ >10m²,,,
1908,,,V4_KẼM,NVL-V4_KEM_STD,CỬA ĐL6D XN-VK_TRỌN BỘ >10m²,,,
1909,,,TRỤC114_1.8LY,NVL-TRUC114_1.8LY,CỬA ĐL6D XN-XLC_TRỌN BỘ_3-4m²,,,
1910,,,PHỤ THU CHUYỂN ĐỔI LÊN CỬA KÉO TAY,PHUTHUCHUYENDOICUAKT,PHỤ THU CHUYỂN ĐỔI CỬA KÉO TAY,,,
1911,,,LÁ ĐÀI LOAN 6D_XN-XLC,NVL-TON-DL5.2Dx124-XNXLC,CỬA ĐL6D XN-XLC_TRỌN BỘ >10m²,,,
1912,,,LÁ ĐÀI LOAN 7D_XN-VK,NVL-TON-DL6.2Dx124-XNVK,CỬA ĐL7D XN-VK_TRỌN BỘ >10m²,,,
1913,,,LÁ ĐÀI LOAN 7D_XN-XLC,NVL-TON-DL6.2Dx124-XNXLC,CỬA ĐL7D XN-XLC_TRỌN BỘ >10m²,,,
1914,,,LÁ ĐÀI LOAN 8D_XN-VK,NVL-TON-DL7.2Dx124-XNVK,CỬA ĐL8D XN-VK_TRỌN BỘ >10m²,,,
1915,,,LÁ ĐÀI LOAN 8D_XN-XLC,NVL-TON-DL7.2Dx124-XNXLC,CỬA ĐL8D XN-XLC_TRỌN BỘ >10m²,,,
1916,,,LÁ ĐÀI LOAN 1LY_XN-VK,NVL-TON-DL9.2Dx124-XNVK,CỬA ĐL1LY XN-VK_TRỌN BỘ >10m²,,,
1917,,,LÁ ĐÀI LOAN 1LY_XN-XLC,NVL-TON-DL9.2Dx124-XNXLC,CỬA ĐL1LY XN-XLC_TRỌN BỘ >10m²,,,
1918,,,LÁ ĐÀI LOAN STĐ 8D_MSK,NVL-TOLEKEM124_6D_MSK,LÁ ĐÀI LOAN STĐ MSK 8D_TRỌN BỘ >10m²,,,
1919,,,Chi phí STD_LÁ,CPSTD_LADL,LÁ ĐÀI LOAN STĐ MSK 8D_TRỌN BỘ >10m²,,,
1920,,,Chi phí STD_V4,CPSTD_V4,CỬA LƯỚI SN PHI 19 STD - TRỌN BỘ,,,
1921,,,LÁ ĐÀI LOAN STĐ 1LY_MSK,NVL-TOLEKEM124_8D_MSK,LÁ ĐÀI LOAN STĐ MSK 1LY_TRỌN BỘ >10m²,,,
1922,,,LÁ ĐÀI LOAN STĐ 1.2LY_MSK,NVL-TOLEKEM124_1LY_MSK,CỬA ĐÀI LOAN STĐ MSK 1.2LY_TRỌN BỘ >10m²,,,
1924,,,PHỤ KIỆN CỬA ĐỨC,,,,,
1925,,,#REF!,,ĐỨC AL595 - GS,,,
1926,,,,,ĐỨC AL595 - GS,,,
1927,,,,,ĐỨC AL595 - GS,,,
1928,,,,,ĐỨC AL595 - GS,,,
1929,,,,,ĐỨC AL595 - GS,,,
1930,,,,,ĐỨC AL595 - GS,,,
1931,,,,,ĐỨC AL595 - GS,,,
1932,,,,,ĐỨC AL595 - GS,,,
1933,,,,,LÁ ĐẦU,,,
1934,,,,,LÁ ĐẦU,,,
1935,,,,,LÁ YẾM,,,
1936,,,,,LÁ YẾM,,,
1937,,,,,LÁ TRUNG GIAN,,,
1938,,,,,LÁ TRUNG GIAN,,,
1939,,,,,LÁ ĐÁY LỚN,,,
1940,,,,,LÁ ĐÁY LỚN,,,
1941,,,,,BỘ BA LÁ ĐÁY,,,
1942,,,,,BỘ BA LÁ ĐÁY,,,
1943,,,,,LÔNG NHEO 4X5,,,
1944,,,,,LÔNG NHEO 5X6,,,
1945,,,,,RON ĐÁY ĐỨC ,,,
1946,,,,,ĐỨC AL595 - GS,,,
1947,,,,,RON NHỰA + INOX,,,
1948,,,,,RON NHỰA + INOX,,,
1949,,,,,RON NHỰA + INOX,,,
1950,,,,,RON NHỰA CẠNH RAY,,,
1951,,,,,RON LÔNG CẠNH RAY,,,
1952,,,,,ĐỨC AL595 - VK,,,
1953,,,,,ĐỨC AL595 - VK,,,
1954,,,,,ĐỨC AL595 - VK,,,
1955,,,,,ĐỨC AL595 - VK,,,
1956,,,,,ĐỨC AL595 - VK,,,
1957,,,,,ĐỨC AL595 - VK,,,
1958,,,,,ĐỨC AL595 - VK,,,
1959,,,,,ĐỨC AL595 - VK,,,
1960,,,,,ĐỨC AL595 - MSK,,,
1961,,,,,ĐỨC AL595 - MSK,,,
1962,,,,,ĐỨC AL595 - MSK,,,
1963,,,,,ĐỨC AL595 - MSK,,,
1964,,,,,ĐỨC AL595 - MSK,,,
1965,,,,,ĐỨC AL595 - MSK,,,
1966,,,,,ĐỨC AL595 - MSK,,,
1967,,,,,ĐỨC AL595 - MSK,,,
1968,,,,,ĐỨC AL70 (2 LỚP) - MSK,,,
1969,,,,,ĐỨC AL70 (2 LỚP) - MSK,,,
1970,,,,,ĐỨC AL70 (2 LỚP) - MSK,,,
1971,,,,,ĐỨC AL70 (2 LỚP) - MSK,,,
1972,,,,,ĐỨC AL70 (2 LỚP) - MSK,,,
1973,,,,,ĐỨC AL70 (2 LỚP) - MSK,,,
1974,,,,,ĐỨC AL70 (2 LỚP) - MSK,,,
1975,,,,,ĐỨC AL70 (2 LỚP) - GS,,,
1976,,,,,ĐỨC AL70 (2 LỚP) - GS,,,
1977,,,,,ĐỨC AL70 (2 LỚP) - GS,,,
1978,,,,,ĐỨC AL70 (2 LỚP) - GS,,,
1979,,,,,ĐỨC AL70 (2 LỚP) - GS,,,
1980,,,,,ĐỨC AL70 (2 LỚP) - GS,,,
1982,,,PHU KIEN CUA UC,,,,,
1983,,,#REF!,,,,,
2008,,,PULY UC 114,,,,,
2034,,,TIỀN CÔNG LẮP ĐẶT,TIỀN CÔNG LẮP ĐẶT,TIỀN CÔNG LẮP ĐẶT,,,
2035,,,TIỀN CÔNG CẮT LẠI CỬA,TIỀN CÔNG CẮT LẠI CỬA,TIỀN CÔNG CẮT LẠI CỬA,,,
2113,,,PHỤ KIỆN MOTOR JG,,,,,
2114,,,CHI PHÍ VẬN CHUYỂN,CPVC,CHI PHÍ VẬN CHUYỂN,,,
2138,,,MŨI MÀI HỘP KIM,MŨI MÀI HỘP KIM,MŨI MÀI HỘP KIM,CÁI,,
2677,,349.0,LÁ SIÊU TRƯỜNG 1LY_XN-VK,NVL-TON-DL9.2Dx175-XNVK,LÁ SIÊU TRƯỜNG 1LY_XN-VK,M2,,440000.0
2678,,,LÁ SIÊU TRƯỜNG 175_XN-VK_9D,NVL-TOLEKEM175_1LY_MSK,LÁ ĐÀI LOAN STĐ MSK 1.2LY_TRỌN BỘ 3-4m²,M2,,
2680,,350.0,LÁ SIÊU TRƯỜNG STĐ 1.1LY_MSK,NVL-TOLEKEM175_8D-9D_STD_MSK,LÁ ĐÀI LOAN 1.1LY_MSK,M2,,490000.0
2681,,351.0,LÁ SIÊU TRƯỜNG STĐ 1.2LY_MSK,NVL-TON-ST-1LYx175-_MSK,LÁ ĐÀI LOAN 1.2LY_MSK,M2,,520000.0
2682,,352.0,LÁ SIÊU TRƯỜNG STĐ 1.3LY_MSK,NVL-TON-ST-1LYx175-_MSK,LÁ ĐÀI LOAN 1.2LY_MSK,M2,,520000.0
2683,,353.0,LÁ SIÊU TRƯỜNG STĐ 1.3LY_MSK,NVL-TON-ST-1LYx175-_MSK,LÁ ĐÀI LOAN 1.2LY_MSK,M2,,520000.0
2684,,354.0,TP LÁ RUỘT  AL71N VK,TP LÁ RUỘT  AL71N VK,TP LÁ RUỘT  AL71N VK,M2,,1178000.0
2685,,355.0,TP  LÁ ĐỨC AL70 (2 lớp) - GS,TP  LÁ ĐỨC AL70 (2 lớp) - GS,TP  LÁ ĐỨC AL70 (2 lớp) - GS,M2,,909000.0
2686,,356.0,CROMATE 3+,CROMATE 3+,CROMATE 3+,KG,,
2687,,357.0,TẨY NHÔM,TẨY NHÔM,TẨY NHÔM,KG,,
2929,,,Mua nguyên vật liệu,,,,,
2930,,,Chi Lương,,,,,
2931,,,Chi thưởng NLĐ,,,,,
2932,,,Chi phí banking,,,,,
2933,,,Chi nộp bảo hiểm,,,,,
2934,,,Chi trả phát hành bảo lãnh ngân hàng,,,,,
2935,,,Chi mua văn phòng phẩm,,,,,
2936,,,Chi trả tiền chuyển phát nhanh ,,,,,
2937,,,Chi trả công tác phí cho NLĐ,,,,,
2938,,,"Hoàn trả lại khách hàng do đổi trả, không lấy hàng hoặc chuyển nhầm",,,,,
2939,,,"Chi phí sử dụng Xe hơi, xăng xe, bảo dưỡng, chi phí cầu đường",,,,,
2940,,,Quỹ tiền mặt Kế toán quản lý,,,,,
2941,,,Rút tiền mặt,,,,,
2942,,,"Thuế (VAT, TNDN, nộp ngân sách nhà nước...)",,,,,
2944,,,"Tiền thuê nhà, tiền điện nước",,,,,
2945,,,"Chi phí giao lưu, tiếp khách",,,,,
2946,,,"Chi mua các vật tư, trang thiết bị văn phòng, bảo hộ lao động…",,,,,
2947,,,Chi trả tiền lãi vay,,,,,
2948,,,Các chi phí khác ,,,,,
2949,,,Chủ sở hữu rút vốn,,,,,
6889,,,Tiền lãi gửi Ngân hàng,,,,,
6890,,,Tiền thu khác,,,,,
6891,,,Nộp tiền mặt vào tài khoản ngân hàng,,,,,
6892,,,Khoản vay vốn kinh doanh,,,,,
6901,,,Nộp tiền mặt vào tài khoản ngân hàng,,,,,
6902,,,Khoản vay vốn kinh doanh,,,,,
6903,,,Mua nguyên vật liệu,,,,,
6904,,,Chi Lương,,,,,
6905,,,Chi thưởng NLĐ,,,,,
6906,,,Chi phí banking,,,,,
6907,,,Chi nộp bảo hiểm,,,,,
6908,,,Chi trả phát hành bảo lãnh ngân hàng,,,,,
6909,,,Chi mua văn phòng phẩm,,,,,
6910,,,Chi trả tiền chuyển phát nhanh ,,,,,
6911,,,Chi trả công tác phí cho NLĐ,,,,,
6912,,,"Hoàn trả lại khách hàng do đổi trả, không lấy hàng hoặc chuyển nhầm",,,,,
6913,,,"Chi phí sử dụng Xe hơi, xăng xe, bảo dưỡng, chi phí cầu đường",,,,,
6914,,,Quỹ tiền mặt Kế toán quản lý,,,,,
6915,,,Rút tiền mặt,,,,,
6916,,,"Thuế (VAT, TNDN, nộp ngân sách nhà nước...)",,,,,
6917,,,"Tiền thuê nhà, tiền điện nước",,,,,
6918,,,"Chi phí giao lưu, tiếp khách",,,,,
6919,,,"Chi mua các vật tư, trang thiết bị văn phòng, bảo hộ lao động…",,,,,
6920,,,Chi trả tiền lãi vay,,,,,
6921,,,Các chi phí khác ,,,,,
9456,,,Chi Lương,,,,,
9457,,,Chi thưởng NLĐ,,,,,
9458,,,Chi phí banking,,,,,
9459,,,Chi nộp bảo hiểm,,,,,
9460,,,Chi trả phát hành bảo lãnh ngân hàng,,,,,
9461,,,Chi mua văn phòng phẩm,,,,,
9462,,,Chi trả tiền chuyển phát nhanh ,,,,,
9463,,,Chi trả công tác phí cho NLĐ,,,,,
9464,,,"Hoàn trả lại khách hàng do đổi trả, không lấy hàng hoặc chuyển nhầm",,,,,
9465,,,"Chi phí sử dụng Xe hơi, xăng xe, bảo dưỡng, chi phí cầu đường",,,,,
9466,,,Quỹ tiền mặt Kế toán quản lý,,,,,
9467,,,Rút tiền mặt,,,,,
9468,,,"Thuế (VAT, TNDN, nộp ngân sách nhà nước...)",,,,,
9469,,,"Tiền thuê nhà, tiền điện nước",,,,,
9470,,,"Chi phí giao lưu, tiếp khách",,,,,
9471,,,"Chi mua các vật tư, trang thiết bị văn phòng, bảo hộ lao động…",,,,,
9472,,,Chi trả tiền lãi vay,,,,,
9473,,,Các chi phí khác ,,,,,
9474,,,Thu tiền từ bán hàng,,,,,
9475,,,Thu hồi công nợ,,,,,
9476,,,Tiền lãi gửi Ngân hàng,,,,,
9477,,,Tiền thu khác,,,,,
9478,,,Nộp tiền mặt vào tài khoản ngân hàng,,,,,
9479,,,Khoản vay vốn kinh doanh,,,,,
9480,,,Tổng cộng,,,,,
9481,,,Tổng Tiền mặt Hiện có (trước khi rút tiền mặt),,,,,
